,times(seconds),yaw,pitch,roll
0,0.0,-1.26,-4.74,-1.56
1,0.020043694817261308,-1.26,-4.73,-1.56
2,0.040087389634522616,-1.26,-4.73,-1.56
3,0.060131084451783924,-1.27,-4.73,-1.56
4,0.08017477926904523,-1.26,-4.73,-1.56
5,0.10021847408630655,-1.27,-4.74,-1.56
6,0.12026216890356785,-1.27,-4.74,-1.56
7,0.14030586372082915,-1.27,-4.74,-1.56
8,0.16034955853809046,-1.27,-4.74,-1.56
9,0.18039325335535178,-1.26,-4.73,-1.56
10,0.2004369481726131,-1.26,-4.73,-1.56
11,0.22048064298987438,-1.26,-4.73,-1.56
12,0.2405243378071357,-1.26,-4.74,-1.56
13,0.260568032624397,-1.26,-4.74,-1.56
14,0.2806117274416583,-1.26,-4.74,-1.56
15,0.3006554222589196,-1.27,-4.74,-1.55
16,0.32069911707618093,-1.26,-4.73,-1.55
17,0.34074281189344224,-1.26,-4.74,-1.55
18,0.36078650671070356,-1.26,-4.73,-1.55
19,0.3808302015279649,-1.26,-4.74,-1.55
20,0.4008738963452262,-1.26,-4.74,-1.55
21,0.42091759116248745,-1.26,-4.73,-1.55
22,0.44096128597974876,-1.26,-4.73,-1.55
23,0.4610049807970101,-1.26,-4.73,-1.55
24,0.4810486756142714,-1.27,-4.73,-1.56
25,0.5010923704315327,-1.26,-4.73,-1.56
26,0.521136065248794,-1.26,-4.73,-1.56
27,0.5411797600660553,-1.26,-4.73,-1.56
28,0.5612234548833166,-1.26,-4.73,-1.56
29,0.5812671497005779,-1.26,-4.73,-1.56
30,0.6013108445178392,-1.26,-4.73,-1.56
31,0.6213545393351005,-1.26,-4.74,-1.56
32,0.6413982341523619,-1.26,-4.74,-1.56
33,0.6614419289696232,-1.26,-4.74,-1.56
34,0.6814856237868845,-1.26,-4.74,-1.56
35,0.7015293186041458,-1.26,-4.73,-1.55
36,0.7215730134214071,-1.27,-4.73,-1.56
37,0.7416167082386684,-1.26,-4.73,-1.56
38,0.7616604030559297,-1.26,-4.73,-1.56
39,0.7817040978731911,-1.26,-4.74,-1.56
40,0.8017477926904524,-1.26,-4.74,-1.56
41,0.8217914875077136,-1.26,-4.74,-1.56
42,0.8418351823249749,-1.26,-4.74,-1.56
43,0.8618788771422362,-1.27,-4.74,-1.56
44,0.8819225719594975,-1.26,-4.74,-1.56
45,0.9019662667767588,-1.26,-4.74,-1.56
46,0.9220099615940202,-1.26,-4.74,-1.56
47,0.9420536564112815,-1.26,-4.74,-1.55
48,0.9620973512285428,-1.26,-4.74,-1.55
49,0.9821410460458041,-1.26,-4.73,-1.55
50,1.0021847408630653,-1.26,-4.74,-1.56
51,1.0222284356803266,-1.26,-4.74,-1.56
52,1.042272130497588,-1.26,-4.74,-1.56
53,1.0623158253148492,-1.26,-4.74,-1.56
54,1.0823595201321106,-1.26,-4.74,-1.56
55,1.1024032149493719,-1.26,-4.74,-1.56
56,1.1224469097666332,-1.27,-4.74,-1.56
57,1.1424906045838945,-1.26,-4.74,-1.56
58,1.1625342994011558,-1.26,-4.74,-1.56
59,1.1825779942184171,-1.26,-4.74,-1.55
60,1.2026216890356785,-1.26,-4.74,-1.55
61,1.2226653838529398,-1.26,-4.74,-1.56
62,1.242709078670201,-1.27,-4.74,-1.56
63,1.2627527734874624,-1.26,-4.74,-1.56
64,1.2827964683047237,-1.26,-4.74,-1.56
65,1.302840163121985,-1.27,-4.74,-1.56
66,1.3228838579392463,-1.26,-4.74,-1.56
67,1.3429275527565077,-1.26,-4.74,-1.56
68,1.362971247573769,-1.27,-4.74,-1.56
69,1.3830149423910303,-1.26,-4.73,-1.56
70,1.4030586372082916,-1.27,-4.74,-1.56
71,1.423102332025553,-1.26,-4.73,-1.56
72,1.4431460268428142,-1.26,-4.74,-1.55
73,1.4631897216600755,-1.27,-4.73,-1.55
74,1.4832334164773369,-1.27,-4.7,-1.54
75,1.5032771112945982,-1.24,-4.54,-1.62
76,1.5233208061118595,-1.17,-4.46,-1.68
77,1.5433645009291208,-1.18,-4.56,-1.66
78,1.5634081957463821,-1.18,-4.56,-1.66
79,1.5834518905636434,-1.19,-4.37,-1.64
80,1.6034955853809048,-1.25,-4.51,-1.65
81,1.6235392801981658,-1.25,-4.66,-1.64
82,1.6435829750154272,-1.29,-4.62,-1.62
83,1.6636266698326885,-1.27,-4.72,-1.65
84,1.6836703646499498,-1.33,-4.87,-1.64
85,1.703714059467211,-1.43,-4.77,-1.62
86,1.7237577542844724,-1.37,-4.77,-1.62
87,1.7438014491017337,-1.33,-4.87,-1.62
88,1.763845143918995,-1.4,-4.82,-1.62
89,1.7838888387362564,-1.35,-4.7,-1.6
90,1.8039325335535177,-1.31,-4.6,-1.59
91,1.823976228370779,-1.3,-4.54,-1.67
92,1.8440199231880403,-1.3,-4.59,-1.7
93,1.8640636180053016,-1.31,-4.5,-1.65
94,1.884107312822563,-1.28,-4.42,-1.64
95,1.9041510076398243,-1.33,-4.6,-1.65
96,1.9241947024570856,-1.37,-4.54,-1.61
97,1.9442383972743469,-1.31,-4.48,-1.58
98,1.9642820920916082,-1.31,-4.63,-1.59
99,1.9843257869088695,-1.38,-4.6,-1.56
100,2.0043694817261306,-1.34,-4.49,-1.55
101,2.024413176543392,-1.34,-4.58,-1.51
102,2.0444568713606532,-1.39,-4.56,-1.46
103,2.0645005661779146,-1.28,-4.42,-1.47
104,2.084544260995176,-1.21,-4.33,-1.5
105,2.104587955812437,-1.24,-4.36,-1.56
106,2.1246316506296985,-1.3,-4.31,-1.52
107,2.14467534544696,-1.31,-4.2,-1.47
108,2.164719040264221,-1.32,-4.3,-1.48
109,2.1847627350814824,-1.38,-4.33,-1.42
110,2.2048064298987438,-1.35,-4.23,-1.37
111,2.224850124716005,-1.28,-4.32,-1.33
112,2.2448938195332664,-1.31,-4.39,-1.31
113,2.2649375143505277,-1.2,-4.34,-1.39
114,2.284981209167789,-1.28,-4.4,-1.34
115,2.3050249039850503,-1.33,-4.25,-1.31
116,2.3250685988023116,-1.22,-4.17,-1.33
117,2.345112293619573,-1.21,-4.29,-1.36
118,2.3651559884368343,-1.3,-4.22,-1.32
119,2.3851996832540956,-1.25,-4.07,-1.33
120,2.405243378071357,-1.22,-4.18,-1.42
121,2.4252870728886182,-1.31,-4.19,-1.38
122,2.4453307677058795,-1.27,-4.11,-1.37
123,2.465374462523141,-1.23,-4.31,-1.41
124,2.485418157340402,-1.39,-4.35,-1.36
125,2.5054618521576635,-1.38,-4.25,-1.36
126,2.525505546974925,-1.25,-4.32,-1.42
127,2.545549241792186,-1.38,-4.34,-1.38
128,2.5655929366094474,-1.34,-4.21,-1.37
129,2.5856366314267087,-1.21,-4.17,-1.43
130,2.60568032624397,-1.28,-4.24,-1.44
131,2.6257240210612314,-1.31,-4.16,-1.42
132,2.6457677158784927,-1.21,-4.07,-1.45
133,2.665811410695754,-1.26,-4.2,-1.47
134,2.6858551055130153,-1.37,-4.19,-1.37
135,2.7058988003302766,-1.3,-4.13,-1.41
136,2.725942495147538,-1.34,-4.25,-1.45
137,2.7459861899647993,-1.45,-4.23,-1.38
138,2.7660298847820606,-1.46,-4.26,-1.29
139,2.786073579599322,-1.31,-4.17,-1.34
140,2.806117274416583,-1.23,-4.2,-1.43
141,2.8261609692338445,-1.32,-4.22,-1.38
142,2.846204664051106,-1.29,-4.13,-1.35
143,2.866248358868367,-1.23,-4.12,-1.42
144,2.8862920536856285,-1.29,-4.14,-1.37
145,2.90633574850289,-1.3,-4.1,-1.29
146,2.926379443320151,-1.22,-4.13,-1.42
147,2.9464231381374124,-1.3,-4.19,-1.4
148,2.9664668329546737,-1.34,-4.19,-1.3
149,2.986510527771935,-1.22,-4.19,-1.43
150,3.0065542225891964,-1.31,-4.23,-1.4
151,3.0265979174064577,-1.34,-4.21,-1.31
152,3.046641612223719,-1.18,-4.18,-1.43
153,3.0666853070409803,-1.25,-4.14,-1.43
154,3.0867290018582416,-1.35,-4.14,-1.3
155,3.106772696675503,-1.25,-4.13,-1.35
156,3.1268163914927642,-1.25,-4.1,-1.45
157,3.1468600863100256,-1.32,-4.1,-1.36
158,3.166903781127287,-1.26,-4.1,-1.5
159,3.186947475944548,-1.35,-4.14,-1.4
160,3.2069911707618095,-1.32,-4.16,-1.36
161,3.2270348655790704,-1.33,-4.16,-1.46
162,3.2470785603963317,-1.35,-4.21,-1.4
163,3.267122255213593,-1.29,-4.24,-1.35
164,3.2871659500308543,-1.33,-4.2,-1.47
165,3.3072096448481156,-1.35,-4.14,-1.47
166,3.327253339665377,-1.32,-4.18,-1.38
167,3.3472970344826383,-1.28,-4.21,-1.44
168,3.3673407292998996,-1.27,-4.13,-1.46
169,3.387384424117161,-1.26,-4.15,-1.38
170,3.407428118934422,-1.27,-4.21,-1.45
171,3.4274718137516835,-1.32,-4.14,-1.49
172,3.447515508568945,-1.32,-4.17,-1.41
173,3.467559203386206,-1.29,-4.24,-1.41
174,3.4876028982034675,-1.35,-4.2,-1.44
175,3.507646593020729,-1.34,-4.24,-1.34
176,3.52769028783799,-1.28,-4.32,-1.34
177,3.5477339826552514,-1.33,-4.25,-1.41
178,3.5677776774725127,-1.33,-4.2,-1.38
179,3.587821372289774,-1.25,-4.29,-1.33
180,3.6078650671070354,-1.26,-4.28,-1.43
181,3.6279087619242967,-1.32,-4.18,-1.43
182,3.647952456741558,-1.29,-4.24,-1.31
183,3.6679961515588193,-1.26,-4.27,-1.41
184,3.6880398463760806,-1.32,-4.18,-1.43
185,3.708083541193342,-1.26,-4.37,-1.38
186,3.7281272360106033,-1.31,-4.28,-1.43
187,3.7481709308278646,-1.3,-4.29,-1.36
188,3.768214625645126,-1.22,-4.41,-1.37
189,3.788258320462387,-1.31,-4.32,-1.44
190,3.8083020152796485,-1.3,-4.28,-1.4
191,3.82834571009691,-1.23,-4.4,-1.39
192,3.848389404914171,-1.28,-4.33,-1.44
193,3.8684330997314325,-1.3,-4.24,-1.42
194,3.8884767945486938,-1.28,-4.33,-1.37
195,3.908520489365955,-1.26,-4.33,-1.45
196,3.9285641841832164,-1.29,-4.23,-1.47
197,3.9486078790004777,-1.29,-4.3,-1.39
198,3.968651573817739,-1.3,-4.38,-1.45
199,3.9886952686350003,-1.36,-4.3,-1.49
200,4.008738963452261,-1.29,-4.33,-1.4
201,4.028782658269523,-1.24,-4.43,-1.43
202,4.048826353086784,-1.38,-4.38,-1.49
203,4.068870047904046,-1.31,-4.38,-1.39
204,4.0889137427213065,-1.25,-4.55,-1.32
205,4.108957437538568,-1.3,-4.55,-1.35
206,4.129001132355829,-1.33,-4.42,-1.45
207,4.149044827173091,-1.28,-4.4,-1.4
208,4.169088521990352,-1.4,-4.47,-1.3
209,4.1891322168076135,-1.35,-4.46,-1.37
210,4.209175911624874,-1.27,-4.38,-1.45
211,4.229219606442136,-1.28,-4.33,-1.47
212,4.249263301259397,-1.33,-4.3,-1.48
213,4.269306996076659,-1.38,-4.38,-1.42
214,4.28935069089392,-1.31,-4.42,-1.41
215,4.309394385711181,-1.26,-4.38,-1.46
216,4.329438080528442,-1.3,-4.38,-1.45
217,4.349481775345704,-1.32,-4.44,-1.35
218,4.369525470162965,-1.33,-4.53,-1.25
219,4.389569164980227,-1.34,-4.52,-1.23
220,4.4096128597974875,-1.29,-4.51,-1.29
221,4.429656554614749,-1.25,-4.48,-1.35
222,4.44970024943201,-1.24,-4.45,-1.38
223,4.469743944249272,-1.24,-4.4,-1.39
224,4.489787639066533,-1.28,-4.35,-1.4
225,4.5098313338837945,-1.28,-4.35,-1.37
226,4.529875028701055,-1.33,-4.41,-1.31
227,4.549918723518317,-1.33,-4.43,-1.27
228,4.569962418335578,-1.27,-4.44,-1.31
229,4.59000611315284,-1.19,-4.44,-1.39
230,4.610049807970101,-1.11,-4.43,-1.42
231,4.630093502787362,-1.08,-4.41,-1.43
232,4.650137197604623,-1.1,-4.4,-1.42
233,4.670180892421885,-1.16,-4.39,-1.37
234,4.690224587239146,-1.26,-4.41,-1.3
235,4.710268282056408,-1.39,-4.43,-1.25
236,4.7303119768736686,-1.52,-4.45,-1.22
237,4.75035567169093,-1.6,-4.45,-1.2
238,4.770399366508191,-1.55,-4.46,-1.22
239,4.790443061325453,-1.47,-4.47,-1.29
240,4.810486756142714,-1.37,-4.46,-1.33
241,4.830530450959976,-1.3,-4.45,-1.35
242,4.8505741457772364,-1.27,-4.44,-1.35
243,4.870617840594498,-1.25,-4.42,-1.36
244,4.890661535411759,-1.23,-4.4,-1.35
245,4.910705230229021,-1.25,-4.4,-1.33
246,4.930748925046282,-1.33,-4.41,-1.3
247,4.9507926198635435,-1.44,-4.43,-1.26
248,4.970836314680804,-1.57,-4.45,-1.23
249,4.990880009498066,-1.68,-4.46,-1.22
250,5.010923704315327,-1.75,-4.45,-1.22
251,5.030967399132589,-1.77,-4.45,-1.22
252,5.05101109394985,-1.72,-4.46,-1.24
253,5.071054788767111,-1.66,-4.47,-1.28
254,5.091098483584372,-1.6,-4.48,-1.3
255,5.111142178401634,-1.56,-4.49,-1.32
256,5.131185873218895,-1.54,-4.48,-1.34
257,5.151229568036156,-1.56,-4.47,-1.35
258,5.1712732628534175,-1.55,-4.46,-1.36
259,5.191316957670678,-1.55,-4.45,-1.35
260,5.21136065248794,-1.56,-4.45,-1.35
261,5.231404347305201,-1.56,-4.44,-1.35
262,5.251448042122463,-1.55,-4.43,-1.35
263,5.271491736939724,-1.56,-4.43,-1.35
264,5.291535431756985,-1.55,-4.42,-1.35
265,5.311579126574246,-1.55,-4.41,-1.36
266,5.331622821391508,-1.57,-4.41,-1.35
267,5.351666516208769,-1.59,-4.4,-1.35
268,5.371710211026031,-1.64,-4.41,-1.33
269,5.3917539058432915,-1.72,-4.41,-1.33
270,5.411797600660553,-1.86,-4.4,-1.33
271,5.431841295477814,-2.02,-4.4,-1.32
272,5.451884990295076,-2.18,-4.4,-1.31
273,5.471928685112337,-2.3,-4.4,-1.3
274,5.4919723799295985,-2.36,-4.4,-1.29
275,5.512016074746859,-2.38,-4.4,-1.29
276,5.532059769564121,-2.37,-4.4,-1.29
277,5.552103464381382,-2.37,-4.4,-1.29
278,5.572147159198644,-2.38,-4.4,-1.28
279,5.592190854015905,-2.37,-4.4,-1.29
280,5.612234548833166,-2.38,-4.41,-1.29
281,5.632278243650427,-2.42,-4.42,-1.33
282,5.652321938467689,-2.4,-4.39,-1.39
283,5.67236563328495,-2.44,-4.39,-1.41
284,5.692409328102212,-2.46,-4.44,-1.4
285,5.7124530229194725,-2.43,-4.54,-1.39
286,5.732496717736734,-2.23,-4.46,-1.43
287,5.752540412553995,-2.2,-4.4,-1.49
288,5.772584107371257,-2.19,-4.48,-1.48
289,5.792627802188518,-2.26,-4.42,-1.45
290,5.81267149700578,-2.42,-4.34,-1.43
291,5.83271519182304,-2.39,-4.45,-1.39
292,5.852758886640302,-2.26,-4.42,-1.43
293,5.872802581457563,-2.44,-4.33,-1.42
294,5.892846276274825,-2.53,-4.36,-1.25
295,5.912889971092086,-2.41,-4.47,-1.24
296,5.9329336659093475,-2.4,-4.41,-1.42
297,5.952977360726608,-2.42,-4.43,-1.27
298,5.97302105554387,-2.42,-4.43,-1.27
299,5.993064750361131,-2.39,-4.42,-1.47
300,6.013108445178393,-2.43,-4.43,-1.49
301,6.033152139995654,-2.39,-4.46,-1.36
302,6.053195834812915,-2.44,-4.41,-1.4
303,6.073239529630176,-2.43,-4.41,-1.41
304,6.093283224447438,-2.39,-4.42,-1.33
305,6.113326919264699,-2.39,-4.42,-1.33
306,6.133370614081961,-2.48,-4.43,-1.31
307,6.1534143088992215,-2.4,-4.46,-1.27
308,6.173458003716483,-2.43,-4.42,-1.33
309,6.193501698533744,-2.51,-4.42,-1.33
310,6.213545393351006,-2.43,-4.5,-1.26
311,6.233589088168267,-2.35,-4.47,-1.34
312,6.2536327829855285,-2.51,-4.4,-1.39
313,6.273676477802789,-2.46,-4.46,-1.33
314,6.293720172620051,-2.26,-4.49,-1.34
315,6.313763867437312,-2.4,-4.43,-1.38
316,6.333807562254574,-2.43,-4.44,-1.31
317,6.353851257071835,-2.31,-4.46,-1.38
318,6.373894951889096,-2.41,-4.41,-1.33
319,6.393938646706357,-2.44,-4.44,-1.18
320,6.413982341523619,-2.3,-4.42,-1.43
321,6.43402603634088,-2.39,-4.39,-1.46
322,6.454069731158141,-2.46,-4.44,-1.28
323,6.4741134259754025,-2.33,-4.48,-1.48
324,6.494157120792663,-2.43,-4.46,-1.53
325,6.514200815609925,-2.45,-4.47,-1.35
326,6.534244510427186,-2.34,-4.49,-1.43
327,6.554288205244448,-2.41,-4.47,-1.52
328,6.574331900061709,-2.47,-4.42,-1.42
329,6.59437559487897,-2.4,-4.43,-1.47
330,6.614419289696231,-2.36,-4.44,-1.49
331,6.634462984513493,-2.44,-4.33,-1.36
332,6.654506679330754,-2.41,-4.36,-1.38
333,6.674550374148016,-2.38,-4.38,-1.4
334,6.6945940689652765,-2.44,-4.32,-1.35
335,6.714637763782538,-2.36,-4.37,-1.37
336,6.734681458599799,-2.35,-4.4,-1.33
337,6.754725153417061,-2.46,-4.34,-1.29
338,6.774768848234322,-2.41,-4.38,-1.34
339,6.7948125430515836,-2.39,-4.44,-1.33
340,6.814856237868844,-2.43,-4.36,-1.33
341,6.834899932686106,-2.39,-4.38,-1.26
342,6.854943627503367,-2.4,-4.42,-1.23
343,6.874987322320629,-2.45,-4.36,-1.27
344,6.89503101713789,-2.42,-4.39,-1.21
345,6.915074711955151,-2.36,-4.39,-1.19
346,6.935118406772412,-2.4,-4.34,-1.25
347,6.955162101589674,-2.39,-4.32,-1.17
348,6.975205796406935,-2.36,-4.35,-1.18
349,6.995249491224197,-2.44,-4.34,-1.22
350,7.015293186041458,-2.38,-4.41,-1.12
351,7.035336880858719,-2.36,-4.38,-1.14
352,7.05538057567598,-2.47,-4.35,-1.13
353,7.075424270493242,-2.39,-4.4,-1.1
354,7.095467965310503,-2.38,-4.35,-1.22
355,7.115511660127765,-2.48,-4.33,-1.15
356,7.1355553549450255,-2.39,-4.35,-1.25
357,7.155599049762287,-2.46,-4.31,-1.14
358,7.175642744579548,-2.37,-4.32,-1.23
359,7.19568643939681,-2.41,-4.3,-1.33
360,7.215730134214071,-2.4,-4.28,-1.24
361,7.2357738290313325,-2.38,-4.31,-1.29
362,7.255817523848593,-2.47,-4.29,-1.23
363,7.275861218665855,-2.38,-4.32,-1.16
364,7.295904913483116,-2.42,-4.31,-1.33
365,7.315948608300378,-2.47,-4.28,-1.26
366,7.335992303117639,-2.32,-4.32,-1.25
367,7.3560359979349,-2.4,-4.33,-1.33
368,7.376079692752161,-2.43,-4.28,-1.21
369,7.396123387569423,-2.36,-4.31,-1.29
370,7.416167082386684,-2.44,-4.33,-1.29
371,7.436210777203946,-2.43,-4.3,-1.2
372,7.4562544720212065,-2.37,-4.36,-1.27
373,7.476298166838468,-2.46,-4.36,-1.18
374,7.496341861655729,-2.44,-4.29,-1.16
375,7.516385556472991,-2.42,-4.38,-1.17
376,7.536429251290252,-2.46,-4.33,-1.05
377,7.5564729461075135,-2.45,-4.37,-1.19
378,7.576516640924774,-2.42,-4.33,-1.04
379,7.596560335742036,-2.4,-4.34,-1.15
380,7.616604030559297,-2.45,-4.36,-1.12
381,7.636647725376559,-2.41,-4.35,-1.1
382,7.65669142019382,-2.45,-4.35,-1.06
383,7.676735115011081,-2.47,-4.34,-0.95
384,7.696778809828342,-2.38,-4.34,-1.07
385,7.716822504645603,-2.43,-4.37,-1.09
386,7.736866199462865,-2.44,-4.33,-1.03
387,7.756909894280126,-2.41,-4.36,-1.12
388,7.7769535890973875,-2.49,-4.35,-1.08
389,7.796997283914648,-2.35,-4.33,-1.11
390,7.81704097873191,-2.42,-4.35,-1.2
391,7.837084673549171,-2.45,-4.33,-1.13
392,7.857128368366433,-2.34,-4.35,-1.19
393,7.877172063183694,-2.46,-4.36,-1.12
394,7.897215758000955,-2.34,-4.36,-1.04
395,7.917259452818216,-2.39,-4.33,-1.15
396,7.937303147635478,-2.46,-4.34,-1.08
397,7.957346842452739,-2.33,-4.34,-1.12
398,7.977390537270001,-2.42,-4.31,-1.11
399,7.997434232087262,-2.36,-4.39,-1.03
400,8.017477926904522,-2.36,-4.3,-1.11
401,8.037521621721785,-2.44,-4.31,-1.07
402,8.057565316539046,-2.36,-4.42,-1.02
403,8.077609011356307,-2.43,-4.33,-1.03
404,8.097652706173568,-2.48,-4.34,-0.92
405,8.11769640099083,-2.37,-4.42,-0.92
406,8.137740095808091,-2.46,-4.43,-0.89
407,8.157783790625352,-2.54,-4.32,-0.9
408,8.177827485442613,-2.44,-4.39,-0.97
409,8.197871180259876,-2.33,-4.49,-0.96
410,8.217914875077136,-2.34,-4.44,-0.9
411,8.237958569894397,-2.41,-4.33,-0.89
412,8.258002264711658,-2.5,-4.34,-0.96
413,8.27804595952892,-2.4,-4.44,-0.94
414,8.298089654346182,-2.34,-4.43,-0.83
415,8.318133349163443,-2.4,-4.41,-0.77
416,8.338177043980703,-2.54,-4.35,-0.8
417,8.358220738797966,-2.61,-4.34,-0.89
418,8.378264433615227,-2.58,-4.37,-0.84
419,8.398308128432488,-2.48,-4.36,-0.77
420,8.418351823249749,-2.33,-4.38,-0.81
421,8.438395518067011,-2.2,-4.38,-0.79
422,8.458439212884272,-2.01,-4.39,-0.78
423,8.478482907701533,-1.85,-4.38,-0.81
424,8.498526602518794,-1.65,-4.41,-0.84
425,8.518570297336057,-1.39,-4.4,-0.88
426,8.538613992153318,-1.11,-4.4,-0.91
427,8.558657686970578,-0.78,-4.4,-0.94
428,8.57870138178784,-0.43,-4.39,-0.98
429,8.598745076605102,-0.1,-4.38,-1.02
430,8.618788771422363,0.19,-4.37,-1.05
431,8.638832466239624,0.41,-4.36,-1.08
432,8.658876161056885,0.61,-4.36,-1.1
433,8.678919855874147,0.76,-4.36,-1.12
434,8.698963550691408,0.86,-4.36,-1.13
435,8.719007245508669,0.89,-4.36,-1.14
436,8.73905094032593,0.86,-4.36,-1.14
437,8.759094635143192,0.85,-4.36,-1.14
438,8.779138329960453,0.86,-4.36,-1.14
439,8.799182024777714,0.87,-4.35,-1.14
440,8.819225719594975,0.86,-4.35,-1.14
441,8.839269414412238,0.86,-4.35,-1.14
442,8.859313109229499,0.86,-4.35,-1.14
443,8.87935680404676,0.86,-4.35,-1.14
444,8.89940049886402,0.84,-4.35,-1.13
445,8.919444193681283,0.82,-4.35,-1.12
446,8.939487888498544,0.79,-4.36,-1.11
447,8.959531583315805,0.73,-4.36,-1.1
448,8.979575278133066,0.68,-4.36,-1.1
449,8.999618972950326,0.65,-4.35,-1.1
450,9.019662667767589,0.62,-4.35,-1.1
451,9.03970636258485,0.61,-4.35,-1.1
452,9.05975005740211,0.61,-4.35,-1.1
453,9.079793752219372,0.62,-4.35,-1.11
454,9.099837447036634,0.62,-4.35,-1.1
455,9.119881141853895,0.62,-4.35,-1.1
456,9.139924836671156,0.63,-4.35,-1.1
457,9.159968531488417,0.62,-4.35,-1.1
458,9.18001222630568,0.62,-4.35,-1.1
459,9.20005592112294,0.62,-4.35,-1.1
460,9.220099615940201,0.62,-4.35,-1.1
461,9.240143310757462,0.62,-4.35,-1.1
462,9.260187005574725,0.62,-4.35,-1.1
463,9.280230700391986,0.62,-4.35,-1.1
464,9.300274395209247,0.62,-4.35,-1.1
465,9.320318090026507,0.62,-4.35,-1.1
466,9.34036178484377,0.62,-4.35,-1.1
467,9.360405479661031,0.62,-4.35,-1.1
468,9.380449174478292,0.62,-4.35,-1.1
469,9.400492869295553,0.62,-4.34,-1.1
470,9.420536564112815,0.62,-4.34,-1.1
471,9.440580258930076,0.62,-4.34,-1.09
472,9.460623953747337,0.62,-4.34,-1.09
473,9.480667648564598,0.59,-4.37,-1.09
474,9.50071134338186,0.6,-4.42,-1.08
475,9.520755038199122,0.56,-4.51,-1.03
476,9.540798733016382,0.65,-4.57,-1.02
477,9.560842427833643,0.76,-4.61,-1.01
478,9.580886122650906,0.75,-4.58,-0.95
479,9.600929817468167,0.7,-4.55,-0.94
480,9.620973512285428,0.64,-4.48,-1.06
481,9.641017207102689,0.66,-4.4,-1.1
482,9.661060901919951,0.72,-4.38,-1.05
483,9.681104596737212,0.59,-4.29,-1.17
484,9.701148291554473,0.53,-4.21,-1.22
485,9.721191986371734,0.65,-4.19,-1.22
486,9.741235681188996,0.61,-4.16,-1.33
487,9.761279376006257,0.53,-4.17,-1.36
488,9.781323070823518,0.62,-4.18,-1.23
489,9.801366765640779,0.61,-4.19,-1.2
490,9.821410460458042,0.5,-4.24,-1.29
491,9.841454155275303,0.51,-4.29,-1.32
492,9.861497850092563,0.59,-4.34,-1.18
493,9.881541544909824,0.56,-4.37,-1.12
494,9.901585239727087,0.48,-4.36,-1.27
495,9.921628934544348,0.49,-4.32,-1.24
496,9.941672629361609,0.57,-4.28,-1.08
497,9.96171632417887,0.57,-4.27,-1.2
498,9.981760018996132,0.58,-4.18,-1.17
499,10.001803713813393,0.63,-4.13,-1.11
500,10.021847408630654,0.56,-4.16,-1.24
501,10.041891103447915,0.57,-4.23,-1.18
502,10.061934798265177,0.52,-4.33,-1.19
503,10.081978493082438,0.59,-4.35,-1.06
504,10.1020221878997,0.58,-4.34,-1.08
505,10.12206588271696,0.48,-4.38,-1.18
506,10.142109577534223,0.54,-4.33,-1.09
507,10.162153272351484,0.59,-4.26,-1.02
508,10.182196967168744,0.54,-4.3,-1.06
509,10.202240661986005,0.57,-4.22,-0.96
510,10.222284356803268,0.59,-4.14,-1.01
511,10.242328051620529,0.59,-4.22,-1.1
512,10.26237174643779,0.62,-4.19,-0.94
513,10.28241544125505,0.61,-4.16,-1.02
514,10.302459136072311,0.53,-4.25,-1.1
515,10.322502830889574,0.57,-4.24,-0.92
516,10.342546525706835,0.65,-4.23,-0.93
517,10.362590220524096,0.49,-4.29,-1.08
518,10.382633915341357,0.5,-4.3,-0.96
519,10.40267761015862,0.64,-4.29,-0.91
520,10.42272130497588,0.48,-4.29,-1.02
521,10.442764999793141,0.53,-4.26,-1.01
522,10.462808694610402,0.58,-4.23,-1.03
523,10.482852389427665,0.59,-4.22,-0.96
524,10.502896084244925,0.68,-4.24,-0.89
525,10.522939779062186,0.68,-4.23,-0.98
526,10.542983473879447,0.71,-4.3,-0.86
527,10.56302716869671,0.63,-4.31,-1.07
528,10.58307086351397,0.49,-4.35,-1.12
529,10.603114558331232,0.49,-4.35,-1.12
530,10.623158253148492,0.63,-4.41,-0.98
531,10.643201947965755,0.49,-4.4,-1.05
532,10.663245642783016,0.59,-4.39,-0.93
533,10.683289337600277,0.63,-4.33,-1.04
534,10.703333032417538,0.63,-4.33,-1.04
535,10.7233767272348,0.6,-4.27,-1.04
536,10.743420422052061,0.66,-4.28,-1.06
537,10.763464116869322,0.6,-4.37,-0.94
538,10.783507811686583,0.57,-4.31,-1.11
539,10.803551506503846,0.58,-4.36,-1.1
540,10.823595201321107,0.6,-4.42,-0.93
541,10.843638896138367,0.58,-4.38,-1.11
542,10.863682590955628,0.54,-4.32,-1.11
543,10.883726285772891,0.64,-4.35,-0.95
544,10.903769980590152,0.63,-4.38,-1.07
545,10.923813675407413,0.47,-4.37,-1.06
546,10.943857370224674,0.63,-4.31,-1.0
547,10.963901065041936,0.62,-4.32,-1.06
548,10.983944759859197,0.55,-4.3,-1.01
549,11.003988454676458,0.6,-4.22,-1.11
550,11.024032149493719,0.6,-4.22,-1.16
551,11.044075844310981,0.55,-4.21,-1.17
552,11.064119539128242,0.57,-4.24,-1.26
553,11.084163233945503,0.59,-4.27,-1.17
554,11.104206928762764,0.62,-4.24,-1.21
555,11.124250623580027,0.53,-4.31,-1.34
556,11.144294318397288,0.5,-4.3,-1.22
557,11.164338013214548,0.63,-4.29,-1.22
558,11.18438170803181,0.55,-4.36,-1.25
559,11.204425402849072,0.59,-4.34,-1.17
560,11.224469097666333,0.58,-4.23,-1.25
561,11.244512792483594,0.59,-4.18,-1.31
562,11.264556487300855,0.62,-4.21,-1.37
563,11.284600182118117,0.6,-4.2,-1.24
564,11.304643876935378,0.58,-4.19,-1.32
565,11.324687571752639,0.58,-4.18,-1.29
566,11.3447312665699,0.64,-4.21,-1.2
567,11.364774961387162,0.63,-4.28,-1.32
568,11.384818656204423,0.54,-4.27,-1.26
569,11.404862351021684,0.64,-4.31,-1.21
570,11.424906045838945,0.57,-4.32,-1.35
571,11.444949740656208,0.52,-4.29,-1.24
572,11.464993435473469,0.64,-4.29,-1.27
573,11.48503713029073,0.59,-4.17,-1.26
574,11.50508082510799,0.54,-4.22,-1.19
575,11.525124519925253,0.58,-4.22,-1.25
576,11.545168214742514,0.65,-4.2,-1.17
577,11.565211909559775,0.62,-4.18,-1.27
578,11.585255604377036,0.59,-4.11,-1.27
579,11.605299299194296,0.63,-4.19,-1.17
580,11.62534299401156,0.6,-4.18,-1.33
581,11.64538668882882,0.56,-4.25,-1.27
582,11.66543038364608,0.68,-4.41,-1.18
583,11.685474078463342,0.6,-4.33,-1.29
584,11.705517773280604,0.52,-4.4,-1.22
585,11.725561468097865,0.64,-4.43,-1.19
586,11.745605162915126,0.57,-4.35,-1.24
587,11.765648857732387,0.5,-4.4,-1.24
588,11.78569255254965,0.55,-4.32,-1.26
589,11.80573624736691,0.63,-4.26,-1.28
590,11.825779942184171,0.67,-4.18,-1.3
591,11.845823637001432,0.69,-4.14,-1.34
592,11.865867331818695,0.69,-4.26,-1.32
593,11.885911026635956,0.65,-4.38,-1.29
594,11.905954721453217,0.64,-4.43,-1.33
595,11.925998416270478,0.65,-4.4,-1.31
596,11.94604211108774,0.65,-4.5,-1.3
597,11.966085805905001,0.62,-4.65,-1.27
598,11.986129500722262,0.55,-4.67,-1.25
599,12.006173195539523,0.51,-4.57,-1.27
600,12.026216890356785,0.54,-4.57,-1.26
601,12.046260585174046,0.61,-4.63,-1.22
602,12.066304279991307,0.55,-4.59,-1.17
603,12.086347974808568,0.51,-4.41,-1.21
604,12.10639166962583,0.56,-4.28,-1.32
605,12.126435364443092,0.64,-4.37,-1.33
606,12.146479059260352,0.66,-4.48,-1.33
607,12.166522754077613,0.63,-4.71,-1.33
608,12.186566448894876,0.65,-4.68,-1.33
609,12.206610143712137,0.66,-4.67,-1.33
610,12.226653838529398,0.63,-4.7,-1.32
611,12.246697533346659,0.64,-4.67,-1.32
612,12.266741228163921,0.7,-4.63,-1.31
613,12.286784922981182,0.74,-4.59,-1.3
614,12.306828617798443,0.78,-4.55,-1.29
615,12.326872312615704,0.78,-4.52,-1.31
616,12.346916007432966,0.74,-4.5,-1.35
617,12.366959702250227,0.72,-4.49,-1.35
618,12.387003397067488,0.74,-4.5,-1.34
619,12.407047091884749,0.74,-4.51,-1.34
620,12.427090786702012,0.73,-4.52,-1.33
621,12.447134481519273,0.73,-4.53,-1.33
622,12.467178176336533,0.74,-4.54,-1.32
623,12.487221871153794,0.74,-4.55,-1.32
624,12.507265565971057,0.74,-4.56,-1.32
625,12.527309260788318,0.74,-4.57,-1.31
626,12.547352955605579,0.74,-4.58,-1.31
627,12.56739665042284,0.74,-4.58,-1.31
628,12.587440345240102,0.74,-4.58,-1.3
629,12.607484040057363,0.74,-4.59,-1.3
630,12.627527734874624,0.74,-4.59,-1.3
631,12.647571429691885,0.74,-4.59,-1.3
632,12.667615124509148,0.74,-4.59,-1.3
633,12.687658819326408,0.74,-4.58,-1.31
634,12.70770251414367,0.74,-4.58,-1.31
635,12.72774620896093,0.74,-4.58,-1.32
636,12.747789903778193,0.74,-4.57,-1.32
637,12.767833598595454,0.74,-4.57,-1.32
638,12.787877293412715,0.74,-4.56,-1.33
639,12.807920988229975,0.74,-4.56,-1.33
640,12.827964683047238,0.74,-4.55,-1.33
641,12.848008377864499,0.74,-4.55,-1.33
642,12.86805207268176,0.74,-4.55,-1.33
643,12.88809576749902,0.74,-4.55,-1.33
644,12.908139462316282,0.74,-4.55,-1.33
645,12.928183157133544,0.74,-4.55,-1.33
646,12.948226851950805,0.74,-4.55,-1.33
647,12.968270546768066,0.74,-4.55,-1.33
648,12.988314241585327,0.74,-4.55,-1.33
649,13.00835793640259,0.74,-4.55,-1.33
650,13.02840163121985,0.73,-4.55,-1.33
651,13.048445326037111,0.72,-4.56,-1.32
652,13.068489020854372,0.7,-4.58,-1.31
653,13.088532715671635,0.69,-4.59,-1.29
654,13.108576410488896,0.7,-4.61,-1.28
655,13.128620105306156,0.71,-4.62,-1.28
656,13.148663800123417,0.71,-4.63,-1.27
657,13.16870749494068,0.71,-4.64,-1.27
658,13.18875118975794,0.72,-4.65,-1.27
659,13.208794884575202,0.73,-4.65,-1.26
660,13.228838579392463,0.77,-4.64,-1.23
661,13.248882274209725,0.7,-4.64,-1.17
662,13.268925969026986,0.56,-4.68,-1.17
663,13.288969663844247,0.29,-4.67,-1.29
664,13.309013358661508,0.15,-4.73,-1.24
665,13.32905705347877,0.06,-4.78,-1.25
666,13.349100748296031,0.1,-4.73,-1.23
667,13.369144443113292,0.24,-4.77,-1.21
668,13.389188137930553,0.38,-4.72,-1.37
669,13.409231832747816,0.43,-4.67,-1.41
670,13.429275527565077,0.54,-4.68,-1.33
671,13.449319222382337,0.61,-4.79,-1.46
672,13.469362917199598,0.65,-4.79,-1.55
673,13.489406612016861,0.7,-4.78,-1.39
674,13.509450306834122,0.79,-4.81,-1.42
675,13.529494001651383,0.82,-4.79,-1.54
676,13.549537696468644,0.86,-4.79,-1.49
677,13.569581391285906,0.84,-4.83,-1.32
678,13.589625086103167,0.83,-4.85,-1.33
679,13.609668780920428,0.82,-4.82,-1.45
680,13.629712475737689,0.8,-4.84,-1.33
681,13.649756170554951,0.81,-4.86,-1.26
682,13.669799865372212,0.86,-4.85,-1.45
683,13.689843560189473,0.9,-4.89,-1.58
684,13.709887255006734,0.88,-4.86,-1.5
685,13.729930949823997,0.88,-4.88,-1.64
686,13.749974644641258,0.86,-4.85,-1.76
687,13.770018339458518,0.83,-4.86,-1.58
688,13.79006203427578,0.82,-4.86,-1.57
689,13.810105729093042,0.76,-4.89,-1.75
690,13.830149423910303,0.79,-4.94,-1.7
691,13.850193118727564,0.87,-4.91,-1.54
692,13.870236813544825,0.79,-4.88,-1.64
693,13.890280508362087,0.69,-4.96,-1.68
694,13.910324203179348,0.7,-4.91,-1.54
695,13.930367897996609,0.73,-4.82,-1.62
696,13.95041159281387,0.69,-4.91,-1.68
697,13.970455287631133,0.72,-4.9,-1.57
698,13.990498982448393,0.79,-4.82,-1.61
699,14.010542677265654,0.7,-4.91,-1.69
700,14.030586372082915,0.74,-4.88,-1.6
701,14.050630066900178,0.84,-4.84,-1.59
702,14.070673761717439,0.69,-4.94,-1.64
703,14.0907174565347,0.65,-4.97,-1.63
704,14.11076115135196,0.74,-4.91,-1.57
705,14.130804846169221,0.63,-4.97,-1.55
706,14.150848540986484,0.65,-4.97,-1.64
707,14.170892235803745,0.73,-4.9,-1.62
708,14.190935930621006,0.7,-4.92,-1.61
709,14.210979625438267,0.69,-4.87,-1.69
710,14.23102332025553,0.67,-4.87,-1.64
711,14.25106701507279,0.63,-4.91,-1.61
712,14.271110709890051,0.61,-4.87,-1.71
713,14.291154404707312,0.64,-4.9,-1.62
714,14.311198099524574,0.74,-4.89,-1.67
715,14.331241794341835,0.63,-4.85,-1.73
716,14.351285489159096,0.58,-4.91,-1.54
717,14.371329183976357,0.74,-4.94,-1.62
718,14.39137287879362,0.6,-4.98,-1.68
719,14.41141657361088,0.62,-4.95,-1.56
720,14.431460268428141,0.78,-4.94,-1.59
721,14.451503963245402,0.59,-4.98,-1.62
722,14.471547658062665,0.71,-4.96,-1.54
723,14.491591352879926,0.81,-4.92,-1.64
724,14.511635047697187,0.62,-4.91,-1.68
725,14.531678742514448,0.73,-4.89,-1.62
726,14.55172243733171,0.74,-4.97,-1.65
727,14.571766132148971,0.6,-4.95,-1.63
728,14.591809826966232,0.75,-4.88,-1.62
729,14.611853521783493,0.73,-4.96,-1.68
730,14.631897216600755,0.66,-4.95,-1.6
731,14.651940911418016,0.72,-4.93,-1.59
732,14.671984606235277,0.66,-5.01,-1.62
733,14.692028301052538,0.66,-4.98,-1.56
734,14.7120719958698,0.73,-5.0,-1.5
735,14.732115690687062,0.69,-5.06,-1.51
736,14.752159385504322,0.72,-4.99,-1.51
737,14.772203080321583,0.69,-5.02,-1.5
738,14.792246775138846,0.69,-5.01,-1.49
739,14.812290469956107,0.66,-5.0,-1.49
740,14.832334164773368,0.64,-4.98,-1.42
741,14.852377859590629,0.65,-5.02,-1.38
742,14.872421554407891,0.7,-5.08,-1.46
743,14.892465249225152,0.67,-4.99,-1.42
744,14.912508944042413,0.68,-5.02,-1.37
745,14.932552638859674,0.68,-5.06,-1.4
746,14.952596333676937,0.6,-5.07,-1.3
747,14.972640028494197,0.7,-5.08,-1.3
748,14.992683723311458,0.72,-5.06,-1.32
749,15.01272741812872,0.64,-5.07,-1.28
750,15.032771112945982,0.76,-5.11,-1.35
751,15.052814807763243,0.66,-5.13,-1.31
752,15.072858502580504,0.65,-5.14,-1.3
753,15.092902197397764,0.73,-5.15,-1.42
754,15.112945892215027,0.63,-5.15,-1.37
755,15.132989587032288,0.76,-5.14,-1.36
756,15.153033281849549,0.67,-5.22,-1.43
757,15.17307697666681,0.64,-5.18,-1.38
758,15.193120671484072,0.76,-5.17,-1.45
759,15.213164366301333,0.63,-5.22,-1.41
760,15.233208061118594,0.73,-5.19,-1.37
761,15.253251755935855,0.75,-5.25,-1.47
762,15.273295450753118,0.62,-5.23,-1.42
763,15.293339145570378,0.73,-5.22,-1.43
764,15.31338284038764,0.67,-5.28,-1.42
765,15.3334265352049,0.68,-5.23,-1.38
766,15.353470230022163,0.78,-5.25,-1.47
767,15.373513924839424,0.61,-5.27,-1.42
768,15.393557619656685,0.7,-5.23,-1.42
769,15.413601314473945,0.58,-5.26,-1.43
770,15.433645009291206,0.69,-5.25,-1.46
771,15.453688704108469,0.58,-5.32,-1.44
772,15.47373239892573,0.64,-5.26,-1.38
773,15.49377609374299,0.64,-5.26,-1.38
774,15.513819788560252,0.65,-5.3,-1.41
775,15.533863483377514,0.69,-5.28,-1.37
776,15.553907178194775,0.67,-5.28,-1.37
777,15.573950873012036,0.59,-5.27,-1.39
778,15.593994567829297,0.67,-5.29,-1.46
779,15.61403826264656,0.69,-5.33,-1.44
780,15.63408195746382,0.68,-5.29,-1.46
781,15.654125652281081,0.76,-5.25,-1.54
782,15.674169347098342,0.75,-5.35,-1.51
783,15.694213041915605,0.68,-5.33,-1.53
784,15.714256736732866,0.7,-5.3,-1.57
785,15.734300431550126,0.77,-5.28,-1.49
786,15.754344126367387,0.75,-5.29,-1.44
787,15.77438782118465,0.64,-5.34,-1.44
788,15.79443151600191,0.65,-5.32,-1.46
789,15.814475210819172,0.7,-5.28,-1.43
790,15.834518905636433,0.75,-5.27,-1.46
791,15.854562600453695,0.67,-5.36,-1.44
792,15.874606295270956,0.61,-5.38,-1.43
793,15.894649990088217,0.65,-5.3,-1.38
794,15.914693684905478,0.82,-5.22,-1.5
795,15.93473737972274,0.87,-5.24,-1.62
796,15.954781074540001,0.85,-5.27,-1.62
797,15.974824769357262,0.8,-5.3,-1.56
798,15.994868464174523,0.77,-5.3,-1.55
799,16.014912158991784,0.8,-5.31,-1.52
800,16.034955853809045,0.81,-5.3,-1.5
801,16.05499954862631,1.1,-5.23,-1.53
802,16.07504324344357,1.1,-5.23,-1.53
803,16.09508693826083,1.64,-5.22,-1.62
804,16.115130633078092,1.97,-5.23,-1.66
805,16.135174327895353,2.29,-5.27,-1.67
806,16.155218022712614,2.52,-5.3,-1.67
807,16.175261717529875,2.62,-5.31,-1.67
808,16.195305412347135,2.59,-5.31,-1.66
809,16.2153491071644,2.52,-5.31,-1.65
810,16.23539280198166,2.45,-5.31,-1.66
811,16.25543649679892,2.38,-5.31,-1.66
812,16.275480191616182,2.29,-5.3,-1.67
813,16.295523886433443,2.21,-5.3,-1.67
814,16.315567581250704,2.14,-5.3,-1.67
815,16.335611276067965,2.1,-5.29,-1.66
816,16.355654970885226,2.11,-5.3,-1.66
817,16.37569866570249,2.12,-5.31,-1.66
818,16.39574236051975,2.12,-5.31,-1.66
819,16.415786055337012,2.12,-5.32,-1.66
820,16.435829750154273,2.13,-5.32,-1.66
821,16.455873444971534,2.12,-5.33,-1.66
822,16.475917139788795,2.12,-5.33,-1.65
823,16.495960834606056,2.13,-5.34,-1.65
824,16.516004529423316,2.13,-5.34,-1.65
825,16.53604822424058,2.12,-5.35,-1.64
826,16.55609191905784,2.12,-5.35,-1.64
827,16.576135613875103,2.12,-5.36,-1.64
828,16.596179308692363,2.12,-5.36,-1.64
829,16.616223003509624,2.13,-5.37,-1.64
830,16.636266698326885,2.13,-5.37,-1.64
831,16.656310393144146,2.13,-5.38,-1.64
832,16.676354087961407,2.13,-5.38,-1.64
833,16.696397782778668,2.14,-5.39,-1.64
834,16.716441477595932,2.14,-5.39,-1.64
835,16.736485172413193,2.14,-5.39,-1.64
836,16.756528867230454,2.14,-5.4,-1.64
837,16.776572562047715,2.14,-5.41,-1.64
838,16.796616256864976,2.15,-5.41,-1.64
839,16.816659951682237,2.14,-5.41,-1.64
840,16.836703646499497,2.15,-5.41,-1.64
841,16.85674734131676,2.14,-5.41,-1.64
842,16.876791036134023,2.14,-5.41,-1.64
843,16.896834730951284,2.14,-5.41,-1.63
844,16.916878425768545,2.14,-5.41,-1.63
845,16.936922120585805,2.14,-5.41,-1.64
846,16.956965815403066,2.14,-5.41,-1.64
847,16.977009510220327,2.14,-5.41,-1.64
848,16.997053205037588,2.14,-5.41,-1.64
849,17.01709689985485,2.14,-5.41,-1.64
850,17.037140594672113,2.15,-5.41,-1.64
851,17.057184289489374,2.15,-5.39,-1.62
852,17.077227984306635,2.11,-5.31,-1.62
853,17.097271679123896,2.09,-5.21,-1.62
854,17.117315373941157,1.98,-5.2,-1.53
855,17.137359068758418,1.87,-5.25,-1.48
856,17.15740276357568,1.98,-5.18,-1.56
857,17.17744645839294,2.24,-5.2,-1.67
858,17.197490153210204,2.31,-5.29,-1.58
859,17.217533848027465,2.17,-5.26,-1.51
860,17.237577542844726,2.27,-5.26,-1.65
861,17.257621237661986,2.23,-5.4,-1.58
862,17.277664932479247,2.02,-5.39,-1.42
863,17.297708627296508,2.12,-5.32,-1.58
864,17.31775232211377,2.16,-5.43,-1.61
865,17.33779601693103,2.03,-5.45,-1.43
866,17.357839711748294,2.09,-5.31,-1.47
867,17.377883406565555,2.14,-5.29,-1.58
868,17.397927101382816,2.09,-5.34,-1.55
869,17.417970796200077,2.02,-5.29,-1.45
870,17.438014491017338,2.08,-5.17,-1.42
871,17.4580581858346,2.2,-5.1,-1.54
872,17.47810188065186,2.19,-5.12,-1.5
873,17.49814557546912,2.09,-5.1,-1.41
874,17.518189270286385,2.12,-5.09,-1.41
875,17.538232965103646,2.1,-5.2,-1.33
876,17.558276659920907,2.02,-5.19,-1.19
877,17.578320354738167,2.07,-5.15,-1.3
878,17.59836404955543,2.09,-5.25,-1.32
879,17.61840774437269,2.03,-5.26,-1.19
880,17.63845143918995,2.12,-5.12,-1.25
881,17.65849513400721,2.21,-5.14,-1.39
882,17.678538828824475,2.11,-5.24,-1.28
883,17.698582523641736,2.08,-5.15,-1.18
884,17.718626218458997,2.13,-5.01,-1.26
885,17.738669913276258,2.21,-5.03,-1.36
886,17.75871360809352,2.07,-5.09,-1.26
887,17.77875730291078,2.08,-5.03,-1.27
888,17.79880099772804,2.19,-5.06,-1.38
889,17.8188446925453,2.05,-5.18,-1.25
890,17.838888387362566,2.03,-5.14,-1.26
891,17.858932082179827,2.08,-5.19,-1.39
892,17.878975776997088,2.1,-5.12,-1.25
893,17.89901947181435,2.18,-5.08,-1.41
894,17.91906316663161,2.1,-5.14,-1.36
895,17.93910686144887,2.09,-5.1,-1.26
896,17.95915055626613,2.12,-5.02,-1.31
897,17.979194251083392,2.12,-5.04,-1.32
898,17.999237945900653,2.15,-5.05,-1.37
899,18.019281640717917,2.17,-5.08,-1.43
900,18.039325335535178,2.03,-5.12,-1.31
901,18.05936903035244,2.12,-5.11,-1.38
902,18.0794127251697,2.11,-5.14,-1.42
903,18.09945641998696,1.98,-5.16,-1.28
904,18.11950011480422,2.11,-5.12,-1.36
905,18.139543809621482,2.09,-5.12,-1.42
906,18.159587504438743,1.96,-5.16,-1.28
907,18.179631199256008,2.05,-5.12,-1.25
908,18.19967489407327,2.16,-5.07,-1.34
909,18.21971858889053,2.12,-5.04,-1.32
910,18.23976228370779,2.11,-5.08,-1.26
911,18.25980597852505,2.12,-5.07,-1.33
912,18.279849673342312,2.05,-5.07,-1.26
913,18.299893368159573,2.1,-5.12,-1.23
914,18.319937062976834,2.14,-5.13,-1.29
915,18.3399807577941,2.04,-5.13,-1.23
916,18.36002445261136,2.13,-5.22,-1.22
917,18.38006814742862,2.12,-5.13,-1.27
918,18.40011184224588,2.14,-5.2,-1.26
919,18.420155537063142,2.14,-5.15,-1.32
920,18.440199231880403,2.11,-5.06,-1.32
921,18.460242926697664,2.19,-5.1,-1.26
922,18.480286621514924,2.19,-5.09,-1.3
923,18.50033031633219,2.12,-5.02,-1.31
924,18.52037401114945,2.16,-5.09,-1.28
925,18.54041770596671,2.13,-5.15,-1.31
926,18.56046140078397,2.13,-5.15,-1.31
927,18.580505095601232,2.05,-5.2,-1.28
928,18.600548790418493,2.09,-5.25,-1.3
929,18.620592485235754,2.04,-5.16,-1.32
930,18.640636180053015,2.11,-5.21,-1.3
931,18.66067987487028,2.11,-5.21,-1.3
932,18.68072356968754,2.06,-5.16,-1.25
933,18.7007672645048,2.17,-5.15,-1.36
934,18.720810959322062,2.15,-5.25,-1.34
935,18.740854654139323,2.11,-5.18,-1.3
936,18.760898348956584,2.2,-5.15,-1.39
937,18.780942043773845,2.07,-5.24,-1.33
938,18.800985738591105,2.04,-5.18,-1.27
939,18.82102943340837,2.04,-5.18,-1.27
940,18.84107312822563,2.03,-5.27,-1.31
941,18.86111682304289,2.02,-5.23,-1.27
942,18.881160517860152,2.13,-5.23,-1.35
943,18.901204212677413,2.04,-5.27,-1.27
944,18.921247907494674,2.09,-5.24,-1.27
945,18.941291602311935,2.19,-5.24,-1.42
946,18.961335297129196,2.09,-5.27,-1.34
947,18.98137899194646,2.08,-5.2,-1.28
948,19.00142268676372,2.15,-5.17,-1.4
949,19.021466381580982,2.09,-5.22,-1.28
950,19.041510076398243,2.12,-5.2,-1.24
951,19.061553771215504,2.19,-5.22,-1.45
952,19.081597466032765,2.03,-5.29,-1.33
953,19.101641160850026,2.05,-5.29,-1.29
954,19.121684855667286,2.13,-5.27,-1.43
955,19.14172855048455,2.0,-5.33,-1.3
956,19.161772245301812,2.12,-5.34,-1.31
957,19.181815940119073,2.16,-5.31,-1.41
958,19.201859634936334,2.08,-5.32,-1.29
959,19.221903329753594,2.14,-5.32,-1.31
960,19.241947024570855,2.16,-5.3,-1.42
961,19.261990719388116,2.08,-5.29,-1.34
962,19.282034414205377,2.15,-5.3,-1.32
963,19.302078109022638,2.15,-5.28,-1.44
964,19.322121803839902,2.04,-5.29,-1.36
965,19.342165498657163,2.13,-5.27,-1.44
966,19.362209193474424,2.03,-5.31,-1.32
967,19.382252888291685,2.11,-5.4,-1.35
968,19.402296583108946,2.09,-5.38,-1.44
969,19.422340277926207,2.04,-5.38,-1.35
970,19.442383972743468,2.13,-5.43,-1.35
971,19.46242766756073,2.11,-5.4,-1.42
972,19.482471362377993,2.05,-5.39,-1.34
973,19.502515057195254,2.11,-5.37,-1.33
974,19.522558752012515,2.13,-5.34,-1.44
975,19.542602446829775,2.07,-5.35,-1.38
976,19.562646141647036,2.13,-5.34,-1.37
977,19.582689836464297,2.13,-5.34,-1.45
978,19.602733531281558,2.01,-5.41,-1.33
979,19.62277722609882,2.12,-5.5,-1.25
980,19.642820920916083,2.15,-5.55,-1.35
981,19.662864615733344,2.02,-5.56,-1.38
982,19.682908310550605,2.05,-5.57,-1.25
983,19.702952005367866,2.09,-5.54,-1.22
984,19.722995700185127,2.04,-5.5,-1.35
985,19.743039395002388,2.14,-5.48,-1.37
986,19.76308308981965,2.12,-5.47,-1.27
987,19.78312678463691,2.07,-5.43,-1.18
988,19.803170479454174,2.18,-5.4,-1.28
989,19.823214174271435,2.26,-5.46,-1.34
990,19.843257869088696,2.13,-5.51,-1.26
991,19.863301563905956,2.08,-5.54,-1.2
992,19.883345258723217,2.07,-5.53,-1.26
993,19.903388953540478,2.14,-5.54,-1.33
994,19.92343264835774,2.24,-5.57,-1.39
995,19.943476343175,2.22,-5.58,-1.38
996,19.963520037992264,2.13,-5.56,-1.32
997,19.983563732809525,2.11,-5.51,-1.29
998,20.003607427626786,2.19,-5.48,-1.28
999,20.023651122444047,2.18,-5.52,-1.26
1000,20.043694817261308,2.14,-5.5,-1.27
1001,20.06373851207857,2.12,-5.5,-1.27
1002,20.08378220689583,2.11,-5.5,-1.27
1003,20.10382590171309,2.13,-5.46,-1.28
1004,20.123869596530355,2.11,-5.45,-1.29
1005,20.143913291347616,2.1,-5.44,-1.29
1006,20.163956986164877,2.11,-5.42,-1.29
1007,20.184000680982138,2.13,-5.41,-1.3
1008,20.2040443757994,2.16,-5.41,-1.31
1009,20.22408807061666,2.16,-5.4,-1.32
1010,20.24413176543392,2.16,-5.39,-1.33
1011,20.26417546025118,2.17,-5.39,-1.33
1012,20.284219155068445,2.19,-5.39,-1.34
1013,20.304262849885706,2.24,-5.39,-1.35
1014,20.324306544702967,2.32,-5.39,-1.37
1015,20.344350239520228,2.43,-5.39,-1.38
1016,20.36439393433749,2.51,-5.39,-1.37
1017,20.38443762915475,2.52,-5.4,-1.37
1018,20.40448132397201,2.5,-5.4,-1.37
1019,20.42452501878927,2.5,-5.39,-1.37
1020,20.444568713606536,2.51,-5.39,-1.37
1021,20.464612408423797,2.51,-5.38,-1.37
1022,20.484656103241058,2.5,-5.38,-1.37
1023,20.50469979805832,2.51,-5.37,-1.37
1024,20.52474349287558,2.51,-5.38,-1.36
1025,20.54478718769284,2.5,-5.38,-1.36
1026,20.5648308825101,2.5,-5.38,-1.36
1027,20.584874577327362,2.5,-5.39,-1.36
1028,20.604918272144623,2.5,-5.39,-1.36
1029,20.624961966961887,2.5,-5.39,-1.36
1030,20.645005661779148,2.5,-5.39,-1.36
1031,20.66504935659641,2.5,-5.4,-1.36
1032,20.68509305141367,2.5,-5.4,-1.35
1033,20.70513674623093,2.5,-5.41,-1.35
1034,20.72518044104819,2.5,-5.41,-1.35
1035,20.745224135865453,2.5,-5.41,-1.35
1036,20.765267830682713,2.5,-5.41,-1.35
1037,20.785311525499978,2.5,-5.41,-1.35
1038,20.80535522031724,2.5,-5.41,-1.35
1039,20.8253989151345,2.5,-5.41,-1.35
1040,20.84544260995176,2.5,-5.41,-1.35
1041,20.86548630476902,2.5,-5.41,-1.35
1042,20.885529999586282,2.5,-5.4,-1.35
1043,20.905573694403543,2.5,-5.4,-1.35
1044,20.925617389220804,2.5,-5.4,-1.35
1045,20.94566108403807,2.5,-5.4,-1.35
1046,20.96570477885533,2.5,-5.4,-1.35
1047,20.98574847367259,2.5,-5.4,-1.35
1048,21.00579216848985,2.5,-5.4,-1.35
1049,21.025835863307112,2.48,-5.41,-1.35
1050,21.045879558124373,2.46,-5.41,-1.36
1051,21.065923252941634,2.51,-5.4,-1.42
1052,21.085966947758894,2.52,-5.4,-1.46
1053,21.10601064257616,2.56,-5.45,-1.48
1054,21.12605433739342,2.7,-5.54,-1.51
1055,21.14609803221068,2.99,-5.53,-1.46
1056,21.16614172702794,3.08,-5.46,-1.57
1057,21.186185421845202,2.9,-5.49,-1.6
1058,21.206229116662463,2.73,-5.48,-1.53
1059,21.226272811479724,2.66,-5.47,-1.52
1060,21.246316506296985,2.65,-5.48,-1.41
1061,21.26636020111425,2.57,-5.37,-1.4
1062,21.28640389593151,2.43,-5.46,-1.43
1063,21.30644759074877,2.37,-5.42,-1.32
1064,21.326491285566032,2.29,-5.4,-1.41
1065,21.346534980383293,2.36,-5.51,-1.45
1066,21.366578675200554,2.43,-5.58,-1.39
1067,21.386622370017815,2.43,-5.52,-1.41
1068,21.406666064835076,2.26,-5.45,-1.47
1069,21.42670975965234,2.25,-5.56,-1.47
1070,21.4467534544696,2.35,-5.58,-1.41
1071,21.46679714928686,2.3,-5.45,-1.41
1072,21.486840844104123,2.33,-5.52,-1.37
1073,21.506884538921383,2.45,-5.57,-1.35
1074,21.526928233738644,2.33,-5.43,-1.44
1075,21.546971928555905,2.24,-5.42,-1.37
1076,21.567015623373166,2.36,-5.55,-1.34
1077,21.58705931819043,2.38,-5.44,-1.46
1078,21.60710301300769,2.3,-5.41,-1.43
1079,21.627146707824952,2.37,-5.54,-1.35
1080,21.647190402642213,2.47,-5.58,-1.45
1081,21.667234097459474,2.35,-5.44,-1.51
1082,21.687277792276735,2.36,-5.5,-1.38
1083,21.707321487093996,2.56,-5.6,-1.4
1084,21.727365181911257,2.49,-5.51,-1.51
1085,21.74740887672852,2.39,-5.51,-1.36
1086,21.767452571545782,2.54,-5.55,-1.41
1087,21.787496266363043,2.48,-5.53,-1.53
1088,21.807539961180304,2.41,-5.56,-1.35
1089,21.827583655997564,2.52,-5.56,-1.4
1090,21.847627350814825,2.46,-5.58,-1.5
1091,21.867671045632086,2.39,-5.6,-1.36
1092,21.887714740449347,2.48,-5.58,-1.37
1093,21.907758435266608,2.46,-5.58,-1.51
1094,21.927802130083872,2.43,-5.56,-1.45
1095,21.947845824901133,2.49,-5.5,-1.4
1096,21.967889519718394,2.45,-5.59,-1.51
1097,21.987933214535655,2.41,-5.56,-1.46
1098,22.007976909352916,2.45,-5.46,-1.38
1099,22.028020604170177,2.52,-5.5,-1.43
1100,22.048064298987438,2.48,-5.52,-1.47
1101,22.0681079938047,2.43,-5.41,-1.43
1102,22.088151688621963,2.51,-5.43,-1.47
1103,22.108195383439224,2.47,-5.53,-1.41
1104,22.128239078256485,2.45,-5.42,-1.42
1105,22.148282773073745,2.51,-5.45,-1.46
1106,22.168326467891006,2.43,-5.52,-1.4
1107,22.188370162708267,2.43,-5.44,-1.39
1108,22.208413857525528,2.5,-5.51,-1.35
1109,22.22845755234279,2.5,-5.56,-1.28
1110,22.248501247160053,2.47,-5.44,-1.33
1111,22.268544941977314,2.51,-5.51,-1.36
1112,22.288588636794575,2.43,-5.5,-1.22
1113,22.308632331611836,2.49,-5.51,-1.26
1114,22.328676026429097,2.42,-5.41,-1.26
1115,22.348719721246358,2.44,-5.53,-1.11
1116,22.36876341606362,2.5,-5.5,-1.2
1117,22.38880711088088,2.45,-5.44,-1.2
1118,22.408850805698144,2.52,-5.52,-1.18
1119,22.428894500515405,2.51,-5.45,-1.3
1120,22.448938195332666,2.44,-5.42,-1.21
1121,22.468981890149927,2.55,-5.53,-1.23
1122,22.489025584967187,2.5,-5.47,-1.29
1123,22.50906927978445,2.48,-5.47,-1.19
1124,22.52911297460171,2.58,-5.53,-1.27
1125,22.54915666941897,2.45,-5.43,-1.3
1126,22.569200364236234,2.43,-5.47,-1.22
1127,22.589244059053495,2.48,-5.5,-1.32
1128,22.609287753870756,2.39,-5.41,-1.23
1129,22.629331448688017,2.48,-5.48,-1.21
1130,22.649375143505278,2.48,-5.52,-1.37
1131,22.66941883832254,2.39,-5.42,-1.3
1132,22.6894625331398,2.5,-5.5,-1.31
1133,22.70950622795706,2.46,-5.52,-1.36
1134,22.729549922774325,2.4,-5.45,-1.25
1135,22.749593617591586,2.52,-5.51,-1.35
1136,22.769637312408847,2.47,-5.49,-1.35
1137,22.789681007226108,2.43,-5.41,-1.26
1138,22.80972470204337,2.5,-5.51,-1.37
1139,22.82976839686063,2.41,-5.51,-1.27
1140,22.84981209167789,2.45,-5.44,-1.24
1141,22.86985578649515,2.47,-5.52,-1.33
1142,22.889899481312415,2.4,-5.5,-1.22
1143,22.909943176129676,2.53,-5.54,-1.25
1144,22.929986870946937,2.45,-5.54,-1.26
1145,22.950030565764198,2.37,-5.5,-1.16
1146,22.97007426058146,2.49,-5.57,-1.2
1147,22.99011795539872,2.43,-5.54,-1.13
1148,23.01016165021598,2.42,-5.48,-1.16
1149,23.03020534503324,2.5,-5.58,-1.17
1150,23.050249039850506,2.48,-5.55,-1.07
1151,23.070292734667767,2.5,-5.55,-1.13
1152,23.090336429485028,2.49,-5.57,-1.15
1153,23.11038012430229,2.44,-5.5,-1.11
1154,23.13042381911955,2.53,-5.61,-1.15
1155,23.15046751393681,2.48,-5.63,-1.09
1156,23.17051120875407,2.48,-5.53,-1.12
1157,23.190554903571332,2.55,-5.63,-1.21
1158,23.210598598388593,2.45,-5.56,-1.14
1159,23.230642293205857,2.48,-5.57,-1.17
1160,23.25068598802312,2.46,-5.58,-1.15
1161,23.27072968284038,2.46,-5.51,-1.14
1162,23.29077337765764,2.52,-5.58,-1.22
1163,23.3108170724749,2.44,-5.53,-1.16
1164,23.33086076729216,2.5,-5.53,-1.17
1165,23.350904462109423,2.53,-5.61,-1.19
1166,23.370948156926683,2.46,-5.52,-1.12
1167,23.390991851743948,2.53,-5.55,-1.23
1168,23.41103554656121,2.48,-5.59,-1.16
1169,23.43107924137847,2.49,-5.49,-1.13
1170,23.45112293619573,2.51,-5.57,-1.23
1171,23.47116663101299,2.38,-5.57,-1.03
1172,23.491210325830252,2.4,-5.55,-0.94
1173,23.511254020647513,2.39,-5.58,-1.1
1174,23.531297715464774,2.36,-5.57,-1.03
1175,23.55134141028204,2.43,-5.55,-0.93
1176,23.5713851050993,2.44,-5.54,-1.17
1177,23.59142879991656,2.42,-5.57,-1.16
1178,23.61147249473382,2.49,-5.57,-1.03
1179,23.631516189551082,2.45,-5.58,-1.0
1180,23.651559884368343,2.42,-5.59,-1.06
1181,23.671603579185604,2.44,-5.57,-1.08
1182,23.691647274002865,2.46,-5.58,-1.03
1183,23.71169096882013,2.49,-5.6,-0.93
1184,23.73173466363739,2.38,-5.58,-1.0
1185,23.75177835845465,2.33,-5.58,-0.94
1186,23.77182205327191,2.37,-5.57,-0.88
1187,23.791865748089172,2.47,-5.58,-0.87
1188,23.811909442906433,2.62,-5.62,-0.86
1189,23.831953137723694,2.83,-5.63,-0.9
1190,23.851996832540955,3.1,-5.65,-0.92
1191,23.87204052735822,3.41,-5.66,-0.95
1192,23.89208422217548,4.21,-5.64,-1.02
1193,23.91212791699274,4.68,-5.62,-1.08
1194,23.932171611810002,5.13,-5.6,-1.13
1195,23.952215306627263,5.56,-5.58,-1.18
1196,23.972259001444524,5.95,-5.57,-1.22
1197,23.992302696261785,6.27,-5.54,-1.26
1198,24.012346391079046,6.53,-5.54,-1.3
1199,24.03239008589631,6.7,-5.54,-1.31
1200,24.05243378071357,6.81,-5.54,-1.33
1201,24.07247747553083,6.85,-5.54,-1.33
1202,24.092521170348093,6.85,-5.54,-1.34
1203,24.112564865165353,6.83,-5.55,-1.34
1204,24.132608559982614,6.83,-5.55,-1.34
1205,24.152652254799875,6.84,-5.55,-1.33
1206,24.172695949617136,6.84,-5.55,-1.33
1207,24.1927396444344,6.84,-5.56,-1.33
1208,24.21278333925166,6.84,-5.56,-1.33
1209,24.232827034068922,6.84,-5.56,-1.33
1210,24.252870728886183,6.84,-5.56,-1.33
1211,24.272914423703444,6.84,-5.56,-1.33
1212,24.292958118520705,6.84,-5.56,-1.33
1213,24.313001813337966,6.84,-5.56,-1.33
1214,24.333045508155227,6.84,-5.56,-1.33
1215,24.35308920297249,6.85,-5.56,-1.33
1216,24.373132897789752,6.85,-5.56,-1.33
1217,24.393176592607013,6.85,-5.57,-1.33
1218,24.413220287424274,6.85,-5.57,-1.33
1219,24.433263982241535,6.85,-5.57,-1.33
1220,24.453307677058795,6.85,-5.57,-1.33
1221,24.473351371876056,6.85,-5.57,-1.33
1222,24.493395066693317,6.85,-5.57,-1.33
1223,24.513438761510578,6.86,-5.58,-1.33
1224,24.533482456327842,6.86,-5.58,-1.33
1225,24.553526151145103,6.86,-5.58,-1.33
1226,24.573569845962364,6.86,-5.58,-1.33
1227,24.593613540779625,6.86,-5.58,-1.33
1228,24.613657235596886,6.86,-5.58,-1.33
1229,24.633700930414147,6.86,-5.58,-1.33
1230,24.653744625231408,6.86,-5.58,-1.33
1231,24.67378832004867,6.86,-5.58,-1.33
1232,24.693832014865933,6.86,-5.58,-1.33
1233,24.713875709683194,6.86,-5.58,-1.33
1234,24.733919404500455,6.86,-5.58,-1.33
1235,24.753963099317716,6.86,-5.58,-1.33
1236,24.774006794134976,6.86,-5.58,-1.33
1237,24.794050488952237,6.86,-5.58,-1.33
1238,24.814094183769498,6.86,-5.58,-1.33
1239,24.83413787858676,6.84,-5.6,-1.33
1240,24.854181573404023,6.86,-5.63,-1.31
1241,24.874225268221284,6.8,-5.68,-1.27
1242,24.894268963038545,6.76,-5.73,-1.23
1243,24.914312657855806,6.75,-5.77,-1.23
1244,24.934356352673067,6.89,-5.79,-1.31
1245,24.954400047490328,6.9,-5.83,-1.37
1246,24.97444374230759,6.94,-5.79,-1.26
1247,24.99448743712485,6.98,-5.68,-1.27
1248,25.014531131942114,6.9,-5.67,-1.39
1249,25.034574826759375,6.88,-5.67,-1.29
1250,25.054618521576636,6.95,-5.54,-1.29
1251,25.074662216393897,6.86,-5.46,-1.57
1252,25.094705911211157,6.83,-5.5,-1.56
1253,25.11474960602842,6.94,-5.4,-1.45
1254,25.13479330084568,6.82,-5.36,-1.55
1255,25.15483699566294,6.69,-5.46,-1.57
1256,25.174880690480204,6.83,-5.5,-1.5
1257,25.194924385297465,6.79,-5.5,-1.53
1258,25.214968080114726,6.76,-5.58,-1.56
1259,25.235011774931987,6.78,-5.65,-1.56
1260,25.255055469749248,6.78,-5.5,-1.48
1261,25.27509916456651,6.81,-5.51,-1.44
1262,25.29514285938377,6.83,-5.59,-1.42
1263,25.31518655420103,6.83,-5.59,-1.42
1264,25.335230249018295,6.8,-5.38,-1.47
1265,25.355273943835556,6.84,-5.47,-1.43
1266,25.375317638652817,6.84,-5.47,-1.43
1267,25.395361333470078,6.81,-5.4,-1.46
1268,25.41540502828734,6.81,-5.4,-1.46
1269,25.4354487231046,6.89,-5.58,-1.34
1270,25.45549241792186,6.86,-5.54,-1.33
1271,25.47553611273912,6.77,-5.55,-1.46
1272,25.495579807556386,6.83,-5.66,-1.45
1273,25.515623502373646,6.91,-5.55,-1.3
1274,25.535667197190907,6.83,-5.52,-1.37
1275,25.555710892008168,6.78,-5.57,-1.34
1276,25.57575458682543,6.85,-5.42,-1.26
1277,25.59579828164269,6.84,-5.41,-1.37
1278,25.61584197645995,6.81,-5.47,-1.3
1279,25.63588567127721,6.86,-5.37,-1.24
1280,25.655929366094476,6.81,-5.37,-1.34
1281,25.675973060911737,6.8,-5.47,-1.28
1282,25.696016755728998,6.89,-5.43,-1.21
1283,25.71606045054626,6.8,-5.4,-1.36
1284,25.73610414536352,6.74,-5.51,-1.36
1285,25.75614784018078,6.88,-5.64,-1.08
1286,25.77619153499804,6.86,-5.64,-1.08
1287,25.796235229815302,6.69,-5.65,-1.2
1288,25.816278924632563,6.84,-5.58,-1.14
1289,25.836322619449827,6.86,-5.54,-1.21
1290,25.85636631426709,6.75,-5.54,-1.18
1291,25.87641000908435,6.83,-5.48,-1.2
1292,25.89645370390161,6.85,-5.46,-1.33
1293,25.91649739871887,6.84,-5.47,-1.26
1294,25.936541093536132,6.9,-5.42,-1.32
1295,25.956584788353393,6.85,-5.5,-1.43
1296,25.976628483170654,6.8,-5.55,-1.35
1297,25.996672177987918,6.85,-5.5,-1.32
1298,26.01671587280518,6.75,-5.56,-1.38
1299,26.03675956762244,6.78,-5.65,-1.33
1300,26.0568032624397,6.87,-5.59,-1.26
1301,26.07684695725696,6.77,-5.59,-1.37
1302,26.096890652074222,6.77,-5.6,-1.31
1303,26.116934346891483,6.86,-5.54,-1.37
1304,26.136978041708744,6.83,-5.51,-1.31
1305,26.15702173652601,6.85,-5.46,-1.44
1306,26.17706543134327,6.93,-5.43,-1.5
1307,26.19710912616053,6.89,-5.42,-1.41
1308,26.21715282097779,6.77,-5.49,-1.43
1309,26.237196515795052,6.74,-5.55,-1.38
1310,26.257240210612313,6.81,-5.51,-1.33
1311,26.277283905429574,6.74,-5.51,-1.46
1312,26.297327600246835,6.79,-5.57,-1.46
1313,26.3173712950641,6.93,-5.53,-1.37
1314,26.33741498988136,6.83,-5.46,-1.45
1315,26.35745868469862,6.81,-5.48,-1.41
1316,26.37750237951588,6.86,-5.45,-1.42
1317,26.397546074333142,6.86,-5.44,-1.48
1318,26.417589769150403,6.82,-5.45,-1.47
1319,26.437633463967664,6.82,-5.44,-1.53
1320,26.457677158784925,6.88,-5.48,-1.46
1321,26.47772085360219,6.85,-5.45,-1.47
1322,26.49776454841945,6.75,-5.46,-1.6
1323,26.51780824323671,6.76,-5.51,-1.52
1324,26.537851938053972,6.84,-5.47,-1.52
1325,26.557895632871233,6.76,-5.5,-1.63
1326,26.577939327688494,6.81,-5.51,-1.53
1327,26.597983022505755,6.89,-5.45,-1.55
1328,26.618026717323016,6.77,-5.48,-1.65
1329,26.63807041214028,6.77,-5.41,-1.63
1330,26.65811410695754,6.84,-5.32,-1.68
1331,26.678157801774802,6.85,-5.36,-1.62
1332,26.698201496592063,6.79,-5.27,-1.65
1333,26.718245191409324,6.82,-5.35,-1.72
1334,26.738288886226584,6.83,-5.38,-1.57
1335,26.758332581043845,6.84,-5.32,-1.67
1336,26.778376275861106,6.87,-5.45,-1.54
1337,26.79841997067837,6.85,-5.42,-1.7
1338,26.81846366549563,6.78,-5.45,-1.73
1339,26.838507360312892,6.86,-5.4,-1.61
1340,26.858551055130153,6.85,-5.41,-1.66
1341,26.878594749947414,6.76,-5.39,-1.55
1342,26.898638444764675,6.84,-5.3,-1.6
1343,26.918682139581936,6.87,-5.36,-1.63
1344,26.938725834399197,6.88,-5.32,-1.57
1345,26.958769529216458,6.86,-5.32,-1.74
1346,26.978813224033722,6.8,-5.4,-1.67
1347,26.998856918850983,6.76,-5.4,-1.6
1348,27.018900613668244,6.77,-5.49,-1.64
1349,27.038944308485505,6.85,-5.56,-1.54
1350,27.058988003302765,6.92,-5.55,-1.59
1351,27.079031698120026,6.8,-5.56,-1.61
1352,27.099075392937287,6.85,-5.58,-1.54
1353,27.119119087754548,6.87,-5.59,-1.65
1354,27.139162782571812,6.79,-5.59,-1.58
1355,27.159206477389073,6.82,-5.56,-1.66
1356,27.179250172206334,6.83,-5.59,-1.71
1357,27.199293867023595,6.83,-5.54,-1.65
1358,27.219337561840856,6.85,-5.46,-1.77
1359,27.239381256658117,6.87,-5.46,-1.72
1360,27.259424951475378,6.88,-5.45,-1.74
1361,27.27946864629264,6.85,-5.4,-1.85
1362,27.299512341109903,6.86,-5.46,-1.7
1363,27.319556035927164,6.86,-5.59,-1.65
1364,27.339599730744425,6.8,-5.64,-1.69
1365,27.359643425561686,6.73,-5.67,-1.79
1366,27.379687120378946,6.71,-5.74,-1.74
1367,27.399730815196207,6.77,-5.78,-1.66
1368,27.419774510013468,6.82,-5.8,-1.64
1369,27.43981820483073,6.78,-5.78,-1.73
1370,27.459861899647994,6.83,-5.68,-1.72
1371,27.479905594465254,6.97,-5.53,-1.69
1372,27.499949289282515,6.93,-5.53,-1.69
1373,27.519992984099776,6.85,-5.54,-1.68
1374,27.540036678917037,6.85,-5.5,-1.74
1375,27.560080373734298,6.81,-5.44,-1.75
1376,27.58012406855156,6.85,-5.5,-1.72
1377,27.60016776336882,6.8,-5.66,-1.73
1378,27.620211458186084,6.8,-5.66,-1.73
1379,27.640255153003345,6.84,-5.65,-1.72
1380,27.660298847820606,6.87,-5.68,-1.72
1381,27.680342542637867,6.93,-5.68,-1.72
1382,27.700386237455128,6.97,-5.68,-1.72
1383,27.72042993227239,6.98,-5.69,-1.72
1384,27.74047362708965,6.97,-5.69,-1.72
1385,27.76051732190691,6.95,-5.69,-1.71
1386,27.780561016724175,6.93,-5.69,-1.71
1387,27.800604711541435,6.92,-5.69,-1.7
1388,27.820648406358696,6.92,-5.69,-1.7
1389,27.840692101175957,6.92,-5.69,-1.7
1390,27.860735795993218,6.91,-5.69,-1.7
1391,27.88077949081048,6.91,-5.69,-1.7
1392,27.90082318562774,6.91,-5.69,-1.71
1393,27.920866880445,6.91,-5.69,-1.71
1394,27.940910575262265,6.91,-5.69,-1.71
1395,27.960954270079526,6.92,-5.68,-1.71
1396,27.980997964896787,6.92,-5.68,-1.71
1397,28.001041659714048,6.92,-5.68,-1.71
1398,28.02108535453131,6.92,-5.68,-1.71
1399,28.04112904934857,6.92,-5.68,-1.71
1400,28.06117274416583,6.92,-5.68,-1.71
1401,28.08121643898309,6.92,-5.68,-1.71
1402,28.101260133800356,6.92,-5.68,-1.71
1403,28.121303828617616,6.92,-5.68,-1.71
1404,28.141347523434877,6.92,-5.68,-1.71
1405,28.161391218252138,6.92,-5.68,-1.71
1406,28.1814349130694,6.92,-5.68,-1.71
1407,28.20147860788666,6.92,-5.68,-1.71
1408,28.22152230270392,6.92,-5.68,-1.71
1409,28.24156599752118,6.92,-5.68,-1.71
1410,28.261609692338443,6.92,-5.68,-1.71
1411,28.281653387155707,6.92,-5.68,-1.71
1412,28.301697081972968,6.92,-5.68,-1.71
1413,28.32174077679023,6.92,-5.68,-1.71
1414,28.34178447160749,6.92,-5.68,-1.71
1415,28.36182816642475,6.92,-5.68,-1.71
1416,28.38187186124201,6.92,-5.68,-1.71
1417,28.401915556059272,6.92,-5.68,-1.71
1418,28.421959250876533,6.92,-5.68,-1.71
1419,28.442002945693797,6.92,-5.68,-1.71
1420,28.46204664051106,6.92,-5.68,-1.71
1421,28.48209033532832,6.92,-5.68,-1.72
1422,28.50213403014558,6.93,-5.68,-1.72
1423,28.52217772496284,6.92,-5.68,-1.72
1424,28.542221419780102,6.93,-5.67,-1.72
1425,28.562265114597363,6.93,-5.67,-1.72
1426,28.582308809414624,6.93,-5.67,-1.72
1427,28.602352504231888,6.93,-5.67,-1.72
1428,28.62239619904915,6.98,-5.64,-1.67
1429,28.64243989386641,6.95,-5.62,-1.6
1430,28.66248358868367,6.9,-5.62,-1.51
1431,28.68252728350093,6.77,-5.65,-1.5
1432,28.702570978318192,6.55,-5.62,-1.64
1433,28.722614673135453,6.38,-5.64,-1.62
1434,28.742658367952714,6.25,-5.75,-1.62
1435,28.76270206276998,6.21,-5.68,-1.68
1436,28.78274575758724,6.51,-5.71,-1.84
1437,28.8027894524045,6.61,-5.68,-1.9
1438,28.82283314722176,6.67,-5.6,-1.92
1439,28.842876842039022,6.74,-5.62,-1.99
1440,28.862920536856283,6.92,-5.59,-1.89
1441,28.882964231673544,7.02,-5.54,-1.89
1442,28.903007926490805,6.98,-5.57,-2.01
1443,28.92305162130807,6.87,-5.61,-1.99
1444,28.94309531612533,6.95,-5.62,-1.87
1445,28.96313901094259,6.99,-5.61,-1.95
1446,28.98318270575985,6.96,-5.65,-2.01
1447,29.003226400577113,6.91,-5.69,-1.87
1448,29.023270095394373,7.03,-5.66,-1.81
1449,29.043313790211634,7.03,-5.72,-1.97
1450,29.063357485028895,7.0,-5.67,-1.91
1451,29.08340117984616,7.04,-5.63,-1.84
1452,29.10344487466342,7.05,-5.69,-1.93
1453,29.12348856948068,7.01,-5.61,-1.9
1454,29.143532264297942,7.06,-5.61,-1.82
1455,29.163575959115203,7.06,-5.69,-1.9
1456,29.183619653932464,6.98,-5.64,-1.85
1457,29.203663348749725,7.03,-5.65,-1.84
1458,29.223707043566986,7.03,-5.73,-1.87
1459,29.24375073838425,6.94,-5.78,-1.86
1460,29.26379443320151,7.01,-5.73,-1.83
1461,29.283838128018772,6.97,-5.8,-1.77
1462,29.303881822836033,6.87,-5.82,-1.72
1463,29.323925517653294,6.94,-5.71,-1.79
1464,29.343969212470554,6.95,-5.73,-1.92
1465,29.364012907287815,6.85,-5.7,-1.83
1466,29.384056602105076,6.95,-5.65,-1.85
1467,29.40410029692234,6.96,-5.65,-1.98
1468,29.4241439917396,6.93,-5.68,-1.84
1469,29.444187686556862,6.96,-5.68,-1.95
1470,29.464231381374123,6.85,-5.68,-1.85
1471,29.484275076191384,6.89,-5.69,-1.86
1472,29.504318771008645,6.88,-5.7,-1.95
1473,29.524362465825906,6.83,-5.71,-1.87
1474,29.544406160643167,6.86,-5.75,-1.86
1475,29.564449855460428,6.84,-5.73,-1.89
1476,29.584493550277692,6.9,-5.69,-1.93
1477,29.604537245094953,6.93,-5.75,-1.9
1478,29.624580939912214,6.9,-5.75,-1.87
1479,29.644624634729475,6.88,-5.71,-1.94
1480,29.664668329546735,6.82,-5.76,-1.92
1481,29.684712024363996,6.84,-5.74,-1.85
1482,29.704755719181257,6.91,-5.73,-1.94
1483,29.724799413998518,6.86,-5.75,-1.93
1484,29.744843108815783,6.88,-5.77,-1.84
1485,29.764886803633043,6.94,-5.79,-1.92
1486,29.784930498450304,6.83,-5.79,-1.83
1487,29.804974193267565,6.88,-5.8,-1.76
1488,29.825017888084826,6.92,-5.84,-1.81
1489,29.845061582902087,6.82,-5.87,-1.73
1490,29.865105277719348,6.91,-5.89,-1.69
1491,29.88514897253661,6.96,-5.84,-1.67
1492,29.905192667353873,6.88,-5.87,-1.61
1493,29.925236362171134,6.85,-5.9,-1.55
1494,29.945280056988395,6.9,-5.89,-1.55
1495,29.965323751805656,6.89,-5.9,-1.62
1496,29.985367446622917,6.84,-5.91,-1.55
1497,30.005411141440177,6.94,-5.89,-1.57
1498,30.02545483625744,6.88,-5.93,-1.59
1499,30.0454985310747,6.82,-5.95,-1.47
1500,30.065542225891964,6.92,-5.9,-1.5
1501,30.085585920709224,6.81,-5.92,-1.42
1502,30.105629615526485,6.92,-5.89,-1.52
1503,30.125673310343746,6.89,-5.93,-1.52
1504,30.145717005161007,6.87,-5.9,-1.46
1505,30.165760699978268,6.91,-5.89,-1.48
1506,30.18580439479553,6.89,-5.97,-1.52
1507,30.20584808961279,6.86,-6.0,-1.56
1508,30.225891784430054,6.93,-6.02,-1.56
1509,30.245935479247315,6.9,-6.04,-1.57
1510,30.265979174064576,6.79,-6.06,-1.53
1511,30.286022868881837,6.94,-6.06,-1.52
1512,30.306066563699098,6.92,-6.1,-1.63
1513,30.32611025851636,6.84,-6.11,-1.56
1514,30.34615395333362,6.96,-6.06,-1.56
1515,30.36619764815088,6.88,-6.12,-1.68
1516,30.386241342968145,6.78,-6.13,-1.61
1517,30.406285037785405,6.95,-6.05,-1.68
1518,30.426328732602666,6.92,-6.04,-1.68
1519,30.446372427419927,6.83,-6.07,-1.62
1520,30.466416122237188,6.92,-6.09,-1.7
1521,30.48645981705445,6.89,-6.15,-1.61
1522,30.50650351187171,6.91,-6.12,-1.65
1523,30.52654720668897,6.88,-6.23,-1.52
1524,30.546590901506235,6.88,-6.22,-1.65
1525,30.566634596323496,6.94,-6.19,-1.68
1526,30.586678291140757,6.84,-6.24,-1.55
1527,30.606721985958018,6.81,-6.18,-1.62
1528,30.62676568077528,6.9,-6.17,-1.65
1529,30.64680937559254,6.84,-6.21,-1.58
1530,30.6668530704098,6.84,-6.12,-1.55
1531,30.68689676522706,6.9,-6.17,-1.62
1532,30.706940460044326,6.84,-6.19,-1.58
1533,30.726984154861587,6.87,-6.12,-1.56
1534,30.747027849678847,6.87,-6.18,-1.6
1535,30.76707154449611,6.82,-6.17,-1.58
1536,30.78711523931337,6.91,-6.13,-1.58
1537,30.80715893413063,6.89,-6.21,-1.63
1538,30.82720262894789,6.83,-6.18,-1.59
1539,30.84724632376515,6.94,-6.14,-1.63
1540,30.867290018582413,6.87,-6.18,-1.67
1541,30.887333713399677,6.94,-6.2,-1.6
1542,30.907377408216938,6.81,-6.22,-1.64
1543,30.9274211030342,6.91,-6.1,-1.67
1544,30.94746479785146,6.94,-6.18,-1.69
1545,30.96750849266872,6.86,-6.15,-1.74
1546,30.98755218748598,6.91,-6.1,-1.7
1547,31.007595882303242,6.86,-6.12,-1.72
1548,31.027639577120503,6.89,-6.1,-1.81
1549,31.047683271937768,6.96,-6.08,-1.77
1550,31.06772696675503,6.99,-6.1,-1.73
1551,31.08777066157229,6.89,-6.1,-1.83
1552,31.10781435638955,6.86,-6.14,-1.85
1553,31.12785805120681,6.89,-6.15,-1.64
1554,31.147901746024072,6.93,-6.11,-1.67
1555,31.167945440841333,6.88,-6.11,-1.78
1556,31.187989135658594,6.92,-6.1,-1.76
1557,31.208032830475858,6.89,-6.09,-1.51
1558,31.22807652529312,6.8,-6.06,-1.53
1559,31.24812022011038,6.81,-6.06,-1.65
1560,31.26816391492764,6.92,-6.14,-1.68
1561,31.2882076097449,6.89,-6.14,-1.65
1562,31.308251304562162,6.92,-6.1,-1.69
1563,31.328294999379423,7.05,-6.05,-1.73
1564,31.348338694196684,6.99,-6.07,-1.77
1565,31.36838238901395,6.76,-6.16,-1.73
1566,31.38842608383121,6.65,-6.15,-1.68
1567,31.40846977864847,6.74,-6.11,-1.71
1568,31.42851347346573,6.94,-6.09,-1.76
1569,31.448557168282992,7.16,-6.07,-1.79
1570,31.468600863100253,7.32,-6.02,-1.8
1571,31.488644557917514,7.33,-5.99,-1.75
1572,31.508688252734775,7.35,-6.03,-1.7
1573,31.52873194755204,7.32,-6.1,-1.66
1574,31.5487756423693,7.23,-6.11,-1.63
1575,31.56881933718656,7.11,-6.12,-1.61
1576,31.58886303200382,6.99,-6.13,-1.6
1577,31.608906726821083,6.86,-6.13,-1.59
1578,31.628950421638343,6.73,-6.13,-1.58
1579,31.648994116455604,6.62,-6.13,-1.57
1580,31.669037811272865,6.53,-6.13,-1.56
1581,31.68908150609013,6.46,-6.12,-1.56
1582,31.70912520090739,6.42,-6.12,-1.55
1583,31.72916889572465,6.39,-6.12,-1.55
1584,31.749212590541912,6.38,-6.12,-1.54
1585,31.769256285359173,6.38,-6.13,-1.54
1586,31.789299980176434,6.38,-6.12,-1.53
1587,31.809343674993695,6.37,-6.12,-1.53
1588,31.829387369810956,6.37,-6.12,-1.53
1589,31.84943106462822,6.37,-6.12,-1.53
1590,31.86947475944548,6.37,-6.12,-1.53
1591,31.889518454262742,6.36,-6.12,-1.52
1592,31.909562149080003,6.35,-6.13,-1.52
1593,31.929605843897264,6.35,-6.13,-1.52
1594,31.949649538714525,6.35,-6.13,-1.51
1595,31.969693233531785,6.34,-6.13,-1.51
1596,31.989736928349046,6.33,-6.14,-1.5
1597,32.00978062316631,6.33,-6.14,-1.5
1598,32.02982431798357,6.33,-6.14,-1.5
1599,32.04986801280083,6.32,-6.15,-1.5
1600,32.06991170761809,6.32,-6.15,-1.5
1601,32.08995540243535,6.32,-6.15,-1.49
1602,32.10999909725262,6.32,-6.16,-1.49
1603,32.13004279206988,6.32,-6.16,-1.49
1604,32.15008648688714,6.32,-6.17,-1.49
1605,32.1701301817044,6.32,-6.17,-1.49
1606,32.19017387652166,6.32,-6.18,-1.49
1607,32.21021757133892,6.32,-6.18,-1.48
1608,32.230261266156184,6.32,-6.19,-1.48
1609,32.250304960973445,6.31,-6.19,-1.48
1610,32.270348655790706,6.31,-6.19,-1.48
1611,32.290392350607966,6.31,-6.18,-1.48
1612,32.31043604542523,6.31,-6.18,-1.47
1613,32.33047974024249,6.31,-6.18,-1.47
1614,32.35052343505975,6.31,-6.18,-1.47
1615,32.37056712987701,6.31,-6.18,-1.47
1616,32.39061082469427,6.31,-6.18,-1.47
1617,32.41065451951153,6.31,-6.19,-1.48
1618,32.4306982143288,6.31,-6.19,-1.48
1619,32.45074190914606,6.31,-6.19,-1.48
1620,32.47078560396332,6.31,-6.19,-1.48
1621,32.49082929878058,6.31,-6.19,-1.48
1622,32.51087299359784,6.31,-6.2,-1.48
1623,32.530916688415104,6.3,-6.19,-1.48
1624,32.550960383232365,6.3,-6.14,-1.46
1625,32.571004078049626,6.32,-6.06,-1.5
1626,32.59104777286689,6.39,-6.0,-1.58
1627,32.61109146768415,6.47,-5.98,-1.64
1628,32.63113516250141,6.35,-5.96,-1.49
1629,32.65117885731867,6.29,-5.9,-1.5
1630,32.67122255213593,6.35,-5.89,-1.57
1631,32.69126624695319,6.34,-6.04,-1.55
1632,32.71130994177045,6.22,-6.11,-1.46
1633,32.73135363658771,6.26,-6.03,-1.5
1634,32.75139733140498,6.3,-6.14,-1.56
1635,32.77144102622224,6.21,-6.21,-1.5
1636,32.7914847210395,6.19,-6.11,-1.49
1637,32.81152841585676,6.23,-6.05,-1.55
1638,32.831572110674024,6.24,-6.13,-1.53
1639,32.851615805491285,6.2,-6.06,-1.43
1640,32.871659500308546,6.21,-5.97,-1.41
1641,32.89170319512581,6.25,-5.85,-1.51
1642,32.91174688994307,6.36,-5.75,-1.62
1643,32.93179058476033,6.39,-5.81,-1.61
1644,32.95183427957759,6.25,-5.81,-1.5
1645,32.97187797439485,6.23,-5.84,-1.49
1646,32.99192166921211,6.28,-5.95,-1.47
1647,33.01196536402937,6.22,-5.95,-1.39
1648,33.03200905884663,6.2,-5.89,-1.4
1649,33.052052753663894,6.26,-5.99,-1.4
1650,33.07209644848116,6.19,-5.91,-1.32
1651,33.09214014329842,6.3,-5.88,-1.35
1652,33.11218383811568,6.3,-5.88,-1.35
1653,33.132227532932944,6.28,-5.92,-1.3
1654,33.152271227750205,6.27,-5.8,-1.32
1655,33.172314922567466,6.33,-5.77,-1.37
1656,33.19235861738473,6.28,-5.84,-1.32
1657,33.21240231220199,6.26,-5.81,-1.29
1658,33.23244600701925,6.29,-5.86,-1.29
1659,33.25248970183651,6.26,-5.9,-1.26
1660,33.27253339665377,6.21,-5.87,-1.27
1661,33.29257709147103,6.22,-5.92,-1.33
1662,33.31262078628829,6.26,-5.98,-1.31
1663,33.33266448110555,6.25,-5.9,-1.25
1664,33.352708175922814,6.23,-5.83,-1.28
1665,33.372751870740075,6.3,-5.88,-1.27
1666,33.392795565557336,6.33,-5.85,-1.2
1667,33.412839260374604,6.33,-5.85,-1.2
1668,33.432882955191864,6.36,-5.69,-1.33
1669,33.452926650009125,6.34,-5.73,-1.31
1670,33.472970344826386,6.26,-5.69,-1.26
1671,33.49301403964365,6.31,-5.78,-1.28
1672,33.51305773446091,6.25,-5.84,-1.23
1673,33.53310142927817,6.22,-5.81,-1.2
1674,33.55314512409543,6.24,-5.89,-1.25
1675,33.57318881891269,6.18,-5.92,-1.25
1676,33.59323251372995,6.24,-5.84,-1.19
1677,33.61327620854721,6.28,-5.88,-1.21
1678,33.63331990336447,6.25,-5.88,-1.16
1679,33.653363598181734,6.28,-5.81,-1.14
1680,33.673407292998995,6.34,-5.74,-1.31
1681,33.693450987816256,6.32,-5.77,-1.31
1682,33.71349468263352,6.3,-5.73,-1.24
1683,33.733538377450785,6.35,-5.77,-1.34
1684,33.753582072268046,6.22,-5.88,-1.28
1685,33.773625767085306,6.26,-5.84,-1.2
1686,33.79366946190257,6.35,-5.85,-1.3
1687,33.81371315671983,6.2,-5.9,-1.23
1688,33.83375685153709,6.26,-5.89,-1.18
1689,33.85380054635435,6.31,-5.93,-1.28
1690,33.87384424117161,6.21,-5.92,-1.22
1691,33.89388793598887,6.31,-5.86,-1.19
1692,33.91393163080613,6.31,-5.85,-1.31
1693,33.93397532562339,6.18,-5.83,-1.2
1694,33.954019020440654,6.27,-5.74,-1.16
1695,33.974062715257915,6.34,-5.73,-1.27
1696,33.994106410075176,6.19,-5.76,-1.13
1697,34.01415010489244,6.31,-5.71,-1.16
1698,34.0341937997097,6.43,-5.76,-1.3
1699,34.054237494526966,6.22,-5.75,-1.18
1700,34.07428118934423,6.35,-5.75,-1.25
1701,34.09432488416149,6.32,-5.81,-1.29
1702,34.11436857897875,6.19,-5.81,-1.14
1703,34.13441227379601,6.34,-5.77,-1.28
1704,34.15445596861327,6.26,-5.78,-1.3
1705,34.17449966343053,6.22,-5.74,-1.19
1706,34.19454335824779,6.37,-5.72,-1.3
1707,34.21458705306505,6.31,-5.68,-1.3
1708,34.23463074788231,6.26,-5.67,-1.2
1709,34.254674442699574,6.32,-5.7,-1.31
1710,34.274718137516835,6.25,-5.65,-1.31
1711,34.294761832334096,6.27,-5.71,-1.28
1712,34.31480552715136,6.33,-5.73,-1.34
1713,34.33484922196862,6.17,-5.76,-1.27
1714,34.35489291678588,6.24,-5.82,-1.29
1715,34.37493661160315,6.22,-5.84,-1.34
1716,34.39498030642041,6.17,-5.88,-1.22
1717,34.41502400123767,6.3,-5.88,-1.26
1718,34.43506769605493,6.21,-5.91,-1.18
1719,34.45511139087219,6.31,-5.89,-1.22
1720,34.47515508568945,6.31,-5.85,-1.24
1721,34.49519878050671,6.29,-5.87,-1.18
1722,34.51524247532397,6.35,-5.87,-1.23
1723,34.535286170141234,6.29,-5.89,-1.22
1724,34.555329864958495,6.3,-5.94,-1.17
1725,34.575373559775755,6.33,-5.97,-1.19
1726,34.595417254593016,6.28,-5.94,-1.18
1727,34.61546094941028,6.25,-5.98,-1.17
1728,34.63550464422754,6.24,-5.98,-1.15
1729,34.6555483390448,6.26,-5.97,-1.12
1730,34.67559203386206,6.28,-5.95,-1.14
1731,34.69563572867932,6.31,-5.93,-1.15
1732,34.71567942349659,6.32,-5.91,-1.16
1733,34.73572311831385,6.33,-5.9,-1.17
1734,34.75576681313111,6.32,-5.84,-1.18
1735,34.77581050794837,6.33,-5.88,-1.19
1736,34.79585420276563,6.3,-5.89,-1.19
1737,34.81589789758289,6.28,-5.85,-1.2
1738,34.835941592400154,6.31,-5.91,-1.22
1739,34.855985287217415,6.25,-5.91,-1.19
1740,34.876028982034676,6.25,-5.98,-1.2
1741,34.89607267685194,6.23,-6.02,-1.22
1742,34.9161163716692,6.21,-5.96,-1.2
1743,34.93616006648646,6.29,-5.99,-1.19
1744,34.95620376130372,6.26,-5.95,-1.19
1745,34.97624745612098,6.26,-5.91,-1.21
1746,34.99629115093824,6.24,-5.96,-1.24
1747,35.0163348457555,6.24,-5.89,-1.25
1748,35.03637854057277,6.33,-5.89,-1.28
1749,35.05642223539003,6.35,-6.01,-1.34
1750,35.07646593020729,6.27,-5.99,-1.29
1751,35.09650962502455,6.28,-6.05,-1.24
1752,35.11655331984181,6.26,-6.18,-1.18
1753,35.136597014659074,6.2,-6.15,-1.14
1754,35.156640709476335,6.23,-6.09,-1.13
1755,35.176684404293596,6.28,-6.08,-1.18
1756,35.19672809911086,6.29,-6.13,-1.17
1757,35.21677179392812,6.28,-6.05,-1.16
1758,35.23681548874538,6.31,-5.97,-1.23
1759,35.25685918356264,6.34,-5.96,-1.23
1760,35.2769028783799,6.3,-5.99,-1.2
1761,35.29694657319716,6.27,-5.94,-1.19
1762,35.31699026801442,6.28,-5.93,-1.19
1763,35.33703396283168,6.33,-6.01,-1.19
1764,35.35707765764895,6.35,-6.11,-1.19
1765,35.37712135246621,6.35,-6.07,-1.2
1766,35.39716504728347,6.33,-6.03,-1.19
1767,35.41720874210073,6.35,-5.99,-1.18
1768,35.437252436917994,6.31,-5.89,-1.19
1769,35.457296131735255,6.3,-5.86,-1.21
1770,35.477339826552516,6.29,-5.85,-1.22
1771,35.49738352136978,6.35,-5.85,-1.26
1772,35.51742721618704,6.34,-5.89,-1.24
1773,35.5374709110043,6.32,-5.92,-1.2
1774,35.55751460582156,6.31,-5.93,-1.15
1775,35.57755830063882,6.28,-5.92,-1.13
1776,35.59760199545608,6.3,-5.9,-1.12
1777,35.61764569027334,6.31,-5.88,-1.12
1778,35.6376893850906,6.3,-5.86,-1.12
1779,35.657733079907864,6.28,-5.85,-1.13
1780,35.67777677472513,6.25,-5.84,-1.14
1781,35.69782046954239,6.24,-5.83,-1.15
1782,35.71786416435965,6.24,-5.81,-1.15
1783,35.737907859176914,6.26,-5.79,-1.16
1784,35.757951553994175,6.32,-5.78,-1.18
1785,35.777995248811436,6.38,-5.78,-1.22
1786,35.7980389436287,6.43,-5.79,-1.24
1787,35.81808263844596,6.41,-5.81,-1.22
1788,35.83812633326322,6.4,-5.82,-1.2
1789,35.85817002808048,6.39,-5.82,-1.18
1790,35.87821372289774,6.38,-5.82,-1.16
1791,35.898257417715,6.38,-5.81,-1.15
1792,35.91830111253226,6.39,-5.81,-1.14
1793,35.93834480734952,6.38,-5.8,-1.14
1794,35.958388502166784,6.38,-5.79,-1.14
1795,35.978432196984045,6.38,-5.79,-1.14
1796,35.998475891801306,6.38,-5.78,-1.14
1797,36.018519586618574,6.38,-5.77,-1.14
1798,36.038563281435835,6.37,-5.76,-1.14
1799,36.058606976253095,6.37,-5.76,-1.14
1800,36.078650671070356,6.37,-5.75,-1.14
1801,36.09869436588762,6.37,-5.75,-1.13
1802,36.11873806070488,6.37,-5.75,-1.13
1803,36.13878175552214,6.37,-5.74,-1.13
1804,36.1588254503394,6.37,-5.74,-1.14
1805,36.17886914515666,6.37,-5.74,-1.14
1806,36.19891283997392,6.37,-5.73,-1.14
1807,36.21895653479118,6.37,-5.73,-1.14
1808,36.23900022960844,6.37,-5.73,-1.14
1809,36.259043924425704,6.37,-5.73,-1.14
1810,36.279087619242965,6.37,-5.72,-1.14
1811,36.299131314060226,6.38,-5.72,-1.14
1812,36.31917500887749,6.38,-5.72,-1.14
1813,36.339218703694755,6.38,-5.72,-1.14
1814,36.359262398512016,6.38,-5.72,-1.14
1815,36.37930609332928,6.38,-5.72,-1.14
1816,36.39934978814654,6.38,-5.72,-1.14
1817,36.4193934829638,6.38,-5.72,-1.14
1818,36.43943717778106,6.38,-5.72,-1.14
1819,36.45948087259832,6.37,-5.72,-1.14
1820,36.47952456741558,6.33,-5.69,-1.17
1821,36.49956826223284,6.36,-5.65,-1.26
1822,36.5196119570501,6.4,-5.66,-1.33
1823,36.53965565186736,6.5,-5.72,-1.4
1824,36.559699346684624,6.65,-5.79,-1.41
1825,36.579743041501885,6.91,-5.79,-1.46
1826,36.599786736319146,7.03,-5.79,-1.49
1827,36.61983043113641,6.87,-5.78,-1.36
1828,36.63987412595367,6.76,-5.75,-1.41
1829,36.659917820770936,6.59,-5.79,-1.42
1830,36.6799615155882,6.53,-5.74,-1.26
1831,36.70000521040546,6.44,-5.68,-1.31
1832,36.72004890522272,6.34,-5.74,-1.31
1833,36.74009260003998,6.19,-5.68,-1.24
1834,36.76013629485724,6.16,-5.69,-1.34
1835,36.7801799896745,6.24,-5.78,-1.3
1836,36.80022368449176,6.26,-5.8,-1.24
1837,36.82026737930902,6.22,-5.75,-1.27
1838,36.840311074126284,6.15,-5.76,-1.36
1839,36.860354768943544,6.16,-5.84,-1.34
1840,36.880398463760805,6.21,-5.83,-1.27
1841,36.900442158578066,6.14,-5.74,-1.31
1842,36.92048585339533,6.19,-5.78,-1.3
1843,36.94052954821259,6.25,-5.8,-1.27
1844,36.96057324302985,6.14,-5.67,-1.26
1845,36.98061693784712,6.17,-5.74,-1.21
1846,37.00066063266438,6.25,-5.82,-1.23
1847,37.02070432748164,6.12,-5.71,-1.31
1848,37.0407480222989,6.12,-5.67,-1.27
1849,37.06079171711616,6.34,-5.82,-1.22
1850,37.08083541193342,6.4,-5.83,-1.31
1851,37.10087910675068,6.25,-5.68,-1.41
1852,37.12092280156794,6.23,-5.75,-1.32
1853,37.140966496385204,6.41,-5.84,-1.34
1854,37.161010191202465,6.3,-5.79,-1.36
1855,37.181053886019725,6.27,-5.78,-1.21
1856,37.201097580836986,6.45,-5.83,-1.25
1857,37.22114127565425,6.35,-5.8,-1.31
1858,37.24118497047151,6.27,-5.8,-1.16
1859,37.26122866528877,6.41,-5.79,-1.31
1860,37.28127236010603,6.39,-5.8,-1.41
1861,37.30131605492329,6.33,-5.85,-1.22
1862,37.32135974974056,6.34,-5.78,-1.29
1863,37.34140344455782,6.31,-5.83,-1.4
1864,37.36144713937508,6.3,-5.88,-1.26
1865,37.38149083419234,6.38,-5.82,-1.27
1866,37.4015345290096,6.39,-5.84,-1.4
1867,37.42157822382686,6.33,-5.91,-1.33
1868,37.441621918644124,6.31,-5.79,-1.36
1869,37.461665613461385,6.31,-5.91,-1.34
1870,37.481709308278646,6.29,-5.77,-1.29
1871,37.50175300309591,6.31,-5.72,-1.31
1872,37.52179669791317,6.35,-5.81,-1.38
1873,37.54184039273043,6.3,-5.74,-1.37
1874,37.56188408754769,6.3,-5.71,-1.29
1875,37.58192778236495,6.39,-5.83,-1.35
1876,37.60197147718221,6.33,-5.78,-1.4
1877,37.62201517199947,6.33,-5.78,-1.4
1878,37.64205886681674,6.46,-5.84,-1.31
1879,37.662102561634,6.34,-5.8,-1.41
1880,37.68214625645126,6.34,-5.8,-1.41
1881,37.70218995126852,6.42,-5.83,-1.28
1882,37.72223364608578,6.31,-5.8,-1.29
1883,37.742277340903044,6.25,-5.76,-1.13
1884,37.762321035720305,6.44,-5.81,-1.22
1885,37.782364730537566,6.44,-5.81,-1.22
1886,37.80240842535483,6.27,-5.8,-1.09
1887,37.82245212017209,6.39,-5.84,-1.14
1888,37.84249581498935,6.33,-5.88,-1.08
1889,37.86253950980661,6.29,-5.85,-0.99
1890,37.88258320462387,6.31,-5.81,-1.09
1891,37.90262689944113,6.31,-5.88,-1.05
1892,37.92267059425839,6.38,-5.81,-1.07
1893,37.94271428907565,6.41,-5.78,-1.13
1894,37.96275798389292,6.39,-5.88,-1.06
1895,37.98280167871018,6.32,-5.83,-1.04
1896,38.00284537352744,6.34,-5.83,-1.03
1897,38.0228890683447,6.39,-5.9,-1.04
1898,38.042932763161964,6.35,-5.84,-1.07
1899,38.062976457979225,6.36,-5.81,-1.09
1900,38.083020152796486,6.35,-5.85,-1.19
1901,38.10306384761375,6.29,-5.8,-1.17
1902,38.12310754243101,6.38,-5.84,-1.14
1903,38.14315123724827,6.41,-5.88,-1.23
1904,38.16319493206553,6.3,-5.76,-1.2
1905,38.18323862688279,6.4,-5.76,-1.25
1906,38.20328232170005,6.37,-5.86,-1.3
1907,38.22332601651731,6.33,-5.78,-1.16
1908,38.24336971133457,6.42,-5.78,-1.22
1909,38.263413406151834,6.33,-5.84,-1.34
1910,38.2834571009691,6.3,-5.78,-1.19
1911,38.30350079578636,6.43,-5.8,-1.25
1912,38.323544490603624,6.35,-5.85,-1.23
1913,38.343588185420884,6.31,-5.8,-1.12
1914,38.363631880238145,6.3,-5.88,-1.24
1915,38.383675575055406,6.3,-5.82,-1.12
1916,38.40371926987267,6.3,-5.82,-1.12
1917,38.42376296468993,6.3,-5.9,-1.13
1918,38.44380665950719,6.3,-5.88,-1.11
1919,38.46385035432445,6.39,-5.91,-1.09
1920,38.48389404914171,6.31,-5.89,-1.09
1921,38.50393774395897,6.31,-5.89,-1.09
1922,38.52398143877623,6.38,-5.92,-1.01
1923,38.54402513359349,6.29,-5.89,-1.04
1924,38.564068828410754,6.32,-5.91,-1.1
1925,38.584112523228015,6.36,-5.96,-1.02
1926,38.604156218045276,6.28,-5.91,-0.97
1927,38.624199912862544,6.32,-5.94,-0.97
1928,38.644243607679805,6.35,-5.94,-0.95
1929,38.664287302497065,6.35,-5.91,-1.04
1930,38.684330997314326,6.38,-5.9,-1.04
1931,38.70437469213159,6.35,-5.88,-1.08
1932,38.72441838694885,6.36,-5.93,-1.11
1933,38.74446208176611,6.37,-5.92,-1.1
1934,38.76450577658337,6.28,-5.86,-1.09
1935,38.78454947140063,6.38,-5.89,-1.1
1936,38.80459316621789,6.36,-5.9,-1.09
1937,38.82463686103515,6.32,-5.87,-1.06
1938,38.84468055585241,6.43,-5.91,-1.02
1939,38.864724250669674,6.36,-5.86,-1.06
1940,38.884767945486935,6.37,-5.9,-1.09
1941,38.904811640304196,6.37,-5.9,-1.09
1942,38.92485533512146,6.3,-5.87,-0.95
1943,38.944899029938725,6.4,-5.92,-0.99
1944,38.964942724755986,6.34,-6.01,-0.88
1945,38.98498641957325,6.23,-5.95,-0.79
1946,39.00503011439051,6.26,-5.93,-0.96
1947,39.02507380920777,6.29,-5.97,-0.95
1948,39.04511750402503,6.31,-5.99,-0.8
1949,39.06516119884229,6.25,-5.93,-0.87
1950,39.08520489365955,6.28,-5.93,-0.99
1951,39.10524858847681,6.41,-5.95,-0.96
1952,39.12529228329407,6.38,-5.96,-0.91
1953,39.14533597811133,6.25,-5.92,-0.87
1954,39.165379672928594,6.3,-5.91,-0.97
1955,39.185423367745855,6.36,-5.94,-0.99
1956,39.205467062563116,6.32,-5.94,-0.89
1957,39.22551075738038,6.32,-5.97,-0.81
1958,39.24555445219764,6.35,-5.98,-0.75
1959,39.265598147014906,6.39,-5.95,-0.76
1960,39.28564184183217,6.39,-5.92,-0.83
1961,39.30568553664943,6.33,-5.92,-0.87
1962,39.32572923146669,6.24,-5.93,-0.85
1963,39.34577292628395,6.22,-5.95,-0.85
1964,39.36581662110121,6.26,-5.96,-0.83
1965,39.38586031591847,6.23,-5.97,-0.81
1966,39.40590401073573,6.22,-5.97,-0.78
1967,39.42594770555299,6.28,-5.98,-0.77
1968,39.445991400370254,6.37,-5.98,-0.77
1969,39.466035095187515,6.55,-5.97,-0.79
1970,39.486078790004775,6.79,-5.97,-0.82
1971,39.506122484822036,7.04,-5.96,-0.86
1972,39.5261661796393,7.24,-5.95,-0.89
1973,39.54620987445656,7.38,-5.95,-0.91
1974,39.56625356927382,7.44,-5.94,-0.92
1975,39.58629726409109,7.45,-5.95,-0.93
1976,39.60634095890835,7.45,-5.96,-0.93
1977,39.62638465372561,7.45,-5.96,-0.93
1978,39.64642834854287,7.45,-5.96,-0.93
1979,39.66647204336013,7.45,-5.96,-0.93
1980,39.68651573817739,7.45,-5.96,-0.93
1981,39.70655943299465,7.45,-5.96,-0.93
1982,39.72660312781191,7.44,-5.96,-0.92
1983,39.746646822629174,7.45,-5.96,-0.92
1984,39.766690517446435,7.44,-5.96,-0.92
1985,39.786734212263696,7.44,-5.96,-0.92
1986,39.806777907080956,7.44,-5.96,-0.91
1987,39.82682160189822,7.44,-5.96,-0.91
1988,39.84686529671548,7.44,-5.96,-0.91
1989,39.86690899153274,7.44,-5.96,-0.91
1990,39.88695268635,7.44,-5.96,-0.91
1991,39.90699638116726,7.44,-5.97,-0.91
1992,39.92704007598453,7.44,-5.97,-0.91
1993,39.94708377080179,7.44,-5.97,-0.91
1994,39.96712746561905,7.44,-5.97,-0.91
1995,39.98717116043631,7.44,-5.97,-0.91
1996,40.00721485525357,7.44,-5.97,-0.91
1997,40.02725855007083,7.44,-5.97,-0.91
1998,40.047302244888094,7.44,-5.97,-0.91
1999,40.067345939705355,7.44,-5.97,-0.91
2000,40.087389634522616,7.44,-5.97,-0.91
2001,40.10743332933988,7.44,-5.97,-0.91
2002,40.12747702415714,7.44,-5.97,-0.91
2003,40.1475207189744,7.44,-5.97,-0.91
2004,40.16756441379166,7.44,-5.97,-0.91
2005,40.18760810860892,7.44,-5.97,-0.91
2006,40.20765180342618,7.44,-5.97,-0.91
2007,40.22769549824344,7.44,-5.97,-0.91
2008,40.24773919306071,7.44,-5.97,-0.91
2009,40.26778288787797,7.44,-5.97,-0.91
2010,40.28782658269523,7.44,-5.97,-0.91
2011,40.30787027751249,7.44,-5.97,-0.91
2012,40.32791397232975,7.44,-5.97,-0.91
2013,40.347957667147014,7.44,-5.97,-0.91
2014,40.368001361964275,7.43,-5.99,-0.91
2015,40.388045056781536,7.42,-6.02,-0.89
2016,40.4080887515988,7.43,-6.08,-0.85
2017,40.42813244641606,7.37,-6.14,-0.8
2018,40.44817614123332,7.29,-6.19,-0.81
2019,40.46821983605058,7.35,-6.17,-0.9
2020,40.48826353086784,7.35,-6.17,-0.9
2021,40.5083072256851,7.44,-6.1,-0.88
2022,40.52835092050236,7.34,-6.06,-0.97
2023,40.54839461531962,7.42,-6.01,-0.81
2024,40.56843831013689,7.56,-5.99,-0.8
2025,40.58848200495415,7.45,-5.89,-1.1
2026,40.60852569977141,7.49,-5.76,-1.09
2027,40.62856939458867,7.57,-5.75,-1.03
2028,40.648613089405934,7.57,-5.75,-1.03
2029,40.668656784223195,7.27,-5.86,-1.2
2030,40.688700479040456,7.52,-5.88,-1.09
2031,40.70874417385772,7.5,-5.9,-0.99
2032,40.72878786867498,7.37,-5.95,-1.09
2033,40.74883156349224,7.34,-5.99,-1.24
2034,40.7688752583095,7.39,-5.94,-1.01
2035,40.78891895312676,7.4,-5.93,-0.94
2036,40.80896264794402,7.37,-5.93,-1.1
2037,40.82900634276128,7.46,-5.85,-0.94
2038,40.84905003757854,7.52,-5.82,-0.91
2039,40.869093732395804,7.39,-5.8,-1.14
2040,40.88913742721307,7.45,-5.74,-0.99
2041,40.90918112203033,7.54,-5.75,-0.96
2042,40.929224816847594,7.35,-5.83,-1.12
2043,40.949268511664854,7.39,-5.84,-1.07
2044,40.969312206482115,7.54,-5.87,-0.89
2045,40.989355901299376,7.4,-5.92,-0.98
2046,41.00939959611664,7.3,-5.95,-1.08
2047,41.0294432909339,7.4,-5.9,-0.86
2048,41.04948698575116,7.39,-5.93,-0.78
2049,41.06953068056842,7.3,-5.89,-0.98
2050,41.08957437538568,7.41,-5.8,-0.88
2051,41.10961807020294,7.48,-5.77,-0.88
2052,41.1296617650202,7.44,-5.78,-0.93
2053,41.14970545983746,7.49,-5.78,-0.79
2054,41.169749154654724,7.45,-5.73,-0.93
2055,41.189792849471985,7.37,-5.76,-1.02
2056,41.209836544289246,7.48,-5.84,-0.76
2057,41.229880239106514,7.51,-5.85,-0.85
2058,41.249923933923775,7.3,-5.89,-0.96
2059,41.269967628741036,7.4,-6.0,-0.78
2060,41.290011323558296,7.2,-5.99,-0.88
2061,41.31005501837556,7.39,-5.97,-0.73
2062,41.33009871319282,7.48,-5.95,-0.73
2063,41.35014240801008,7.36,-5.87,-0.86
2064,41.37018610282734,7.4,-5.9,-0.87
2065,41.3902297976446,7.43,-5.86,-0.95
2066,41.41027349246186,7.45,-5.8,-0.91
2067,41.43031718727912,7.45,-5.83,-0.86
2068,41.45036088209638,7.37,-5.88,-1.02
2069,41.470404576913644,7.35,-5.88,-0.99
2070,41.490448271730905,7.42,-5.92,-0.9
2071,41.510491966548166,7.34,-5.96,-1.03
2072,41.53053566136543,7.31,-5.98,-0.94
2073,41.550579356182695,7.44,-6.03,-0.84
2074,41.570623050999956,7.37,-5.97,-0.98
2075,41.59066674581722,7.49,-5.91,-0.96
2076,41.61071044063448,7.49,-5.91,-0.96
2077,41.63075413545174,7.45,-5.88,-0.94
2078,41.650797830269,7.39,-5.83,-1.03
2079,41.67084152508626,7.45,-5.79,-1.03
2080,41.69088521990352,7.42,-5.84,-0.98
2081,41.71092891472078,7.34,-5.86,-1.07
2082,41.73097260953804,7.36,-5.87,-0.99
2083,41.7510163043553,7.4,-5.88,-1.11
2084,41.771059999172564,7.39,-5.87,-1.01
2085,41.791103693989825,7.46,-5.86,-1.01
2086,41.811147388807086,7.35,-5.86,-1.11
2087,41.83119108362435,7.36,-5.87,-1.08
2088,41.85123477844161,7.48,-5.83,-1.11
2089,41.871278473258876,7.45,-5.85,-1.04
2090,41.89132216807614,7.37,-5.83,-1.08
2091,41.9113658628934,7.42,-5.83,-1.16
2092,41.93140955771066,7.47,-5.84,-1.05
2093,41.95145325252792,7.44,-5.8,-1.17
2094,41.97149694734518,7.41,-5.81,-1.29
2095,41.99154064216244,7.42,-5.88,-1.16
2096,42.0115843369797,7.41,-5.85,-1.28
2097,42.03162803179696,7.32,-5.9,-1.31
2098,42.051671726614224,7.44,-5.88,-1.16
2099,42.071715421431485,7.41,-5.84,-1.25
2100,42.091759116248745,7.34,-5.85,-1.21
2101,42.111802811066006,7.39,-5.79,-1.21
2102,42.13184650588327,7.45,-5.76,-1.25
2103,42.15189020070053,7.37,-5.75,-1.24
2104,42.17193389551779,7.36,-5.72,-1.33
2105,42.19197759033506,7.41,-5.71,-1.23
2106,42.21202128515232,7.42,-5.67,-1.27
2107,42.23206497996958,7.39,-5.76,-1.35
2108,42.25210867478684,7.41,-5.79,-1.16
2109,42.2721523696041,7.45,-5.76,-1.24
2110,42.29219606442136,7.38,-5.78,-1.2
2111,42.31223975923862,7.47,-5.78,-1.3
2112,42.33228345405588,7.38,-5.74,-1.28
2113,42.352327148873144,7.43,-5.72,-1.34
2114,42.372370843690405,7.47,-5.74,-1.34
2115,42.392414538507666,7.4,-5.77,-1.2
2116,42.41245823332493,7.4,-5.84,-1.23
2117,42.43250192814219,7.42,-5.83,-1.2
2118,42.45254562295945,7.43,-5.83,-1.26
2119,42.47258931777671,7.42,-5.86,-1.29
2120,42.49263301259397,7.43,-5.91,-1.2
2121,42.51267670741123,7.43,-5.93,-1.33
2122,42.5327204022285,7.38,-5.96,-1.26
2123,42.55276409704576,7.47,-6.03,-1.16
2124,42.57280779186302,7.48,-6.01,-1.29
2125,42.59285148668028,7.39,-5.95,-1.28
2126,42.61289518149754,7.45,-6.03,-1.37
2127,42.6329388763148,7.45,-6.01,-1.32
2128,42.652982571132064,7.38,-6.05,-1.37
2129,42.673026265949325,7.36,-6.06,-1.57
2130,42.693069960766586,7.41,-5.87,-1.4
2131,42.71311365558385,7.36,-5.87,-1.6
2132,42.73315735040111,7.32,-5.86,-1.71
2133,42.75320104521837,7.43,-5.86,-1.4
2134,42.77324474003563,7.39,-5.98,-1.52
2135,42.79328843485289,7.31,-6.09,-1.57
2136,42.81333212967015,7.42,-6.12,-1.52
2137,42.83337582448741,7.49,-6.09,-1.5
2138,42.85341951930468,7.47,-6.11,-1.53
2139,42.87346321412194,7.46,-6.14,-1.53
2140,42.8935069089392,7.38,-6.04,-1.47
2141,42.91355060375646,7.38,-6.04,-1.47
2142,42.93359429857372,7.4,-6.02,-1.44
2143,42.953637993390984,7.39,-5.95,-1.43
2144,42.973681688208245,7.38,-5.82,-1.44
2145,42.993725383025506,7.35,-5.78,-1.48
2146,43.01376907784277,7.38,-5.88,-1.48
2147,43.03381277266003,7.41,-6.07,-1.48
2148,43.05385646747729,7.43,-6.04,-1.49
2149,43.07390016229455,7.41,-6.03,-1.47
2150,43.09394385711181,7.36,-6.05,-1.46
2151,43.11398755192907,7.36,-6.06,-1.46
2152,43.13403124674633,7.41,-6.07,-1.46
2153,43.15407494156359,7.43,-6.08,-1.45
2154,43.17411863638086,7.46,-6.09,-1.45
2155,43.19416233119812,7.47,-6.09,-1.45
2156,43.21420602601538,7.48,-6.08,-1.45
2157,43.23424972083264,7.5,-6.07,-1.44
2158,43.254293415649904,7.51,-6.04,-1.44
2159,43.274337110467165,7.51,-6.01,-1.44
2160,43.294380805284426,7.53,-6.0,-1.44
2161,43.31442450010169,7.55,-6.0,-1.44
2162,43.33446819491895,7.58,-6.0,-1.44
2163,43.35451188973621,7.6,-6.01,-1.44
2164,43.37455558455347,7.62,-6.01,-1.44
2165,43.39459927937073,7.62,-6.02,-1.43
2166,43.41464297418799,7.61,-6.02,-1.43
2167,43.43468666900525,7.59,-6.01,-1.42
2168,43.45473036382251,7.59,-6.01,-1.42
2169,43.474774058639774,7.58,-6.01,-1.42
2170,43.49481775345704,7.58,-6.01,-1.42
2171,43.5148614482743,7.57,-6.01,-1.42
2172,43.534905143091564,7.57,-6.01,-1.42
2173,43.554948837908825,7.57,-6.01,-1.42
2174,43.574992532726085,7.57,-6.01,-1.42
2175,43.595036227543346,7.57,-6.01,-1.42
2176,43.61507992236061,7.57,-6.01,-1.42
2177,43.63512361717787,7.57,-6.01,-1.43
2178,43.65516731199513,7.58,-6.01,-1.43
2179,43.67521100681239,7.58,-6.0,-1.44
2180,43.69525470162965,7.58,-6.0,-1.44
2181,43.71529839644691,7.6,-5.99,-1.45
2182,43.73534209126417,7.61,-5.99,-1.45
2183,43.75538578608143,7.63,-5.99,-1.46
2184,43.775429480898694,7.63,-5.98,-1.46
2185,43.795473175715955,7.62,-5.98,-1.46
2186,43.815516870533216,7.62,-5.99,-1.45
2187,43.835560565350484,7.62,-6.0,-1.45
2188,43.855604260167745,7.64,-6.01,-1.44
2189,43.875647954985006,7.66,-6.02,-1.43
2190,43.89569164980227,7.67,-6.03,-1.44
2191,43.91573534461953,7.68,-6.03,-1.44
2192,43.93577903943679,7.69,-6.03,-1.44
2193,43.95582273425405,7.69,-6.03,-1.44
2194,43.97586642907131,7.69,-6.03,-1.44
2195,43.99591012388857,7.69,-6.02,-1.44
2196,44.01595381870583,7.69,-6.01,-1.43
2197,44.03599751352309,7.68,-6.01,-1.44
2198,44.05604120834035,7.68,-5.99,-1.45
2199,44.076084903157614,7.7,-5.97,-1.44
2200,44.096128597974875,7.64,-5.95,-1.39
2201,44.116172292792136,7.54,-5.96,-1.34
2202,44.1362159876094,7.43,-5.94,-1.37
2203,44.156259682426665,7.33,-5.9,-1.45
2204,44.176303377243926,7.32,-5.88,-1.43
2205,44.19634707206119,7.46,-5.96,-1.55
2206,44.21639076687845,7.34,-5.83,-1.54
2207,44.23643446169571,7.52,-5.84,-1.56
2208,44.25647815651297,7.5,-5.82,-1.63
2209,44.27652185133023,7.42,-5.84,-1.55
2210,44.29656554614749,7.59,-5.81,-1.62
2211,44.31660924096475,7.65,-5.83,-1.63
2212,44.33665293578201,7.75,-5.85,-1.68
2213,44.356696630599274,7.77,-5.87,-1.72
2214,44.376740325416534,7.8,-5.93,-1.73
2215,44.396784020233795,7.8,-5.87,-1.63
2216,44.416827715051056,7.72,-5.91,-1.56
2217,44.43687140986832,7.7,-5.98,-1.58
2218,44.45691510468558,7.74,-5.91,-1.53
2219,44.476958799502846,7.71,-5.96,-1.5
2220,44.49700249432011,7.74,-5.97,-1.49
2221,44.51704618913737,7.73,-5.9,-1.47
2222,44.53708988395463,7.71,-5.92,-1.47
2223,44.55713357877189,7.75,-5.92,-1.43
2224,44.57717727358915,7.8,-5.86,-1.55
2225,44.59722096840641,7.72,-5.87,-1.71
2226,44.61726466322367,7.72,-5.84,-1.6
2227,44.63730835804093,7.8,-5.82,-1.61
2228,44.657352052858194,7.67,-5.9,-1.65
2229,44.677395747675455,7.63,-5.93,-1.57
2230,44.697439442492716,7.74,-5.89,-1.55
2231,44.717483137309976,7.64,-5.93,-1.59
2232,44.73752683212724,7.62,-5.91,-1.54
2233,44.7575705269445,7.69,-5.86,-1.56
2234,44.77761422176176,7.6,-5.88,-1.66
2235,44.79765791657903,7.59,-5.87,-1.56
2236,44.81770161139629,7.68,-5.8,-1.58
2237,44.83774530621355,7.64,-5.81,-1.71
2238,44.85778900103081,7.68,-5.84,-1.61
2239,44.87783269584807,7.73,-5.81,-1.62
2240,44.89787639066533,7.58,-5.86,-1.66
2241,44.91792008548259,7.61,-5.88,-1.55
2242,44.93796378029985,7.56,-5.86,-1.67
2243,44.958007475117114,7.66,-5.85,-1.6
2244,44.978051169934375,7.68,-5.84,-1.7
2245,44.998094864751636,7.68,-5.84,-1.7
2246,45.0181385595689,7.7,-5.82,-1.56
2247,45.03818225438616,7.63,-5.83,-1.65
2248,45.05822594920342,7.63,-5.89,-1.62
2249,45.07826964402068,7.7,-5.9,-1.55
2250,45.09831333883794,7.64,-5.89,-1.52
2251,45.1183570336552,7.68,-5.93,-1.51
2252,45.13840072847247,7.72,-5.91,-1.52
2253,45.15844442328973,7.68,-5.92,-1.42
2254,45.17848811810699,7.74,-5.94,-1.4
2255,45.19853181292425,7.66,-5.95,-1.44
2256,45.21857550774151,7.61,-5.96,-1.33
2257,45.23861920255877,7.73,-5.96,-1.37
2258,45.258662897376034,7.57,-5.98,-1.37
2259,45.278706592193295,7.64,-6.03,-1.3
2260,45.298750287010556,7.71,-5.97,-1.35
2261,45.31879398182782,7.62,-5.97,-1.32
2262,45.33883767664508,7.75,-5.97,-1.32
2263,45.35888137146234,7.72,-5.94,-1.33
2264,45.3789250662796,7.67,-5.98,-1.3
2265,45.39896876109686,7.69,-5.94,-1.35
2266,45.41901245591412,7.54,-5.95,-1.26
2267,45.43905615073138,7.64,-5.96,-1.25
2268,45.45909984554865,7.64,-5.99,-1.39
2269,45.47914354036591,7.55,-6.0,-1.29
2270,45.49918723518317,7.68,-6.0,-1.32
2271,45.51923093000043,7.54,-6.04,-1.31
2272,45.53927462481769,7.63,-6.07,-1.28
2273,45.559318319634954,7.66,-6.03,-1.37
2274,45.579362014452215,7.59,-6.03,-1.39
2275,45.599405709269476,7.71,-6.06,-1.44
2276,45.61944940408674,7.65,-6.06,-1.42
2277,45.639493098904,7.71,-6.04,-1.52
2278,45.65953679372126,7.64,-6.05,-1.41
2279,45.67958048853852,7.73,-6.06,-1.43
2280,45.69962418335578,7.62,-6.14,-1.46
2281,45.71966787817304,7.63,-6.11,-1.39
2282,45.7397115729903,7.69,-6.13,-1.44
2283,45.75975526780756,7.58,-6.14,-1.43
2284,45.77979896262483,7.76,-6.13,-1.39
2285,45.79984265744209,7.7,-6.15,-1.43
2286,45.81988635225935,7.66,-6.11,-1.43
2287,45.839930047076614,7.76,-6.09,-1.48
2288,45.859973741893874,7.66,-6.06,-1.42
2289,45.880017436711135,7.67,-6.03,-1.45
2290,45.900061131528396,7.62,-6.1,-1.49
2291,45.92010482634566,7.61,-6.03,-1.41
2292,45.94014852116292,7.68,-6.05,-1.45
2293,45.96019221598018,7.6,-6.06,-1.49
2294,45.98023591079744,7.68,-5.98,-1.45
2295,46.0002796056147,7.68,-6.05,-1.46
2296,46.02032330043196,7.63,-6.01,-1.41
2297,46.04036699524922,7.69,-5.99,-1.45
2298,46.06041069006648,7.67,-5.93,-1.41
2299,46.080454384883744,7.66,-5.95,-1.47
2300,46.10049807970101,7.64,-5.95,-1.47
2301,46.12054177451827,7.6,-5.93,-1.48
2302,46.140585469335534,7.67,-5.88,-1.48
2303,46.160629164152795,7.63,-5.92,-1.5
2304,46.180672858970055,7.68,-5.88,-1.53
2305,46.200716553787316,7.64,-5.9,-1.53
2306,46.22076024860458,7.64,-5.88,-1.49
2307,46.24080394342184,7.66,-5.85,-1.5
2308,46.2608476382391,7.58,-5.89,-1.58
2309,46.28089133305636,7.64,-5.83,-1.57
2310,46.30093502787362,7.71,-5.83,-1.61
2311,46.32097872269088,7.65,-5.86,-1.72
2312,46.34102241750814,7.74,-5.75,-1.67
2313,46.3610661123254,7.75,-5.75,-1.61
2314,46.381109807142664,7.62,-5.82,-1.66
2315,46.401153501959925,7.6,-5.75,-1.7
2316,46.421197196777186,7.72,-5.7,-1.62
2317,46.441240891594454,7.73,-5.75,-1.61
2318,46.461284586411715,7.6,-5.8,-1.61
2319,46.481328281228976,7.61,-5.77,-1.62
2320,46.50137197604624,7.69,-5.7,-1.59
2321,46.5214156708635,7.64,-5.76,-1.56
2322,46.54145936568076,7.53,-5.79,-1.54
2323,46.56150306049802,7.76,-5.68,-1.66
2324,46.58154675531528,7.76,-5.68,-1.66
2325,46.60159045013254,7.86,-5.68,-1.78
2326,46.6216341449498,7.86,-5.68,-1.78
2327,46.64167783976706,7.51,-5.7,-1.63
2328,46.66172153458432,7.21,-5.71,-1.63
2329,46.681765229401584,6.95,-5.71,-1.61
2330,46.701808924218845,6.68,-5.71,-1.59
2331,46.721852619036106,6.4,-5.72,-1.57
2332,46.74189631385337,6.16,-5.73,-1.55
2333,46.761940008670635,5.93,-5.72,-1.52
2334,46.781983703487896,5.7,-5.72,-1.5
2335,46.80202739830516,5.51,-5.72,-1.48
2336,46.82207109312242,5.33,-5.72,-1.46
2337,46.84211478793968,5.2,-5.72,-1.44
2338,46.86215848275694,5.16,-5.72,-1.43
2339,46.8822021775742,5.17,-5.71,-1.43
2340,46.90224587239146,5.19,-5.71,-1.43
2341,46.92228956720872,5.19,-5.71,-1.43
2342,46.94233326202598,5.18,-5.7,-1.43
2343,46.962376956843244,5.18,-5.7,-1.43
2344,46.982420651660505,5.18,-5.7,-1.43
2345,47.002464346477765,5.18,-5.69,-1.43
2346,47.022508041295026,5.18,-5.68,-1.43
2347,47.04255173611229,5.18,-5.68,-1.43
2348,47.06259543092955,5.18,-5.67,-1.42
2349,47.082639125746816,5.18,-5.67,-1.42
2350,47.10268282056408,5.18,-5.67,-1.42
2351,47.12272651538134,5.18,-5.67,-1.42
2352,47.1427702101986,5.19,-5.66,-1.42
2353,47.16281390501586,5.2,-5.66,-1.42
2354,47.18285759983312,5.21,-5.65,-1.41
2355,47.20290129465038,5.22,-5.65,-1.41
2356,47.22294498946764,5.22,-5.64,-1.41
2357,47.2429886842849,5.21,-5.63,-1.4
2358,47.263032379102164,5.2,-5.63,-1.4
2359,47.283076073919425,5.19,-5.62,-1.39
2360,47.303119768736686,5.19,-5.62,-1.39
2361,47.323163463553946,5.16,-5.63,-1.37
2362,47.34320715837121,5.13,-5.64,-1.36
2363,47.36325085318847,5.11,-5.65,-1.35
2364,47.38329454800573,5.12,-5.66,-1.34
2365,47.403338242823,5.13,-5.66,-1.34
2366,47.42338193764026,5.12,-5.66,-1.34
2367,47.44342563245752,5.12,-5.65,-1.35
2368,47.46346932727478,5.12,-5.64,-1.36
2369,47.48351302209204,5.11,-5.63,-1.36
2370,47.5035567169093,5.1,-5.61,-1.37
2371,47.52360041172656,5.1,-5.61,-1.37
2372,47.54364410654382,5.11,-5.61,-1.37
2373,47.563687801361084,5.11,-5.61,-1.37
