,yaw,pitch,roll
0,-1.26,-4.74,-1.56
1,-1.26,-4.73,-1.56
2,-1.26,-4.73,-1.56
3,-1.27,-4.73,-1.56
4,-1.26,-4.73,-1.56
5,-1.27,-4.74,-1.56
6,-1.27,-4.74,-1.56
7,-1.27,-4.74,-1.56
8,-1.27,-4.74,-1.56
9,-1.26,-4.73,-1.56
10,-1.26,-4.73,-1.56
11,-1.26,-4.73,-1.56
12,-1.26,-4.74,-1.56
13,-1.26,-4.74,-1.56
14,-1.26,-4.74,-1.56
15,-1.27,-4.74,-1.55
16,-1.26,-4.73,-1.55
17,-1.26,-4.74,-1.55
18,-1.26,-4.73,-1.55
19,-1.26,-4.74,-1.55
20,-1.26,-4.74,-1.55
21,-1.26,-4.73,-1.55
22,-1.26,-4.73,-1.55
23,-1.26,-4.73,-1.55
24,-1.27,-4.73,-1.56
25,-1.26,-4.73,-1.56
26,-1.26,-4.73,-1.56
27,-1.26,-4.73,-1.56
28,-1.26,-4.73,-1.56
29,-1.26,-4.73,-1.56
30,-1.26,-4.73,-1.56
31,-1.26,-4.74,-1.56
32,-1.26,-4.74,-1.56
33,-1.26,-4.74,-1.56
34,-1.26,-4.74,-1.56
35,-1.26,-4.73,-1.55
36,-1.27,-4.73,-1.56
37,-1.26,-4.73,-1.56
38,-1.26,-4.73,-1.56
39,-1.26,-4.74,-1.56
40,-1.26,-4.74,-1.56
41,-1.26,-4.74,-1.56
42,-1.26,-4.74,-1.56
43,-1.27,-4.74,-1.56
44,-1.26,-4.74,-1.56
45,-1.26,-4.74,-1.56
46,-1.26,-4.74,-1.56
47,-1.26,-4.74,-1.55
48,-1.26,-4.74,-1.55
49,-1.26,-4.73,-1.55
50,-1.26,-4.74,-1.56
51,-1.26,-4.74,-1.56
52,-1.26,-4.74,-1.56
53,-1.26,-4.74,-1.56
54,-1.26,-4.74,-1.56
55,-1.26,-4.74,-1.56
56,-1.27,-4.74,-1.56
57,-1.26,-4.74,-1.56
58,-1.26,-4.74,-1.56
59,-1.26,-4.74,-1.55
60,-1.26,-4.74,-1.55
61,-1.26,-4.74,-1.56
62,-1.27,-4.74,-1.56
63,-1.26,-4.74,-1.56
64,-1.26,-4.74,-1.56
65,-1.27,-4.74,-1.56
66,-1.26,-4.74,-1.56
67,-1.26,-4.74,-1.56
68,-1.27,-4.74,-1.56
69,-1.26,-4.73,-1.56
70,-1.27,-4.74,-1.56
71,-1.26,-4.73,-1.56
72,-1.26,-4.74,-1.55
73,-1.27,-4.73,-1.55
74,-1.27,-4.7,-1.54
75,-1.24,-4.54,-1.62
76,-1.17,-4.46,-1.68
77,-1.18,-4.56,-1.66
78,-1.18,-4.56,-1.66
79,-1.19,-4.37,-1.64
80,-1.25,-4.51,-1.65
81,-1.25,-4.66,-1.64
82,-1.29,-4.62,-1.62
83,-1.27,-4.72,-1.65
84,-1.33,-4.87,-1.64
85,-1.43,-4.77,-1.62
86,-1.37,-4.77,-1.62
87,-1.33,-4.87,-1.62
88,-1.4,-4.82,-1.62
89,-1.35,-4.7,-1.6
90,-1.31,-4.6,-1.59
91,-1.3,-4.54,-1.67
92,-1.3,-4.59,-1.7
93,-1.31,-4.5,-1.65
94,-1.28,-4.42,-1.64
95,-1.33,-4.6,-1.65
96,-1.37,-4.54,-1.61
97,-1.31,-4.48,-1.58
98,-1.31,-4.63,-1.59
99,-1.38,-4.6,-1.56
100,-1.34,-4.49,-1.55
101,-1.34,-4.58,-1.51
102,-1.39,-4.56,-1.46
103,-1.28,-4.42,-1.47
104,-1.21,-4.33,-1.5
105,-1.24,-4.36,-1.56
106,-1.3,-4.31,-1.52
107,-1.31,-4.2,-1.47
108,-1.32,-4.3,-1.48
109,-1.38,-4.33,-1.42
110,-1.35,-4.23,-1.37
111,-1.28,-4.32,-1.33
112,-1.31,-4.39,-1.31
113,-1.2,-4.34,-1.39
114,-1.28,-4.4,-1.34
115,-1.33,-4.25,-1.31
116,-1.22,-4.17,-1.33
117,-1.21,-4.29,-1.36
118,-1.3,-4.22,-1.32
119,-1.25,-4.07,-1.33
120,-1.22,-4.18,-1.42
121,-1.31,-4.19,-1.38
122,-1.27,-4.11,-1.37
123,-1.23,-4.31,-1.41
124,-1.39,-4.35,-1.36
125,-1.38,-4.25,-1.36
126,-1.25,-4.32,-1.42
127,-1.38,-4.34,-1.38
128,-1.34,-4.21,-1.37
129,-1.21,-4.17,-1.43
130,-1.28,-4.24,-1.44
131,-1.31,-4.16,-1.42
132,-1.21,-4.07,-1.45
133,-1.26,-4.2,-1.47
134,-1.37,-4.19,-1.37
135,-1.3,-4.13,-1.41
136,-1.34,-4.25,-1.45
137,-1.45,-4.23,-1.38
138,-1.46,-4.26,-1.29
139,-1.31,-4.17,-1.34
140,-1.23,-4.2,-1.43
141,-1.32,-4.22,-1.38
142,-1.29,-4.13,-1.35
143,-1.23,-4.12,-1.42
144,-1.29,-4.14,-1.37
145,-1.3,-4.1,-1.29
146,-1.22,-4.13,-1.42
147,-1.3,-4.19,-1.4
148,-1.34,-4.19,-1.3
149,-1.22,-4.19,-1.43
150,-1.31,-4.23,-1.4
151,-1.34,-4.21,-1.31
152,-1.18,-4.18,-1.43
153,-1.25,-4.14,-1.43
154,-1.35,-4.14,-1.3
155,-1.25,-4.13,-1.35
156,-1.25,-4.1,-1.45
157,-1.32,-4.1,-1.36
158,-1.26,-4.1,-1.5
159,-1.35,-4.14,-1.4
160,-1.32,-4.16,-1.36
161,-1.33,-4.16,-1.46
162,-1.35,-4.21,-1.4
163,-1.29,-4.24,-1.35
164,-1.33,-4.2,-1.47
165,-1.35,-4.14,-1.47
166,-1.32,-4.18,-1.38
167,-1.28,-4.21,-1.44
168,-1.27,-4.13,-1.46
169,-1.26,-4.15,-1.38
170,-1.27,-4.21,-1.45
171,-1.32,-4.14,-1.49
172,-1.32,-4.17,-1.41
173,-1.29,-4.24,-1.41
174,-1.35,-4.2,-1.44
175,-1.34,-4.24,-1.34
176,-1.28,-4.32,-1.34
177,-1.33,-4.25,-1.41
178,-1.33,-4.2,-1.38
179,-1.25,-4.29,-1.33
180,-1.26,-4.28,-1.43
181,-1.32,-4.18,-1.43
182,-1.29,-4.24,-1.31
183,-1.26,-4.27,-1.41
184,-1.32,-4.18,-1.43
185,-1.26,-4.37,-1.38
186,-1.31,-4.28,-1.43
187,-1.3,-4.29,-1.36
188,-1.22,-4.41,-1.37
189,-1.31,-4.32,-1.44
190,-1.3,-4.28,-1.4
191,-1.23,-4.4,-1.39
192,-1.28,-4.33,-1.44
193,-1.3,-4.24,-1.42
194,-1.28,-4.33,-1.37
195,-1.26,-4.33,-1.45
196,-1.29,-4.23,-1.47
197,-1.29,-4.3,-1.39
198,-1.3,-4.38,-1.45
199,-1.36,-4.3,-1.49
200,-1.29,-4.33,-1.4
201,-1.24,-4.43,-1.43
202,-1.38,-4.38,-1.49
203,-1.31,-4.38,-1.39
204,-1.25,-4.55,-1.32
205,-1.3,-4.55,-1.35
206,-1.33,-4.42,-1.45
207,-1.28,-4.4,-1.4
208,-1.4,-4.47,-1.3
209,-1.35,-4.46,-1.37
210,-1.27,-4.38,-1.45
211,-1.28,-4.33,-1.47
212,-1.33,-4.3,-1.48
213,-1.38,-4.38,-1.42
214,-1.31,-4.42,-1.41
215,-1.26,-4.38,-1.46
216,-1.3,-4.38,-1.45
217,-1.32,-4.44,-1.35
218,-1.33,-4.53,-1.25
219,-1.34,-4.52,-1.23
220,-1.29,-4.51,-1.29
221,-1.25,-4.48,-1.35
222,-1.24,-4.45,-1.38
223,-1.24,-4.4,-1.39
224,-1.28,-4.35,-1.4
225,-1.28,-4.35,-1.37
226,-1.33,-4.41,-1.31
227,-1.33,-4.43,-1.27
228,-1.27,-4.44,-1.31
229,-1.19,-4.44,-1.39
230,-1.11,-4.43,-1.42
231,-1.08,-4.41,-1.43
232,-1.1,-4.4,-1.42
233,-1.16,-4.39,-1.37
234,-1.26,-4.41,-1.3
235,-1.39,-4.43,-1.25
236,-1.52,-4.45,-1.22
237,-1.6,-4.45,-1.2
238,-1.55,-4.46,-1.22
239,-1.47,-4.47,-1.29
240,-1.37,-4.46,-1.33
241,-1.3,-4.45,-1.35
242,-1.27,-4.44,-1.35
243,-1.25,-4.42,-1.36
244,-1.23,-4.4,-1.35
245,-1.25,-4.4,-1.33
246,-1.33,-4.41,-1.3
247,-1.44,-4.43,-1.26
248,-1.57,-4.45,-1.23
249,-1.68,-4.46,-1.22
250,-1.75,-4.45,-1.22
251,-1.77,-4.45,-1.22
252,-1.72,-4.46,-1.24
253,-1.66,-4.47,-1.28
254,-1.6,-4.48,-1.3
255,-1.56,-4.49,-1.32
256,-1.54,-4.48,-1.34
257,-1.56,-4.47,-1.35
258,-1.55,-4.46,-1.36
259,-1.55,-4.45,-1.35
260,-1.56,-4.45,-1.35
261,-1.56,-4.44,-1.35
262,-1.55,-4.43,-1.35
263,-1.56,-4.43,-1.35
264,-1.55,-4.42,-1.35
265,-1.55,-4.41,-1.36
266,-1.57,-4.41,-1.35
267,-1.59,-4.4,-1.35
268,-1.64,-4.41,-1.33
269,-1.72,-4.41,-1.33
270,-1.86,-4.4,-1.33
271,-2.02,-4.4,-1.32
272,-2.18,-4.4,-1.31
273,-2.3,-4.4,-1.3
274,-2.36,-4.4,-1.29
275,-2.38,-4.4,-1.29
276,-2.37,-4.4,-1.29
277,-2.37,-4.4,-1.29
278,-2.38,-4.4,-1.28
279,-2.37,-4.4,-1.29
280,-2.38,-4.41,-1.29
281,-2.42,-4.42,-1.33
282,-2.4,-4.39,-1.39
283,-2.44,-4.39,-1.41
284,-2.46,-4.44,-1.4
285,-2.43,-4.54,-1.39
286,-2.23,-4.46,-1.43
287,-2.2,-4.4,-1.49
288,-2.19,-4.48,-1.48
289,-2.26,-4.42,-1.45
290,-2.42,-4.34,-1.43
291,-2.39,-4.45,-1.39
292,-2.26,-4.42,-1.43
293,-2.44,-4.33,-1.42
294,-2.53,-4.36,-1.25
295,-2.41,-4.47,-1.24
296,-2.4,-4.41,-1.42
297,-2.42,-4.43,-1.27
298,-2.42,-4.43,-1.27
299,-2.39,-4.42,-1.47
300,-2.43,-4.43,-1.49
301,-2.39,-4.46,-1.36
302,-2.44,-4.41,-1.4
303,-2.43,-4.41,-1.41
304,-2.39,-4.42,-1.33
305,-2.39,-4.42,-1.33
306,-2.48,-4.43,-1.31
307,-2.4,-4.46,-1.27
308,-2.43,-4.42,-1.33
309,-2.51,-4.42,-1.33
310,-2.43,-4.5,-1.26
311,-2.35,-4.47,-1.34
312,-2.51,-4.4,-1.39
313,-2.46,-4.46,-1.33
314,-2.26,-4.49,-1.34
315,-2.4,-4.43,-1.38
316,-2.43,-4.44,-1.31
317,-2.31,-4.46,-1.38
318,-2.41,-4.41,-1.33
319,-2.44,-4.44,-1.18
320,-2.3,-4.42,-1.43
321,-2.39,-4.39,-1.46
322,-2.46,-4.44,-1.28
323,-2.33,-4.48,-1.48
324,-2.43,-4.46,-1.53
325,-2.45,-4.47,-1.35
326,-2.34,-4.49,-1.43
327,-2.41,-4.47,-1.52
328,-2.47,-4.42,-1.42
329,-2.4,-4.43,-1.47
330,-2.36,-4.44,-1.49
331,-2.44,-4.33,-1.36
332,-2.41,-4.36,-1.38
333,-2.38,-4.38,-1.4
334,-2.44,-4.32,-1.35
335,-2.36,-4.37,-1.37
336,-2.35,-4.4,-1.33
337,-2.46,-4.34,-1.29
338,-2.41,-4.38,-1.34
339,-2.39,-4.44,-1.33
340,-2.43,-4.36,-1.33
341,-2.39,-4.38,-1.26
342,-2.4,-4.42,-1.23
343,-2.45,-4.36,-1.27
344,-2.42,-4.39,-1.21
345,-2.36,-4.39,-1.19
346,-2.4,-4.34,-1.25
347,-2.39,-4.32,-1.17
348,-2.36,-4.35,-1.18
349,-2.44,-4.34,-1.22
350,-2.38,-4.41,-1.12
351,-2.36,-4.38,-1.14
352,-2.47,-4.35,-1.13
353,-2.39,-4.4,-1.1
354,-2.38,-4.35,-1.22
355,-2.48,-4.33,-1.15
356,-2.39,-4.35,-1.25
357,-2.46,-4.31,-1.14
358,-2.37,-4.32,-1.23
359,-2.41,-4.3,-1.33
360,-2.4,-4.28,-1.24
361,-2.38,-4.31,-1.29
362,-2.47,-4.29,-1.23
363,-2.38,-4.32,-1.16
364,-2.42,-4.31,-1.33
365,-2.47,-4.28,-1.26
366,-2.32,-4.32,-1.25
367,-2.4,-4.33,-1.33
368,-2.43,-4.28,-1.21
369,-2.36,-4.31,-1.29
370,-2.44,-4.33,-1.29
371,-2.43,-4.3,-1.2
372,-2.37,-4.36,-1.27
373,-2.46,-4.36,-1.18
374,-2.44,-4.29,-1.16
375,-2.42,-4.38,-1.17
376,-2.46,-4.33,-1.05
377,-2.45,-4.37,-1.19
378,-2.42,-4.33,-1.04
379,-2.4,-4.34,-1.15
380,-2.45,-4.36,-1.12
381,-2.41,-4.35,-1.1
382,-2.45,-4.35,-1.06
383,-2.47,-4.34,-0.95
384,-2.38,-4.34,-1.07
385,-2.43,-4.37,-1.09
386,-2.44,-4.33,-1.03
387,-2.41,-4.36,-1.12
388,-2.49,-4.35,-1.08
389,-2.35,-4.33,-1.11
390,-2.42,-4.35,-1.2
391,-2.45,-4.33,-1.13
392,-2.34,-4.35,-1.19
393,-2.46,-4.36,-1.12
394,-2.34,-4.36,-1.04
395,-2.39,-4.33,-1.15
396,-2.46,-4.34,-1.08
397,-2.33,-4.34,-1.12
398,-2.42,-4.31,-1.11
399,-2.36,-4.39,-1.03
400,-2.36,-4.3,-1.11
401,-2.44,-4.31,-1.07
402,-2.36,-4.42,-1.02
403,-2.43,-4.33,-1.03
404,-2.48,-4.34,-0.92
405,-2.37,-4.42,-0.92
406,-2.46,-4.43,-0.89
407,-2.54,-4.32,-0.9
408,-2.44,-4.39,-0.97
409,-2.33,-4.49,-0.96
410,-2.34,-4.44,-0.9
411,-2.41,-4.33,-0.89
412,-2.5,-4.34,-0.96
413,-2.4,-4.44,-0.94
414,-2.34,-4.43,-0.83
415,-2.4,-4.41,-0.77
416,-2.54,-4.35,-0.8
417,-2.61,-4.34,-0.89
418,-2.58,-4.37,-0.84
419,-2.48,-4.36,-0.77
420,-2.33,-4.38,-0.81
421,-2.2,-4.38,-0.79
422,-2.01,-4.39,-0.78
423,-1.85,-4.38,-0.81
424,-1.65,-4.41,-0.84
425,-1.39,-4.4,-0.88
426,-1.11,-4.4,-0.91
427,-0.78,-4.4,-0.94
428,-0.43,-4.39,-0.98
429,-0.1,-4.38,-1.02
430,0.19,-4.37,-1.05
431,0.41,-4.36,-1.08
432,0.61,-4.36,-1.1
433,0.76,-4.36,-1.12
434,0.86,-4.36,-1.13
435,0.89,-4.36,-1.14
436,0.86,-4.36,-1.14
437,0.85,-4.36,-1.14
438,0.86,-4.36,-1.14
439,0.87,-4.35,-1.14
440,0.86,-4.35,-1.14
441,0.86,-4.35,-1.14
442,0.86,-4.35,-1.14
443,0.86,-4.35,-1.14
444,0.84,-4.35,-1.13
445,0.82,-4.35,-1.12
446,0.79,-4.36,-1.11
447,0.73,-4.36,-1.1
448,0.68,-4.36,-1.1
449,0.65,-4.35,-1.1
450,0.62,-4.35,-1.1
451,0.61,-4.35,-1.1
452,0.61,-4.35,-1.1
453,0.62,-4.35,-1.11
454,0.62,-4.35,-1.1
455,0.62,-4.35,-1.1
456,0.63,-4.35,-1.1
457,0.62,-4.35,-1.1
458,0.62,-4.35,-1.1
459,0.62,-4.35,-1.1
460,0.62,-4.35,-1.1
461,0.62,-4.35,-1.1
462,0.62,-4.35,-1.1
463,0.62,-4.35,-1.1
464,0.62,-4.35,-1.1
465,0.62,-4.35,-1.1
466,0.62,-4.35,-1.1
467,0.62,-4.35,-1.1
468,0.62,-4.35,-1.1
469,0.62,-4.34,-1.1
470,0.62,-4.34,-1.1
471,0.62,-4.34,-1.09
472,0.62,-4.34,-1.09
473,0.59,-4.37,-1.09
474,0.6,-4.42,-1.08
475,0.56,-4.51,-1.03
476,0.65,-4.57,-1.02
477,0.76,-4.61,-1.01
478,0.75,-4.58,-0.95
479,0.7,-4.55,-0.94
480,0.64,-4.48,-1.06
481,0.66,-4.4,-1.1
482,0.72,-4.38,-1.05
483,0.59,-4.29,-1.17
484,0.53,-4.21,-1.22
485,0.65,-4.19,-1.22
486,0.61,-4.16,-1.33
487,0.53,-4.17,-1.36
488,0.62,-4.18,-1.23
489,0.61,-4.19,-1.2
490,0.5,-4.24,-1.29
491,0.51,-4.29,-1.32
492,0.59,-4.34,-1.18
493,0.56,-4.37,-1.12
494,0.48,-4.36,-1.27
495,0.49,-4.32,-1.24
496,0.57,-4.28,-1.08
497,0.57,-4.27,-1.2
498,0.58,-4.18,-1.17
499,0.63,-4.13,-1.11
500,0.56,-4.16,-1.24
501,0.57,-4.23,-1.18
502,0.52,-4.33,-1.19
503,0.59,-4.35,-1.06
504,0.58,-4.34,-1.08
505,0.48,-4.38,-1.18
506,0.54,-4.33,-1.09
507,0.59,-4.26,-1.02
508,0.54,-4.3,-1.06
509,0.57,-4.22,-0.96
510,0.59,-4.14,-1.01
511,0.59,-4.22,-1.1
512,0.62,-4.19,-0.94
513,0.61,-4.16,-1.02
514,0.53,-4.25,-1.1
515,0.57,-4.24,-0.92
516,0.65,-4.23,-0.93
517,0.49,-4.29,-1.08
518,0.5,-4.3,-0.96
519,0.64,-4.29,-0.91
520,0.48,-4.29,-1.02
521,0.53,-4.26,-1.01
522,0.58,-4.23,-1.03
523,0.59,-4.22,-0.96
524,0.68,-4.24,-0.89
525,0.68,-4.23,-0.98
526,0.71,-4.3,-0.86
527,0.63,-4.31,-1.07
528,0.49,-4.35,-1.12
529,0.49,-4.35,-1.12
530,0.63,-4.41,-0.98
531,0.49,-4.4,-1.05
532,0.59,-4.39,-0.93
533,0.63,-4.33,-1.04
534,0.63,-4.33,-1.04
535,0.6,-4.27,-1.04
536,0.66,-4.28,-1.06
537,0.6,-4.37,-0.94
538,0.57,-4.31,-1.11
539,0.58,-4.36,-1.1
540,0.6,-4.42,-0.93
541,0.58,-4.38,-1.11
542,0.54,-4.32,-1.11
543,0.64,-4.35,-0.95
544,0.63,-4.38,-1.07
545,0.47,-4.37,-1.06
546,0.63,-4.31,-1.0
547,0.62,-4.32,-1.06
548,0.55,-4.3,-1.01
549,0.6,-4.22,-1.11
550,0.6,-4.22,-1.16
551,0.55,-4.21,-1.17
552,0.57,-4.24,-1.26
553,0.59,-4.27,-1.17
554,0.62,-4.24,-1.21
555,0.53,-4.31,-1.34
556,0.5,-4.3,-1.22
557,0.63,-4.29,-1.22
558,0.55,-4.36,-1.25
559,0.59,-4.34,-1.17
560,0.58,-4.23,-1.25
561,0.59,-4.18,-1.31
562,0.62,-4.21,-1.37
563,0.6,-4.2,-1.24
564,0.58,-4.19,-1.32
565,0.58,-4.18,-1.29
566,0.64,-4.21,-1.2
567,0.63,-4.28,-1.32
568,0.54,-4.27,-1.26
569,0.64,-4.31,-1.21
570,0.57,-4.32,-1.35
571,0.52,-4.29,-1.24
572,0.64,-4.29,-1.27
573,0.59,-4.17,-1.26
574,0.54,-4.22,-1.19
575,0.58,-4.22,-1.25
576,0.65,-4.2,-1.17
577,0.62,-4.18,-1.27
578,0.59,-4.11,-1.27
579,0.63,-4.19,-1.17
580,0.6,-4.18,-1.33
581,0.56,-4.25,-1.27
582,0.68,-4.41,-1.18
583,0.6,-4.33,-1.29
584,0.52,-4.4,-1.22
585,0.64,-4.43,-1.19
586,0.57,-4.35,-1.24
587,0.5,-4.4,-1.24
588,0.55,-4.32,-1.26
589,0.63,-4.26,-1.28
590,0.67,-4.18,-1.3
591,0.69,-4.14,-1.34
592,0.69,-4.26,-1.32
593,0.65,-4.38,-1.29
594,0.64,-4.43,-1.33
595,0.65,-4.4,-1.31
596,0.65,-4.5,-1.3
597,0.62,-4.65,-1.27
598,0.55,-4.67,-1.25
599,0.51,-4.57,-1.27
600,0.54,-4.57,-1.26
601,0.61,-4.63,-1.22
602,0.55,-4.59,-1.17
603,0.51,-4.41,-1.21
604,0.56,-4.28,-1.32
605,0.64,-4.37,-1.33
606,0.66,-4.48,-1.33
607,0.63,-4.71,-1.33
608,0.65,-4.68,-1.33
609,0.66,-4.67,-1.33
610,0.63,-4.7,-1.32
611,0.64,-4.67,-1.32
612,0.7,-4.63,-1.31
613,0.74,-4.59,-1.3
614,0.78,-4.55,-1.29
615,0.78,-4.52,-1.31
616,0.74,-4.5,-1.35
617,0.72,-4.49,-1.35
618,0.74,-4.5,-1.34
619,0.74,-4.51,-1.34
620,0.73,-4.52,-1.33
621,0.73,-4.53,-1.33
622,0.74,-4.54,-1.32
623,0.74,-4.55,-1.32
624,0.74,-4.56,-1.32
625,0.74,-4.57,-1.31
626,0.74,-4.58,-1.31
627,0.74,-4.58,-1.31
628,0.74,-4.58,-1.3
629,0.74,-4.59,-1.3
630,0.74,-4.59,-1.3
631,0.74,-4.59,-1.3
632,0.74,-4.59,-1.3
633,0.74,-4.58,-1.31
634,0.74,-4.58,-1.31
635,0.74,-4.58,-1.32
636,0.74,-4.57,-1.32
637,0.74,-4.57,-1.32
638,0.74,-4.56,-1.33
639,0.74,-4.56,-1.33
640,0.74,-4.55,-1.33
641,0.74,-4.55,-1.33
642,0.74,-4.55,-1.33
643,0.74,-4.55,-1.33
644,0.74,-4.55,-1.33
645,0.74,-4.55,-1.33
646,0.74,-4.55,-1.33
647,0.74,-4.55,-1.33
648,0.74,-4.55,-1.33
649,0.74,-4.55,-1.33
650,0.73,-4.55,-1.33
651,0.72,-4.56,-1.32
652,0.7,-4.58,-1.31
653,0.69,-4.59,-1.29
654,0.7,-4.61,-1.28
655,0.71,-4.62,-1.28
656,0.71,-4.63,-1.27
657,0.71,-4.64,-1.27
658,0.72,-4.65,-1.27
659,0.73,-4.65,-1.26
660,0.77,-4.64,-1.23
661,0.7,-4.64,-1.17
662,0.56,-4.68,-1.17
663,0.29,-4.67,-1.29
664,0.15,-4.73,-1.24
665,0.06,-4.78,-1.25
666,0.1,-4.73,-1.23
667,0.24,-4.77,-1.21
668,0.38,-4.72,-1.37
669,0.43,-4.67,-1.41
670,0.54,-4.68,-1.33
671,0.61,-4.79,-1.46
672,0.65,-4.79,-1.55
673,0.7,-4.78,-1.39
674,0.79,-4.81,-1.42
675,0.82,-4.79,-1.54
676,0.86,-4.79,-1.49
677,0.84,-4.83,-1.32
678,0.83,-4.85,-1.33
679,0.82,-4.82,-1.45
680,0.8,-4.84,-1.33
681,0.81,-4.86,-1.26
682,0.86,-4.85,-1.45
683,0.9,-4.89,-1.58
684,0.88,-4.86,-1.5
685,0.88,-4.88,-1.64
686,0.86,-4.85,-1.76
687,0.83,-4.86,-1.58
688,0.82,-4.86,-1.57
689,0.76,-4.89,-1.75
690,0.79,-4.94,-1.7
691,0.87,-4.91,-1.54
692,0.79,-4.88,-1.64
693,0.69,-4.96,-1.68
694,0.7,-4.91,-1.54
695,0.73,-4.82,-1.62
696,0.69,-4.91,-1.68
697,0.72,-4.9,-1.57
698,0.79,-4.82,-1.61
699,0.7,-4.91,-1.69
700,0.74,-4.88,-1.6
701,0.84,-4.84,-1.59
702,0.69,-4.94,-1.64
703,0.65,-4.97,-1.63
704,0.74,-4.91,-1.57
705,0.63,-4.97,-1.55
706,0.65,-4.97,-1.64
707,0.73,-4.9,-1.62
708,0.7,-4.92,-1.61
709,0.69,-4.87,-1.69
710,0.67,-4.87,-1.64
711,0.63,-4.91,-1.61
712,0.61,-4.87,-1.71
713,0.64,-4.9,-1.62
714,0.74,-4.89,-1.67
715,0.63,-4.85,-1.73
716,0.58,-4.91,-1.54
717,0.74,-4.94,-1.62
718,0.6,-4.98,-1.68
719,0.62,-4.95,-1.56
720,0.78,-4.94,-1.59
721,0.59,-4.98,-1.62
722,0.71,-4.96,-1.54
723,0.81,-4.92,-1.64
724,0.62,-4.91,-1.68
725,0.73,-4.89,-1.62
726,0.74,-4.97,-1.65
727,0.6,-4.95,-1.63
728,0.75,-4.88,-1.62
729,0.73,-4.96,-1.68
730,0.66,-4.95,-1.6
731,0.72,-4.93,-1.59
732,0.66,-5.01,-1.62
733,0.66,-4.98,-1.56
734,0.73,-5.0,-1.5
735,0.69,-5.06,-1.51
736,0.72,-4.99,-1.51
737,0.69,-5.02,-1.5
738,0.69,-5.01,-1.49
739,0.66,-5.0,-1.49
740,0.64,-4.98,-1.42
741,0.65,-5.02,-1.38
742,0.7,-5.08,-1.46
743,0.67,-4.99,-1.42
744,0.68,-5.02,-1.37
745,0.68,-5.06,-1.4
746,0.6,-5.07,-1.3
747,0.7,-5.08,-1.3
748,0.72,-5.06,-1.32
749,0.64,-5.07,-1.28
750,0.76,-5.11,-1.35
751,0.66,-5.13,-1.31
752,0.65,-5.14,-1.3
753,0.73,-5.15,-1.42
754,0.63,-5.15,-1.37
755,0.76,-5.14,-1.36
756,0.67,-5.22,-1.43
757,0.64,-5.18,-1.38
758,0.76,-5.17,-1.45
759,0.63,-5.22,-1.41
760,0.73,-5.19,-1.37
761,0.75,-5.25,-1.47
762,0.62,-5.23,-1.42
763,0.73,-5.22,-1.43
764,0.67,-5.28,-1.42
765,0.68,-5.23,-1.38
766,0.78,-5.25,-1.47
767,0.61,-5.27,-1.42
768,0.7,-5.23,-1.42
769,0.58,-5.26,-1.43
770,0.69,-5.25,-1.46
771,0.58,-5.32,-1.44
772,0.64,-5.26,-1.38
773,0.64,-5.26,-1.38
774,0.65,-5.3,-1.41
775,0.69,-5.28,-1.37
776,0.67,-5.28,-1.37
777,0.59,-5.27,-1.39
778,0.67,-5.29,-1.46
779,0.69,-5.33,-1.44
780,0.68,-5.29,-1.46
781,0.76,-5.25,-1.54
782,0.75,-5.35,-1.51
783,0.68,-5.33,-1.53
784,0.7,-5.3,-1.57
785,0.77,-5.28,-1.49
786,0.75,-5.29,-1.44
787,0.64,-5.34,-1.44
788,0.65,-5.32,-1.46
789,0.7,-5.28,-1.43
790,0.75,-5.27,-1.46
791,0.67,-5.36,-1.44
792,0.61,-5.38,-1.43
793,0.65,-5.3,-1.38
794,0.82,-5.22,-1.5
795,0.87,-5.24,-1.62
796,0.85,-5.27,-1.62
797,0.8,-5.3,-1.56
798,0.77,-5.3,-1.55
799,0.8,-5.31,-1.52
800,0.81,-5.3,-1.5
801,1.1,-5.23,-1.53
802,1.1,-5.23,-1.53
803,1.64,-5.22,-1.62
804,1.97,-5.23,-1.66
805,2.29,-5.27,-1.67
806,2.52,-5.3,-1.67
807,2.62,-5.31,-1.67
808,2.59,-5.31,-1.66
809,2.52,-5.31,-1.65
810,2.45,-5.31,-1.66
811,2.38,-5.31,-1.66
812,2.29,-5.3,-1.67
813,2.21,-5.3,-1.67
814,2.14,-5.3,-1.67
815,2.1,-5.29,-1.66
816,2.11,-5.3,-1.66
817,2.12,-5.31,-1.66
818,2.12,-5.31,-1.66
819,2.12,-5.32,-1.66
820,2.13,-5.32,-1.66
821,2.12,-5.33,-1.66
822,2.12,-5.33,-1.65
823,2.13,-5.34,-1.65
824,2.13,-5.34,-1.65
825,2.12,-5.35,-1.64
826,2.12,-5.35,-1.64
827,2.12,-5.36,-1.64
828,2.12,-5.36,-1.64
829,2.13,-5.37,-1.64
830,2.13,-5.37,-1.64
831,2.13,-5.38,-1.64
832,2.13,-5.38,-1.64
833,2.14,-5.39,-1.64
834,2.14,-5.39,-1.64
835,2.14,-5.39,-1.64
836,2.14,-5.4,-1.64
837,2.14,-5.41,-1.64
838,2.15,-5.41,-1.64
839,2.14,-5.41,-1.64
840,2.15,-5.41,-1.64
841,2.14,-5.41,-1.64
842,2.14,-5.41,-1.64
843,2.14,-5.41,-1.63
844,2.14,-5.41,-1.63
845,2.14,-5.41,-1.64
846,2.14,-5.41,-1.64
847,2.14,-5.41,-1.64
848,2.14,-5.41,-1.64
849,2.14,-5.41,-1.64
850,2.15,-5.41,-1.64
851,2.15,-5.39,-1.62
852,2.11,-5.31,-1.62
853,2.09,-5.21,-1.62
854,1.98,-5.2,-1.53
855,1.87,-5.25,-1.48
856,1.98,-5.18,-1.56
857,2.24,-5.2,-1.67
858,2.31,-5.29,-1.58
859,2.17,-5.26,-1.51
860,2.27,-5.26,-1.65
861,2.23,-5.4,-1.58
862,2.02,-5.39,-1.42
863,2.12,-5.32,-1.58
864,2.16,-5.43,-1.61
865,2.03,-5.45,-1.43
866,2.09,-5.31,-1.47
867,2.14,-5.29,-1.58
868,2.09,-5.34,-1.55
869,2.02,-5.29,-1.45
870,2.08,-5.17,-1.42
871,2.2,-5.1,-1.54
872,2.19,-5.12,-1.5
873,2.09,-5.1,-1.41
874,2.12,-5.09,-1.41
875,2.1,-5.2,-1.33
876,2.02,-5.19,-1.19
877,2.07,-5.15,-1.3
878,2.09,-5.25,-1.32
879,2.03,-5.26,-1.19
880,2.12,-5.12,-1.25
881,2.21,-5.14,-1.39
882,2.11,-5.24,-1.28
883,2.08,-5.15,-1.18
884,2.13,-5.01,-1.26
885,2.21,-5.03,-1.36
886,2.07,-5.09,-1.26
887,2.08,-5.03,-1.27
888,2.19,-5.06,-1.38
889,2.05,-5.18,-1.25
890,2.03,-5.14,-1.26
891,2.08,-5.19,-1.39
892,2.1,-5.12,-1.25
893,2.18,-5.08,-1.41
894,2.1,-5.14,-1.36
895,2.09,-5.1,-1.26
896,2.12,-5.02,-1.31
897,2.12,-5.04,-1.32
898,2.15,-5.05,-1.37
899,2.17,-5.08,-1.43
900,2.03,-5.12,-1.31
901,2.12,-5.11,-1.38
902,2.11,-5.14,-1.42
903,1.98,-5.16,-1.28
904,2.11,-5.12,-1.36
905,2.09,-5.12,-1.42
906,1.96,-5.16,-1.28
907,2.05,-5.12,-1.25
908,2.16,-5.07,-1.34
909,2.12,-5.04,-1.32
910,2.11,-5.08,-1.26
911,2.12,-5.07,-1.33
912,2.05,-5.07,-1.26
913,2.1,-5.12,-1.23
914,2.14,-5.13,-1.29
915,2.04,-5.13,-1.23
916,2.13,-5.22,-1.22
917,2.12,-5.13,-1.27
918,2.14,-5.2,-1.26
919,2.14,-5.15,-1.32
920,2.11,-5.06,-1.32
921,2.19,-5.1,-1.26
922,2.19,-5.09,-1.3
923,2.12,-5.02,-1.31
924,2.16,-5.09,-1.28
925,2.13,-5.15,-1.31
926,2.13,-5.15,-1.31
927,2.05,-5.2,-1.28
928,2.09,-5.25,-1.3
929,2.04,-5.16,-1.32
930,2.11,-5.21,-1.3
931,2.11,-5.21,-1.3
932,2.06,-5.16,-1.25
933,2.17,-5.15,-1.36
934,2.15,-5.25,-1.34
935,2.11,-5.18,-1.3
936,2.2,-5.15,-1.39
937,2.07,-5.24,-1.33
938,2.04,-5.18,-1.27
939,2.04,-5.18,-1.27
940,2.03,-5.27,-1.31
941,2.02,-5.23,-1.27
942,2.13,-5.23,-1.35
943,2.04,-5.27,-1.27
944,2.09,-5.24,-1.27
945,2.19,-5.24,-1.42
946,2.09,-5.27,-1.34
947,2.08,-5.2,-1.28
948,2.15,-5.17,-1.4
949,2.09,-5.22,-1.28
950,2.12,-5.2,-1.24
951,2.19,-5.22,-1.45
952,2.03,-5.29,-1.33
953,2.05,-5.29,-1.29
954,2.13,-5.27,-1.43
955,2.0,-5.33,-1.3
956,2.12,-5.34,-1.31
957,2.16,-5.31,-1.41
958,2.08,-5.32,-1.29
959,2.14,-5.32,-1.31
960,2.16,-5.3,-1.42
961,2.08,-5.29,-1.34
962,2.15,-5.3,-1.32
963,2.15,-5.28,-1.44
964,2.04,-5.29,-1.36
965,2.13,-5.27,-1.44
966,2.03,-5.31,-1.32
967,2.11,-5.4,-1.35
968,2.09,-5.38,-1.44
969,2.04,-5.38,-1.35
970,2.13,-5.43,-1.35
971,2.11,-5.4,-1.42
972,2.05,-5.39,-1.34
973,2.11,-5.37,-1.33
974,2.13,-5.34,-1.44
975,2.07,-5.35,-1.38
976,2.13,-5.34,-1.37
977,2.13,-5.34,-1.45
978,2.01,-5.41,-1.33
979,2.12,-5.5,-1.25
980,2.15,-5.55,-1.35
981,2.02,-5.56,-1.38
982,2.05,-5.57,-1.25
983,2.09,-5.54,-1.22
984,2.04,-5.5,-1.35
985,2.14,-5.48,-1.37
986,2.12,-5.47,-1.27
987,2.07,-5.43,-1.18
988,2.18,-5.4,-1.28
989,2.26,-5.46,-1.34
990,2.13,-5.51,-1.26
991,2.08,-5.54,-1.2
992,2.07,-5.53,-1.26
993,2.14,-5.54,-1.33
994,2.24,-5.57,-1.39
995,2.22,-5.58,-1.38
996,2.13,-5.56,-1.32
997,2.11,-5.51,-1.29
998,2.19,-5.48,-1.28
999,2.18,-5.52,-1.26
1000,2.14,-5.5,-1.27
1001,2.12,-5.5,-1.27
1002,2.11,-5.5,-1.27
1003,2.13,-5.46,-1.28
1004,2.11,-5.45,-1.29
1005,2.1,-5.44,-1.29
1006,2.11,-5.42,-1.29
1007,2.13,-5.41,-1.3
1008,2.16,-5.41,-1.31
1009,2.16,-5.4,-1.32
1010,2.16,-5.39,-1.33
1011,2.17,-5.39,-1.33
1012,2.19,-5.39,-1.34
1013,2.24,-5.39,-1.35
1014,2.32,-5.39,-1.37
1015,2.43,-5.39,-1.38
1016,2.51,-5.39,-1.37
1017,2.52,-5.4,-1.37
1018,2.5,-5.4,-1.37
1019,2.5,-5.39,-1.37
1020,2.51,-5.39,-1.37
1021,2.51,-5.38,-1.37
1022,2.5,-5.38,-1.37
1023,2.51,-5.37,-1.37
1024,2.51,-5.38,-1.36
1025,2.5,-5.38,-1.36
1026,2.5,-5.38,-1.36
1027,2.5,-5.39,-1.36
1028,2.5,-5.39,-1.36
1029,2.5,-5.39,-1.36
1030,2.5,-5.39,-1.36
1031,2.5,-5.4,-1.36
1032,2.5,-5.4,-1.35
1033,2.5,-5.41,-1.35
1034,2.5,-5.41,-1.35
1035,2.5,-5.41,-1.35
1036,2.5,-5.41,-1.35
1037,2.5,-5.41,-1.35
1038,2.5,-5.41,-1.35
1039,2.5,-5.41,-1.35
1040,2.5,-5.41,-1.35
1041,2.5,-5.41,-1.35
1042,2.5,-5.4,-1.35
1043,2.5,-5.4,-1.35
1044,2.5,-5.4,-1.35
1045,2.5,-5.4,-1.35
1046,2.5,-5.4,-1.35
1047,2.5,-5.4,-1.35
1048,2.5,-5.4,-1.35
1049,2.48,-5.41,-1.35
1050,2.46,-5.41,-1.36
1051,2.51,-5.4,-1.42
1052,2.52,-5.4,-1.46
1053,2.56,-5.45,-1.48
1054,2.7,-5.54,-1.51
1055,2.99,-5.53,-1.46
1056,3.08,-5.46,-1.57
1057,2.9,-5.49,-1.6
1058,2.73,-5.48,-1.53
1059,2.66,-5.47,-1.52
1060,2.65,-5.48,-1.41
1061,2.57,-5.37,-1.4
1062,2.43,-5.46,-1.43
1063,2.37,-5.42,-1.32
1064,2.29,-5.4,-1.41
1065,2.36,-5.51,-1.45
1066,2.43,-5.58,-1.39
1067,2.43,-5.52,-1.41
1068,2.26,-5.45,-1.47
1069,2.25,-5.56,-1.47
1070,2.35,-5.58,-1.41
1071,2.3,-5.45,-1.41
1072,2.33,-5.52,-1.37
1073,2.45,-5.57,-1.35
1074,2.33,-5.43,-1.44
1075,2.24,-5.42,-1.37
1076,2.36,-5.55,-1.34
1077,2.38,-5.44,-1.46
1078,2.3,-5.41,-1.43
1079,2.37,-5.54,-1.35
1080,2.47,-5.58,-1.45
1081,2.35,-5.44,-1.51
1082,2.36,-5.5,-1.38
1083,2.56,-5.6,-1.4
1084,2.49,-5.51,-1.51
1085,2.39,-5.51,-1.36
1086,2.54,-5.55,-1.41
1087,2.48,-5.53,-1.53
1088,2.41,-5.56,-1.35
1089,2.52,-5.56,-1.4
1090,2.46,-5.58,-1.5
1091,2.39,-5.6,-1.36
1092,2.48,-5.58,-1.37
1093,2.46,-5.58,-1.51
1094,2.43,-5.56,-1.45
1095,2.49,-5.5,-1.4
1096,2.45,-5.59,-1.51
1097,2.41,-5.56,-1.46
1098,2.45,-5.46,-1.38
1099,2.52,-5.5,-1.43
1100,2.48,-5.52,-1.47
1101,2.43,-5.41,-1.43
1102,2.51,-5.43,-1.47
1103,2.47,-5.53,-1.41
1104,2.45,-5.42,-1.42
1105,2.51,-5.45,-1.46
1106,2.43,-5.52,-1.4
1107,2.43,-5.44,-1.39
1108,2.5,-5.51,-1.35
1109,2.5,-5.56,-1.28
1110,2.47,-5.44,-1.33
1111,2.51,-5.51,-1.36
1112,2.43,-5.5,-1.22
1113,2.49,-5.51,-1.26
1114,2.42,-5.41,-1.26
1115,2.44,-5.53,-1.11
1116,2.5,-5.5,-1.2
1117,2.45,-5.44,-1.2
1118,2.52,-5.52,-1.18
1119,2.51,-5.45,-1.3
1120,2.44,-5.42,-1.21
1121,2.55,-5.53,-1.23
1122,2.5,-5.47,-1.29
1123,2.48,-5.47,-1.19
1124,2.58,-5.53,-1.27
1125,2.45,-5.43,-1.3
1126,2.43,-5.47,-1.22
1127,2.48,-5.5,-1.32
1128,2.39,-5.41,-1.23
1129,2.48,-5.48,-1.21
1130,2.48,-5.52,-1.37
1131,2.39,-5.42,-1.3
1132,2.5,-5.5,-1.31
1133,2.46,-5.52,-1.36
1134,2.4,-5.45,-1.25
1135,2.52,-5.51,-1.35
1136,2.47,-5.49,-1.35
1137,2.43,-5.41,-1.26
1138,2.5,-5.51,-1.37
1139,2.41,-5.51,-1.27
1140,2.45,-5.44,-1.24
1141,2.47,-5.52,-1.33
1142,2.4,-5.5,-1.22
1143,2.53,-5.54,-1.25
1144,2.45,-5.54,-1.26
1145,2.37,-5.5,-1.16
1146,2.49,-5.57,-1.2
1147,2.43,-5.54,-1.13
1148,2.42,-5.48,-1.16
1149,2.5,-5.58,-1.17
1150,2.48,-5.55,-1.07
1151,2.5,-5.55,-1.13
1152,2.49,-5.57,-1.15
1153,2.44,-5.5,-1.11
1154,2.53,-5.61,-1.15
1155,2.48,-5.63,-1.09
1156,2.48,-5.53,-1.12
1157,2.55,-5.63,-1.21
1158,2.45,-5.56,-1.14
1159,2.48,-5.57,-1.17
1160,2.46,-5.58,-1.15
1161,2.46,-5.51,-1.14
1162,2.52,-5.58,-1.22
1163,2.44,-5.53,-1.16
1164,2.5,-5.53,-1.17
1165,2.53,-5.61,-1.19
1166,2.46,-5.52,-1.12
1167,2.53,-5.55,-1.23
1168,2.48,-5.59,-1.16
1169,2.49,-5.49,-1.13
1170,2.51,-5.57,-1.23
1171,2.38,-5.57,-1.03
1172,2.4,-5.55,-0.94
1173,2.39,-5.58,-1.1
1174,2.36,-5.57,-1.03
1175,2.43,-5.55,-0.93
1176,2.44,-5.54,-1.17
1177,2.42,-5.57,-1.16
1178,2.49,-5.57,-1.03
1179,2.45,-5.58,-1.0
1180,2.42,-5.59,-1.06
1181,2.44,-5.57,-1.08
1182,2.46,-5.58,-1.03
1183,2.49,-5.6,-0.93
1184,2.38,-5.58,-1.0
1185,2.33,-5.58,-0.94
1186,2.37,-5.57,-0.88
1187,2.47,-5.58,-0.87
1188,2.62,-5.62,-0.86
1189,2.83,-5.63,-0.9
1190,3.1,-5.65,-0.92
1191,3.41,-5.66,-0.95
1192,4.21,-5.64,-1.02
1193,4.68,-5.62,-1.08
1194,5.13,-5.6,-1.13
1195,5.56,-5.58,-1.18
1196,5.95,-5.57,-1.22
1197,6.27,-5.54,-1.26
1198,6.53,-5.54,-1.3
1199,6.7,-5.54,-1.31
1200,6.81,-5.54,-1.33
1201,6.85,-5.54,-1.33
1202,6.85,-5.54,-1.34
1203,6.83,-5.55,-1.34
1204,6.83,-5.55,-1.34
1205,6.84,-5.55,-1.33
1206,6.84,-5.55,-1.33
1207,6.84,-5.56,-1.33
1208,6.84,-5.56,-1.33
1209,6.84,-5.56,-1.33
1210,6.84,-5.56,-1.33
1211,6.84,-5.56,-1.33
1212,6.84,-5.56,-1.33
1213,6.84,-5.56,-1.33
1214,6.84,-5.56,-1.33
1215,6.85,-5.56,-1.33
1216,6.85,-5.56,-1.33
1217,6.85,-5.57,-1.33
1218,6.85,-5.57,-1.33
1219,6.85,-5.57,-1.33
1220,6.85,-5.57,-1.33
1221,6.85,-5.57,-1.33
1222,6.85,-5.57,-1.33
1223,6.86,-5.58,-1.33
1224,6.86,-5.58,-1.33
1225,6.86,-5.58,-1.33
1226,6.86,-5.58,-1.33
1227,6.86,-5.58,-1.33
1228,6.86,-5.58,-1.33
1229,6.86,-5.58,-1.33
1230,6.86,-5.58,-1.33
1231,6.86,-5.58,-1.33
1232,6.86,-5.58,-1.33
1233,6.86,-5.58,-1.33
1234,6.86,-5.58,-1.33
1235,6.86,-5.58,-1.33
1236,6.86,-5.58,-1.33
1237,6.86,-5.58,-1.33
1238,6.86,-5.58,-1.33
1239,6.84,-5.6,-1.33
1240,6.86,-5.63,-1.31
1241,6.8,-5.68,-1.27
1242,6.76,-5.73,-1.23
1243,6.75,-5.77,-1.23
1244,6.89,-5.79,-1.31
1245,6.9,-5.83,-1.37
1246,6.94,-5.79,-1.26
1247,6.98,-5.68,-1.27
1248,6.9,-5.67,-1.39
1249,6.88,-5.67,-1.29
1250,6.95,-5.54,-1.29
1251,6.86,-5.46,-1.57
1252,6.83,-5.5,-1.56
1253,6.94,-5.4,-1.45
1254,6.82,-5.36,-1.55
1255,6.69,-5.46,-1.57
1256,6.83,-5.5,-1.5
1257,6.79,-5.5,-1.53
1258,6.76,-5.58,-1.56
1259,6.78,-5.65,-1.56
1260,6.78,-5.5,-1.48
1261,6.81,-5.51,-1.44
1262,6.83,-5.59,-1.42
1263,6.83,-5.59,-1.42
1264,6.8,-5.38,-1.47
1265,6.84,-5.47,-1.43
1266,6.84,-5.47,-1.43
1267,6.81,-5.4,-1.46
1268,6.81,-5.4,-1.46
1269,6.89,-5.58,-1.34
1270,6.86,-5.54,-1.33
1271,6.77,-5.55,-1.46
1272,6.83,-5.66,-1.45
1273,6.91,-5.55,-1.3
1274,6.83,-5.52,-1.37
1275,6.78,-5.57,-1.34
1276,6.85,-5.42,-1.26
1277,6.84,-5.41,-1.37
1278,6.81,-5.47,-1.3
1279,6.86,-5.37,-1.24
1280,6.81,-5.37,-1.34
1281,6.8,-5.47,-1.28
1282,6.89,-5.43,-1.21
1283,6.8,-5.4,-1.36
1284,6.74,-5.51,-1.36
1285,6.88,-5.64,-1.08
1286,6.86,-5.64,-1.08
1287,6.69,-5.65,-1.2
1288,6.84,-5.58,-1.14
1289,6.86,-5.54,-1.21
1290,6.75,-5.54,-1.18
1291,6.83,-5.48,-1.2
1292,6.85,-5.46,-1.33
1293,6.84,-5.47,-1.26
1294,6.9,-5.42,-1.32
1295,6.85,-5.5,-1.43
1296,6.8,-5.55,-1.35
1297,6.85,-5.5,-1.32
1298,6.75,-5.56,-1.38
1299,6.78,-5.65,-1.33
1300,6.87,-5.59,-1.26
1301,6.77,-5.59,-1.37
1302,6.77,-5.6,-1.31
1303,6.86,-5.54,-1.37
1304,6.83,-5.51,-1.31
1305,6.85,-5.46,-1.44
1306,6.93,-5.43,-1.5
1307,6.89,-5.42,-1.41
1308,6.77,-5.49,-1.43
1309,6.74,-5.55,-1.38
1310,6.81,-5.51,-1.33
1311,6.74,-5.51,-1.46
1312,6.79,-5.57,-1.46
1313,6.93,-5.53,-1.37
1314,6.83,-5.46,-1.45
1315,6.81,-5.48,-1.41
1316,6.86,-5.45,-1.42
1317,6.86,-5.44,-1.48
1318,6.82,-5.45,-1.47
1319,6.82,-5.44,-1.53
1320,6.88,-5.48,-1.46
1321,6.85,-5.45,-1.47
1322,6.75,-5.46,-1.6
1323,6.76,-5.51,-1.52
1324,6.84,-5.47,-1.52
1325,6.76,-5.5,-1.63
1326,6.81,-5.51,-1.53
1327,6.89,-5.45,-1.55
1328,6.77,-5.48,-1.65
1329,6.77,-5.41,-1.63
1330,6.84,-5.32,-1.68
1331,6.85,-5.36,-1.62
1332,6.79,-5.27,-1.65
1333,6.82,-5.35,-1.72
1334,6.83,-5.38,-1.57
1335,6.84,-5.32,-1.67
1336,6.87,-5.45,-1.54
1337,6.85,-5.42,-1.7
1338,6.78,-5.45,-1.73
1339,6.86,-5.4,-1.61
1340,6.85,-5.41,-1.66
1341,6.76,-5.39,-1.55
1342,6.84,-5.3,-1.6
1343,6.87,-5.36,-1.63
1344,6.88,-5.32,-1.57
1345,6.86,-5.32,-1.74
1346,6.8,-5.4,-1.67
1347,6.76,-5.4,-1.6
1348,6.77,-5.49,-1.64
1349,6.85,-5.56,-1.54
1350,6.92,-5.55,-1.59
1351,6.8,-5.56,-1.61
1352,6.85,-5.58,-1.54
1353,6.87,-5.59,-1.65
1354,6.79,-5.59,-1.58
1355,6.82,-5.56,-1.66
1356,6.83,-5.59,-1.71
1357,6.83,-5.54,-1.65
1358,6.85,-5.46,-1.77
1359,6.87,-5.46,-1.72
1360,6.88,-5.45,-1.74
1361,6.85,-5.4,-1.85
1362,6.86,-5.46,-1.7
1363,6.86,-5.59,-1.65
1364,6.8,-5.64,-1.69
1365,6.73,-5.67,-1.79
1366,6.71,-5.74,-1.74
1367,6.77,-5.78,-1.66
1368,6.82,-5.8,-1.64
1369,6.78,-5.78,-1.73
1370,6.83,-5.68,-1.72
1371,6.97,-5.53,-1.69
1372,6.93,-5.53,-1.69
1373,6.85,-5.54,-1.68
1374,6.85,-5.5,-1.74
1375,6.81,-5.44,-1.75
1376,6.85,-5.5,-1.72
1377,6.8,-5.66,-1.73
1378,6.8,-5.66,-1.73
1379,6.84,-5.65,-1.72
1380,6.87,-5.68,-1.72
1381,6.93,-5.68,-1.72
1382,6.97,-5.68,-1.72
1383,6.98,-5.69,-1.72
1384,6.97,-5.69,-1.72
1385,6.95,-5.69,-1.71
1386,6.93,-5.69,-1.71
1387,6.92,-5.69,-1.7
1388,6.92,-5.69,-1.7
1389,6.92,-5.69,-1.7
1390,6.91,-5.69,-1.7
1391,6.91,-5.69,-1.7
1392,6.91,-5.69,-1.71
1393,6.91,-5.69,-1.71
1394,6.91,-5.69,-1.71
1395,6.92,-5.68,-1.71
1396,6.92,-5.68,-1.71
1397,6.92,-5.68,-1.71
1398,6.92,-5.68,-1.71
1399,6.92,-5.68,-1.71
1400,6.92,-5.68,-1.71
1401,6.92,-5.68,-1.71
1402,6.92,-5.68,-1.71
1403,6.92,-5.68,-1.71
1404,6.92,-5.68,-1.71
1405,6.92,-5.68,-1.71
1406,6.92,-5.68,-1.71
1407,6.92,-5.68,-1.71
1408,6.92,-5.68,-1.71
1409,6.92,-5.68,-1.71
1410,6.92,-5.68,-1.71
1411,6.92,-5.68,-1.71
1412,6.92,-5.68,-1.71
1413,6.92,-5.68,-1.71
1414,6.92,-5.68,-1.71
1415,6.92,-5.68,-1.71
1416,6.92,-5.68,-1.71
1417,6.92,-5.68,-1.71
1418,6.92,-5.68,-1.71
1419,6.92,-5.68,-1.71
1420,6.92,-5.68,-1.71
1421,6.92,-5.68,-1.72
1422,6.93,-5.68,-1.72
1423,6.92,-5.68,-1.72
1424,6.93,-5.67,-1.72
1425,6.93,-5.67,-1.72
1426,6.93,-5.67,-1.72
1427,6.93,-5.67,-1.72
1428,6.98,-5.64,-1.67
1429,6.95,-5.62,-1.6
1430,6.9,-5.62,-1.51
1431,6.77,-5.65,-1.5
1432,6.55,-5.62,-1.64
1433,6.38,-5.64,-1.62
1434,6.25,-5.75,-1.62
1435,6.21,-5.68,-1.68
1436,6.51,-5.71,-1.84
1437,6.61,-5.68,-1.9
1438,6.67,-5.6,-1.92
1439,6.74,-5.62,-1.99
1440,6.92,-5.59,-1.89
1441,7.02,-5.54,-1.89
1442,6.98,-5.57,-2.01
1443,6.87,-5.61,-1.99
1444,6.95,-5.62,-1.87
1445,6.99,-5.61,-1.95
1446,6.96,-5.65,-2.01
1447,6.91,-5.69,-1.87
1448,7.03,-5.66,-1.81
1449,7.03,-5.72,-1.97
1450,7.0,-5.67,-1.91
1451,7.04,-5.63,-1.84
1452,7.05,-5.69,-1.93
1453,7.01,-5.61,-1.9
1454,7.06,-5.61,-1.82
1455,7.06,-5.69,-1.9
1456,6.98,-5.64,-1.85
1457,7.03,-5.65,-1.84
1458,7.03,-5.73,-1.87
1459,6.94,-5.78,-1.86
1460,7.01,-5.73,-1.83
1461,6.97,-5.8,-1.77
1462,6.87,-5.82,-1.72
1463,6.94,-5.71,-1.79
1464,6.95,-5.73,-1.92
1465,6.85,-5.7,-1.83
1466,6.95,-5.65,-1.85
1467,6.96,-5.65,-1.98
1468,6.93,-5.68,-1.84
1469,6.96,-5.68,-1.95
1470,6.85,-5.68,-1.85
1471,6.89,-5.69,-1.86
1472,6.88,-5.7,-1.95
1473,6.83,-5.71,-1.87
1474,6.86,-5.75,-1.86
1475,6.84,-5.73,-1.89
1476,6.9,-5.69,-1.93
1477,6.93,-5.75,-1.9
1478,6.9,-5.75,-1.87
1479,6.88,-5.71,-1.94
1480,6.82,-5.76,-1.92
1481,6.84,-5.74,-1.85
1482,6.91,-5.73,-1.94
1483,6.86,-5.75,-1.93
1484,6.88,-5.77,-1.84
1485,6.94,-5.79,-1.92
1486,6.83,-5.79,-1.83
1487,6.88,-5.8,-1.76
1488,6.92,-5.84,-1.81
1489,6.82,-5.87,-1.73
1490,6.91,-5.89,-1.69
1491,6.96,-5.84,-1.67
1492,6.88,-5.87,-1.61
1493,6.85,-5.9,-1.55
1494,6.9,-5.89,-1.55
1495,6.89,-5.9,-1.62
1496,6.84,-5.91,-1.55
1497,6.94,-5.89,-1.57
1498,6.88,-5.93,-1.59
1499,6.82,-5.95,-1.47
1500,6.92,-5.9,-1.5
1501,6.81,-5.92,-1.42
1502,6.92,-5.89,-1.52
1503,6.89,-5.93,-1.52
1504,6.87,-5.9,-1.46
1505,6.91,-5.89,-1.48
1506,6.89,-5.97,-1.52
1507,6.86,-6.0,-1.56
1508,6.93,-6.02,-1.56
1509,6.9,-6.04,-1.57
1510,6.79,-6.06,-1.53
1511,6.94,-6.06,-1.52
1512,6.92,-6.1,-1.63
1513,6.84,-6.11,-1.56
1514,6.96,-6.06,-1.56
1515,6.88,-6.12,-1.68
1516,6.78,-6.13,-1.61
1517,6.95,-6.05,-1.68
1518,6.92,-6.04,-1.68
1519,6.83,-6.07,-1.62
1520,6.92,-6.09,-1.7
1521,6.89,-6.15,-1.61
1522,6.91,-6.12,-1.65
1523,6.88,-6.23,-1.52
1524,6.88,-6.22,-1.65
1525,6.94,-6.19,-1.68
1526,6.84,-6.24,-1.55
1527,6.81,-6.18,-1.62
1528,6.9,-6.17,-1.65
1529,6.84,-6.21,-1.58
1530,6.84,-6.12,-1.55
1531,6.9,-6.17,-1.62
1532,6.84,-6.19,-1.58
1533,6.87,-6.12,-1.56
1534,6.87,-6.18,-1.6
1535,6.82,-6.17,-1.58
1536,6.91,-6.13,-1.58
1537,6.89,-6.21,-1.63
1538,6.83,-6.18,-1.59
1539,6.94,-6.14,-1.63
1540,6.87,-6.18,-1.67
1541,6.94,-6.2,-1.6
1542,6.81,-6.22,-1.64
1543,6.91,-6.1,-1.67
1544,6.94,-6.18,-1.69
1545,6.86,-6.15,-1.74
1546,6.91,-6.1,-1.7
1547,6.86,-6.12,-1.72
1548,6.89,-6.1,-1.81
1549,6.96,-6.08,-1.77
1550,6.99,-6.1,-1.73
1551,6.89,-6.1,-1.83
1552,6.86,-6.14,-1.85
1553,6.89,-6.15,-1.64
1554,6.93,-6.11,-1.67
1555,6.88,-6.11,-1.78
1556,6.92,-6.1,-1.76
1557,6.89,-6.09,-1.51
1558,6.8,-6.06,-1.53
1559,6.81,-6.06,-1.65
1560,6.92,-6.14,-1.68
1561,6.89,-6.14,-1.65
1562,6.92,-6.1,-1.69
1563,7.05,-6.05,-1.73
1564,6.99,-6.07,-1.77
1565,6.76,-6.16,-1.73
1566,6.65,-6.15,-1.68
1567,6.74,-6.11,-1.71
1568,6.94,-6.09,-1.76
1569,7.16,-6.07,-1.79
1570,7.32,-6.02,-1.8
1571,7.33,-5.99,-1.75
1572,7.35,-6.03,-1.7
1573,7.32,-6.1,-1.66
1574,7.23,-6.11,-1.63
1575,7.11,-6.12,-1.61
1576,6.99,-6.13,-1.6
1577,6.86,-6.13,-1.59
1578,6.73,-6.13,-1.58
1579,6.62,-6.13,-1.57
1580,6.53,-6.13,-1.56
1581,6.46,-6.12,-1.56
1582,6.42,-6.12,-1.55
1583,6.39,-6.12,-1.55
1584,6.38,-6.12,-1.54
1585,6.38,-6.13,-1.54
1586,6.38,-6.12,-1.53
1587,6.37,-6.12,-1.53
1588,6.37,-6.12,-1.53
1589,6.37,-6.12,-1.53
1590,6.37,-6.12,-1.53
1591,6.36,-6.12,-1.52
1592,6.35,-6.13,-1.52
1593,6.35,-6.13,-1.52
1594,6.35,-6.13,-1.51
1595,6.34,-6.13,-1.51
1596,6.33,-6.14,-1.5
1597,6.33,-6.14,-1.5
1598,6.33,-6.14,-1.5
1599,6.32,-6.15,-1.5
1600,6.32,-6.15,-1.5
1601,6.32,-6.15,-1.49
1602,6.32,-6.16,-1.49
1603,6.32,-6.16,-1.49
1604,6.32,-6.17,-1.49
1605,6.32,-6.17,-1.49
1606,6.32,-6.18,-1.49
1607,6.32,-6.18,-1.48
1608,6.32,-6.19,-1.48
1609,6.31,-6.19,-1.48
1610,6.31,-6.19,-1.48
1611,6.31,-6.18,-1.48
1612,6.31,-6.18,-1.47
1613,6.31,-6.18,-1.47
1614,6.31,-6.18,-1.47
1615,6.31,-6.18,-1.47
1616,6.31,-6.18,-1.47
1617,6.31,-6.19,-1.48
1618,6.31,-6.19,-1.48
1619,6.31,-6.19,-1.48
1620,6.31,-6.19,-1.48
1621,6.31,-6.19,-1.48
1622,6.31,-6.2,-1.48
1623,6.3,-6.19,-1.48
1624,6.3,-6.14,-1.46
1625,6.32,-6.06,-1.5
1626,6.39,-6.0,-1.58
1627,6.47,-5.98,-1.64
1628,6.35,-5.96,-1.49
1629,6.29,-5.9,-1.5
1630,6.35,-5.89,-1.57
1631,6.34,-6.04,-1.55
1632,6.22,-6.11,-1.46
1633,6.26,-6.03,-1.5
1634,6.3,-6.14,-1.56
1635,6.21,-6.21,-1.5
1636,6.19,-6.11,-1.49
1637,6.23,-6.05,-1.55
1638,6.24,-6.13,-1.53
1639,6.2,-6.06,-1.43
1640,6.21,-5.97,-1.41
1641,6.25,-5.85,-1.51
1642,6.36,-5.75,-1.62
1643,6.39,-5.81,-1.61
1644,6.25,-5.81,-1.5
1645,6.23,-5.84,-1.49
1646,6.28,-5.95,-1.47
1647,6.22,-5.95,-1.39
1648,6.2,-5.89,-1.4
1649,6.26,-5.99,-1.4
1650,6.19,-5.91,-1.32
1651,6.3,-5.88,-1.35
1652,6.3,-5.88,-1.35
1653,6.28,-5.92,-1.3
1654,6.27,-5.8,-1.32
1655,6.33,-5.77,-1.37
1656,6.28,-5.84,-1.32
1657,6.26,-5.81,-1.29
1658,6.29,-5.86,-1.29
1659,6.26,-5.9,-1.26
1660,6.21,-5.87,-1.27
1661,6.22,-5.92,-1.33
1662,6.26,-5.98,-1.31
1663,6.25,-5.9,-1.25
1664,6.23,-5.83,-1.28
1665,6.3,-5.88,-1.27
1666,6.33,-5.85,-1.2
1667,6.33,-5.85,-1.2
1668,6.36,-5.69,-1.33
1669,6.34,-5.73,-1.31
1670,6.26,-5.69,-1.26
1671,6.31,-5.78,-1.28
1672,6.25,-5.84,-1.23
1673,6.22,-5.81,-1.2
1674,6.24,-5.89,-1.25
1675,6.18,-5.92,-1.25
1676,6.24,-5.84,-1.19
1677,6.28,-5.88,-1.21
1678,6.25,-5.88,-1.16
1679,6.28,-5.81,-1.14
1680,6.34,-5.74,-1.31
1681,6.32,-5.77,-1.31
1682,6.3,-5.73,-1.24
1683,6.35,-5.77,-1.34
1684,6.22,-5.88,-1.28
1685,6.26,-5.84,-1.2
1686,6.35,-5.85,-1.3
1687,6.2,-5.9,-1.23
1688,6.26,-5.89,-1.18
1689,6.31,-5.93,-1.28
1690,6.21,-5.92,-1.22
1691,6.31,-5.86,-1.19
1692,6.31,-5.85,-1.31
1693,6.18,-5.83,-1.2
1694,6.27,-5.74,-1.16
1695,6.34,-5.73,-1.27
1696,6.19,-5.76,-1.13
1697,6.31,-5.71,-1.16
1698,6.43,-5.76,-1.3
1699,6.22,-5.75,-1.18
1700,6.35,-5.75,-1.25
1701,6.32,-5.81,-1.29
1702,6.19,-5.81,-1.14
1703,6.34,-5.77,-1.28
1704,6.26,-5.78,-1.3
1705,6.22,-5.74,-1.19
1706,6.37,-5.72,-1.3
1707,6.31,-5.68,-1.3
1708,6.26,-5.67,-1.2
1709,6.32,-5.7,-1.31
1710,6.25,-5.65,-1.31
1711,6.27,-5.71,-1.28
1712,6.33,-5.73,-1.34
1713,6.17,-5.76,-1.27
1714,6.24,-5.82,-1.29
1715,6.22,-5.84,-1.34
1716,6.17,-5.88,-1.22
1717,6.3,-5.88,-1.26
1718,6.21,-5.91,-1.18
1719,6.31,-5.89,-1.22
1720,6.31,-5.85,-1.24
1721,6.29,-5.87,-1.18
1722,6.35,-5.87,-1.23
1723,6.29,-5.89,-1.22
1724,6.3,-5.94,-1.17
1725,6.33,-5.97,-1.19
1726,6.28,-5.94,-1.18
1727,6.25,-5.98,-1.17
1728,6.24,-5.98,-1.15
1729,6.26,-5.97,-1.12
1730,6.28,-5.95,-1.14
1731,6.31,-5.93,-1.15
1732,6.32,-5.91,-1.16
1733,6.33,-5.9,-1.17
1734,6.32,-5.84,-1.18
1735,6.33,-5.88,-1.19
1736,6.3,-5.89,-1.19
1737,6.28,-5.85,-1.2
1738,6.31,-5.91,-1.22
1739,6.25,-5.91,-1.19
1740,6.25,-5.98,-1.2
1741,6.23,-6.02,-1.22
1742,6.21,-5.96,-1.2
1743,6.29,-5.99,-1.19
1744,6.26,-5.95,-1.19
1745,6.26,-5.91,-1.21
1746,6.24,-5.96,-1.24
1747,6.24,-5.89,-1.25
1748,6.33,-5.89,-1.28
1749,6.35,-6.01,-1.34
1750,6.27,-5.99,-1.29
1751,6.28,-6.05,-1.24
1752,6.26,-6.18,-1.18
1753,6.2,-6.15,-1.14
1754,6.23,-6.09,-1.13
1755,6.28,-6.08,-1.18
1756,6.29,-6.13,-1.17
1757,6.28,-6.05,-1.16
1758,6.31,-5.97,-1.23
1759,6.34,-5.96,-1.23
1760,6.3,-5.99,-1.2
1761,6.27,-5.94,-1.19
1762,6.28,-5.93,-1.19
1763,6.33,-6.01,-1.19
1764,6.35,-6.11,-1.19
1765,6.35,-6.07,-1.2
1766,6.33,-6.03,-1.19
1767,6.35,-5.99,-1.18
1768,6.31,-5.89,-1.19
1769,6.3,-5.86,-1.21
1770,6.29,-5.85,-1.22
1771,6.35,-5.85,-1.26
1772,6.34,-5.89,-1.24
1773,6.32,-5.92,-1.2
1774,6.31,-5.93,-1.15
1775,6.28,-5.92,-1.13
1776,6.3,-5.9,-1.12
1777,6.31,-5.88,-1.12
1778,6.3,-5.86,-1.12
1779,6.28,-5.85,-1.13
1780,6.25,-5.84,-1.14
1781,6.24,-5.83,-1.15
1782,6.24,-5.81,-1.15
1783,6.26,-5.79,-1.16
1784,6.32,-5.78,-1.18
1785,6.38,-5.78,-1.22
1786,6.43,-5.79,-1.24
1787,6.41,-5.81,-1.22
1788,6.4,-5.82,-1.2
1789,6.39,-5.82,-1.18
1790,6.38,-5.82,-1.16
1791,6.38,-5.81,-1.15
1792,6.39,-5.81,-1.14
1793,6.38,-5.8,-1.14
1794,6.38,-5.79,-1.14
1795,6.38,-5.79,-1.14
1796,6.38,-5.78,-1.14
1797,6.38,-5.77,-1.14
1798,6.37,-5.76,-1.14
1799,6.37,-5.76,-1.14
1800,6.37,-5.75,-1.14
1801,6.37,-5.75,-1.13
1802,6.37,-5.75,-1.13
1803,6.37,-5.74,-1.13
1804,6.37,-5.74,-1.14
1805,6.37,-5.74,-1.14
1806,6.37,-5.73,-1.14
1807,6.37,-5.73,-1.14
1808,6.37,-5.73,-1.14
1809,6.37,-5.73,-1.14
1810,6.37,-5.72,-1.14
1811,6.38,-5.72,-1.14
1812,6.38,-5.72,-1.14
1813,6.38,-5.72,-1.14
1814,6.38,-5.72,-1.14
1815,6.38,-5.72,-1.14
1816,6.38,-5.72,-1.14
1817,6.38,-5.72,-1.14
1818,6.38,-5.72,-1.14
1819,6.37,-5.72,-1.14
1820,6.33,-5.69,-1.17
1821,6.36,-5.65,-1.26
1822,6.4,-5.66,-1.33
1823,6.5,-5.72,-1.4
1824,6.65,-5.79,-1.41
1825,6.91,-5.79,-1.46
1826,7.03,-5.79,-1.49
1827,6.87,-5.78,-1.36
1828,6.76,-5.75,-1.41
1829,6.59,-5.79,-1.42
1830,6.53,-5.74,-1.26
1831,6.44,-5.68,-1.31
1832,6.34,-5.74,-1.31
1833,6.19,-5.68,-1.24
1834,6.16,-5.69,-1.34
1835,6.24,-5.78,-1.3
1836,6.26,-5.8,-1.24
1837,6.22,-5.75,-1.27
1838,6.15,-5.76,-1.36
1839,6.16,-5.84,-1.34
1840,6.21,-5.83,-1.27
1841,6.14,-5.74,-1.31
1842,6.19,-5.78,-1.3
1843,6.25,-5.8,-1.27
1844,6.14,-5.67,-1.26
1845,6.17,-5.74,-1.21
1846,6.25,-5.82,-1.23
1847,6.12,-5.71,-1.31
1848,6.12,-5.67,-1.27
1849,6.34,-5.82,-1.22
1850,6.4,-5.83,-1.31
1851,6.25,-5.68,-1.41
1852,6.23,-5.75,-1.32
1853,6.41,-5.84,-1.34
1854,6.3,-5.79,-1.36
1855,6.27,-5.78,-1.21
1856,6.45,-5.83,-1.25
1857,6.35,-5.8,-1.31
1858,6.27,-5.8,-1.16
1859,6.41,-5.79,-1.31
1860,6.39,-5.8,-1.41
1861,6.33,-5.85,-1.22
1862,6.34,-5.78,-1.29
1863,6.31,-5.83,-1.4
1864,6.3,-5.88,-1.26
1865,6.38,-5.82,-1.27
1866,6.39,-5.84,-1.4
1867,6.33,-5.91,-1.33
1868,6.31,-5.79,-1.36
1869,6.31,-5.91,-1.34
1870,6.29,-5.77,-1.29
1871,6.31,-5.72,-1.31
1872,6.35,-5.81,-1.38
1873,6.3,-5.74,-1.37
1874,6.3,-5.71,-1.29
1875,6.39,-5.83,-1.35
1876,6.33,-5.78,-1.4
1877,6.33,-5.78,-1.4
1878,6.46,-5.84,-1.31
1879,6.34,-5.8,-1.41
1880,6.34,-5.8,-1.41
1881,6.42,-5.83,-1.28
1882,6.31,-5.8,-1.29
1883,6.25,-5.76,-1.13
1884,6.44,-5.81,-1.22
1885,6.44,-5.81,-1.22
1886,6.27,-5.8,-1.09
1887,6.39,-5.84,-1.14
1888,6.33,-5.88,-1.08
1889,6.29,-5.85,-0.99
1890,6.31,-5.81,-1.09
1891,6.31,-5.88,-1.05
1892,6.38,-5.81,-1.07
1893,6.41,-5.78,-1.13
1894,6.39,-5.88,-1.06
1895,6.32,-5.83,-1.04
1896,6.34,-5.83,-1.03
1897,6.39,-5.9,-1.04
1898,6.35,-5.84,-1.07
1899,6.36,-5.81,-1.09
1900,6.35,-5.85,-1.19
1901,6.29,-5.8,-1.17
1902,6.38,-5.84,-1.14
1903,6.41,-5.88,-1.23
1904,6.3,-5.76,-1.2
1905,6.4,-5.76,-1.25
1906,6.37,-5.86,-1.3
1907,6.33,-5.78,-1.16
1908,6.42,-5.78,-1.22
1909,6.33,-5.84,-1.34
1910,6.3,-5.78,-1.19
1911,6.43,-5.8,-1.25
1912,6.35,-5.85,-1.23
1913,6.31,-5.8,-1.12
1914,6.3,-5.88,-1.24
1915,6.3,-5.82,-1.12
1916,6.3,-5.82,-1.12
1917,6.3,-5.9,-1.13
1918,6.3,-5.88,-1.11
1919,6.39,-5.91,-1.09
1920,6.31,-5.89,-1.09
1921,6.31,-5.89,-1.09
1922,6.38,-5.92,-1.01
1923,6.29,-5.89,-1.04
1924,6.32,-5.91,-1.1
1925,6.36,-5.96,-1.02
1926,6.28,-5.91,-0.97
1927,6.32,-5.94,-0.97
1928,6.35,-5.94,-0.95
1929,6.35,-5.91,-1.04
1930,6.38,-5.9,-1.04
1931,6.35,-5.88,-1.08
1932,6.36,-5.93,-1.11
1933,6.37,-5.92,-1.1
1934,6.28,-5.86,-1.09
1935,6.38,-5.89,-1.1
1936,6.36,-5.9,-1.09
1937,6.32,-5.87,-1.06
1938,6.43,-5.91,-1.02
1939,6.36,-5.86,-1.06
1940,6.37,-5.9,-1.09
1941,6.37,-5.9,-1.09
1942,6.3,-5.87,-0.95
1943,6.4,-5.92,-0.99
1944,6.34,-6.01,-0.88
1945,6.23,-5.95,-0.79
1946,6.26,-5.93,-0.96
1947,6.29,-5.97,-0.95
1948,6.31,-5.99,-0.8
1949,6.25,-5.93,-0.87
1950,6.28,-5.93,-0.99
1951,6.41,-5.95,-0.96
1952,6.38,-5.96,-0.91
1953,6.25,-5.92,-0.87
1954,6.3,-5.91,-0.97
1955,6.36,-5.94,-0.99
1956,6.32,-5.94,-0.89
1957,6.32,-5.97,-0.81
1958,6.35,-5.98,-0.75
1959,6.39,-5.95,-0.76
1960,6.39,-5.92,-0.83
1961,6.33,-5.92,-0.87
1962,6.24,-5.93,-0.85
1963,6.22,-5.95,-0.85
1964,6.26,-5.96,-0.83
1965,6.23,-5.97,-0.81
1966,6.22,-5.97,-0.78
1967,6.28,-5.98,-0.77
1968,6.37,-5.98,-0.77
1969,6.55,-5.97,-0.79
1970,6.79,-5.97,-0.82
1971,7.04,-5.96,-0.86
1972,7.24,-5.95,-0.89
1973,7.38,-5.95,-0.91
1974,7.44,-5.94,-0.92
1975,7.45,-5.95,-0.93
1976,7.45,-5.96,-0.93
1977,7.45,-5.96,-0.93
1978,7.45,-5.96,-0.93
1979,7.45,-5.96,-0.93
1980,7.45,-5.96,-0.93
1981,7.45,-5.96,-0.93
1982,7.44,-5.96,-0.92
1983,7.45,-5.96,-0.92
1984,7.44,-5.96,-0.92
1985,7.44,-5.96,-0.92
1986,7.44,-5.96,-0.91
1987,7.44,-5.96,-0.91
1988,7.44,-5.96,-0.91
1989,7.44,-5.96,-0.91
1990,7.44,-5.96,-0.91
1991,7.44,-5.97,-0.91
1992,7.44,-5.97,-0.91
1993,7.44,-5.97,-0.91
1994,7.44,-5.97,-0.91
1995,7.44,-5.97,-0.91
1996,7.44,-5.97,-0.91
1997,7.44,-5.97,-0.91
1998,7.44,-5.97,-0.91
1999,7.44,-5.97,-0.91
2000,7.44,-5.97,-0.91
2001,7.44,-5.97,-0.91
2002,7.44,-5.97,-0.91
2003,7.44,-5.97,-0.91
2004,7.44,-5.97,-0.91
2005,7.44,-5.97,-0.91
2006,7.44,-5.97,-0.91
2007,7.44,-5.97,-0.91
2008,7.44,-5.97,-0.91
2009,7.44,-5.97,-0.91
2010,7.44,-5.97,-0.91
2011,7.44,-5.97,-0.91
2012,7.44,-5.97,-0.91
2013,7.44,-5.97,-0.91
2014,7.43,-5.99,-0.91
2015,7.42,-6.02,-0.89
2016,7.43,-6.08,-0.85
2017,7.37,-6.14,-0.8
2018,7.29,-6.19,-0.81
2019,7.35,-6.17,-0.9
2020,7.35,-6.17,-0.9
2021,7.44,-6.1,-0.88
2022,7.34,-6.06,-0.97
2023,7.42,-6.01,-0.81
2024,7.56,-5.99,-0.8
2025,7.45,-5.89,-1.1
2026,7.49,-5.76,-1.09
2027,7.57,-5.75,-1.03
2028,7.57,-5.75,-1.03
2029,7.27,-5.86,-1.2
2030,7.52,-5.88,-1.09
2031,7.5,-5.9,-0.99
2032,7.37,-5.95,-1.09
2033,7.34,-5.99,-1.24
2034,7.39,-5.94,-1.01
2035,7.4,-5.93,-0.94
2036,7.37,-5.93,-1.1
2037,7.46,-5.85,-0.94
2038,7.52,-5.82,-0.91
2039,7.39,-5.8,-1.14
2040,7.45,-5.74,-0.99
2041,7.54,-5.75,-0.96
2042,7.35,-5.83,-1.12
2043,7.39,-5.84,-1.07
2044,7.54,-5.87,-0.89
2045,7.4,-5.92,-0.98
2046,7.3,-5.95,-1.08
2047,7.4,-5.9,-0.86
2048,7.39,-5.93,-0.78
2049,7.3,-5.89,-0.98
2050,7.41,-5.8,-0.88
2051,7.48,-5.77,-0.88
2052,7.44,-5.78,-0.93
2053,7.49,-5.78,-0.79
2054,7.45,-5.73,-0.93
2055,7.37,-5.76,-1.02
2056,7.48,-5.84,-0.76
2057,7.51,-5.85,-0.85
2058,7.3,-5.89,-0.96
2059,7.4,-6.0,-0.78
2060,7.2,-5.99,-0.88
2061,7.39,-5.97,-0.73
2062,7.48,-5.95,-0.73
2063,7.36,-5.87,-0.86
2064,7.4,-5.9,-0.87
2065,7.43,-5.86,-0.95
2066,7.45,-5.8,-0.91
2067,7.45,-5.83,-0.86
2068,7.37,-5.88,-1.02
2069,7.35,-5.88,-0.99
2070,7.42,-5.92,-0.9
2071,7.34,-5.96,-1.03
2072,7.31,-5.98,-0.94
2073,7.44,-6.03,-0.84
2074,7.37,-5.97,-0.98
2075,7.49,-5.91,-0.96
2076,7.49,-5.91,-0.96
2077,7.45,-5.88,-0.94
2078,7.39,-5.83,-1.03
2079,7.45,-5.79,-1.03
2080,7.42,-5.84,-0.98
2081,7.34,-5.86,-1.07
2082,7.36,-5.87,-0.99
2083,7.4,-5.88,-1.11
2084,7.39,-5.87,-1.01
2085,7.46,-5.86,-1.01
2086,7.35,-5.86,-1.11
2087,7.36,-5.87,-1.08
2088,7.48,-5.83,-1.11
2089,7.45,-5.85,-1.04
2090,7.37,-5.83,-1.08
2091,7.42,-5.83,-1.16
2092,7.47,-5.84,-1.05
2093,7.44,-5.8,-1.17
2094,7.41,-5.81,-1.29
2095,7.42,-5.88,-1.16
2096,7.41,-5.85,-1.28
2097,7.32,-5.9,-1.31
2098,7.44,-5.88,-1.16
2099,7.41,-5.84,-1.25
2100,7.34,-5.85,-1.21
2101,7.39,-5.79,-1.21
2102,7.45,-5.76,-1.25
2103,7.37,-5.75,-1.24
2104,7.36,-5.72,-1.33
2105,7.41,-5.71,-1.23
2106,7.42,-5.67,-1.27
2107,7.39,-5.76,-1.35
2108,7.41,-5.79,-1.16
2109,7.45,-5.76,-1.24
2110,7.38,-5.78,-1.2
2111,7.47,-5.78,-1.3
2112,7.38,-5.74,-1.28
2113,7.43,-5.72,-1.34
2114,7.47,-5.74,-1.34
2115,7.4,-5.77,-1.2
2116,7.4,-5.84,-1.23
2117,7.42,-5.83,-1.2
2118,7.43,-5.83,-1.26
2119,7.42,-5.86,-1.29
2120,7.43,-5.91,-1.2
2121,7.43,-5.93,-1.33
2122,7.38,-5.96,-1.26
2123,7.47,-6.03,-1.16
2124,7.48,-6.01,-1.29
2125,7.39,-5.95,-1.28
2126,7.45,-6.03,-1.37
2127,7.45,-6.01,-1.32
2128,7.38,-6.05,-1.37
2129,7.36,-6.06,-1.57
2130,7.41,-5.87,-1.4
2131,7.36,-5.87,-1.6
2132,7.32,-5.86,-1.71
2133,7.43,-5.86,-1.4
2134,7.39,-5.98,-1.52
2135,7.31,-6.09,-1.57
2136,7.42,-6.12,-1.52
2137,7.49,-6.09,-1.5
2138,7.47,-6.11,-1.53
2139,7.46,-6.14,-1.53
2140,7.38,-6.04,-1.47
2141,7.38,-6.04,-1.47
2142,7.4,-6.02,-1.44
2143,7.39,-5.95,-1.43
2144,7.38,-5.82,-1.44
2145,7.35,-5.78,-1.48
2146,7.38,-5.88,-1.48
2147,7.41,-6.07,-1.48
2148,7.43,-6.04,-1.49
2149,7.41,-6.03,-1.47
2150,7.36,-6.05,-1.46
2151,7.36,-6.06,-1.46
2152,7.41,-6.07,-1.46
2153,7.43,-6.08,-1.45
2154,7.46,-6.09,-1.45
2155,7.47,-6.09,-1.45
2156,7.48,-6.08,-1.45
2157,7.5,-6.07,-1.44
2158,7.51,-6.04,-1.44
2159,7.51,-6.01,-1.44
2160,7.53,-6.0,-1.44
2161,7.55,-6.0,-1.44
2162,7.58,-6.0,-1.44
2163,7.6,-6.01,-1.44
2164,7.62,-6.01,-1.44
2165,7.62,-6.02,-1.43
2166,7.61,-6.02,-1.43
2167,7.59,-6.01,-1.42
2168,7.59,-6.01,-1.42
2169,7.58,-6.01,-1.42
2170,7.58,-6.01,-1.42
2171,7.57,-6.01,-1.42
2172,7.57,-6.01,-1.42
2173,7.57,-6.01,-1.42
2174,7.57,-6.01,-1.42
2175,7.57,-6.01,-1.42
2176,7.57,-6.01,-1.42
2177,7.57,-6.01,-1.43
2178,7.58,-6.01,-1.43
2179,7.58,-6.0,-1.44
2180,7.58,-6.0,-1.44
2181,7.6,-5.99,-1.45
2182,7.61,-5.99,-1.45
2183,7.63,-5.99,-1.46
2184,7.63,-5.98,-1.46
2185,7.62,-5.98,-1.46
2186,7.62,-5.99,-1.45
2187,7.62,-6.0,-1.45
2188,7.64,-6.01,-1.44
2189,7.66,-6.02,-1.43
2190,7.67,-6.03,-1.44
2191,7.68,-6.03,-1.44
2192,7.69,-6.03,-1.44
2193,7.69,-6.03,-1.44
2194,7.69,-6.03,-1.44
2195,7.69,-6.02,-1.44
2196,7.69,-6.01,-1.43
2197,7.68,-6.01,-1.44
2198,7.68,-5.99,-1.45
2199,7.7,-5.97,-1.44
2200,7.64,-5.95,-1.39
2201,7.54,-5.96,-1.34
2202,7.43,-5.94,-1.37
2203,7.33,-5.9,-1.45
2204,7.32,-5.88,-1.43
2205,7.46,-5.96,-1.55
2206,7.34,-5.83,-1.54
2207,7.52,-5.84,-1.56
2208,7.5,-5.82,-1.63
2209,7.42,-5.84,-1.55
2210,7.59,-5.81,-1.62
2211,7.65,-5.83,-1.63
2212,7.75,-5.85,-1.68
2213,7.77,-5.87,-1.72
2214,7.8,-5.93,-1.73
2215,7.8,-5.87,-1.63
2216,7.72,-5.91,-1.56
2217,7.7,-5.98,-1.58
2218,7.74,-5.91,-1.53
2219,7.71,-5.96,-1.5
2220,7.74,-5.97,-1.49
2221,7.73,-5.9,-1.47
2222,7.71,-5.92,-1.47
2223,7.75,-5.92,-1.43
2224,7.8,-5.86,-1.55
2225,7.72,-5.87,-1.71
2226,7.72,-5.84,-1.6
2227,7.8,-5.82,-1.61
2228,7.67,-5.9,-1.65
2229,7.63,-5.93,-1.57
2230,7.74,-5.89,-1.55
2231,7.64,-5.93,-1.59
2232,7.62,-5.91,-1.54
2233,7.69,-5.86,-1.56
2234,7.6,-5.88,-1.66
2235,7.59,-5.87,-1.56
2236,7.68,-5.8,-1.58
2237,7.64,-5.81,-1.71
2238,7.68,-5.84,-1.61
2239,7.73,-5.81,-1.62
2240,7.58,-5.86,-1.66
2241,7.61,-5.88,-1.55
2242,7.56,-5.86,-1.67
2243,7.66,-5.85,-1.6
2244,7.68,-5.84,-1.7
2245,7.68,-5.84,-1.7
2246,7.7,-5.82,-1.56
2247,7.63,-5.83,-1.65
2248,7.63,-5.89,-1.62
2249,7.7,-5.9,-1.55
2250,7.64,-5.89,-1.52
2251,7.68,-5.93,-1.51
2252,7.72,-5.91,-1.52
2253,7.68,-5.92,-1.42
2254,7.74,-5.94,-1.4
2255,7.66,-5.95,-1.44
2256,7.61,-5.96,-1.33
2257,7.73,-5.96,-1.37
2258,7.57,-5.98,-1.37
2259,7.64,-6.03,-1.3
2260,7.71,-5.97,-1.35
2261,7.62,-5.97,-1.32
2262,7.75,-5.97,-1.32
2263,7.72,-5.94,-1.33
2264,7.67,-5.98,-1.3
2265,7.69,-5.94,-1.35
2266,7.54,-5.95,-1.26
2267,7.64,-5.96,-1.25
2268,7.64,-5.99,-1.39
2269,7.55,-6.0,-1.29
2270,7.68,-6.0,-1.32
2271,7.54,-6.04,-1.31
2272,7.63,-6.07,-1.28
2273,7.66,-6.03,-1.37
2274,7.59,-6.03,-1.39
2275,7.71,-6.06,-1.44
2276,7.65,-6.06,-1.42
2277,7.71,-6.04,-1.52
2278,7.64,-6.05,-1.41
2279,7.73,-6.06,-1.43
2280,7.62,-6.14,-1.46
2281,7.63,-6.11,-1.39
2282,7.69,-6.13,-1.44
2283,7.58,-6.14,-1.43
2284,7.76,-6.13,-1.39
2285,7.7,-6.15,-1.43
2286,7.66,-6.11,-1.43
2287,7.76,-6.09,-1.48
2288,7.66,-6.06,-1.42
2289,7.67,-6.03,-1.45
2290,7.62,-6.1,-1.49
2291,7.61,-6.03,-1.41
2292,7.68,-6.05,-1.45
2293,7.6,-6.06,-1.49
2294,7.68,-5.98,-1.45
2295,7.68,-6.05,-1.46
2296,7.63,-6.01,-1.41
2297,7.69,-5.99,-1.45
2298,7.67,-5.93,-1.41
2299,7.66,-5.95,-1.47
2300,7.64,-5.95,-1.47
2301,7.6,-5.93,-1.48
2302,7.67,-5.88,-1.48
2303,7.63,-5.92,-1.5
2304,7.68,-5.88,-1.53
2305,7.64,-5.9,-1.53
2306,7.64,-5.88,-1.49
2307,7.66,-5.85,-1.5
2308,7.58,-5.89,-1.58
2309,7.64,-5.83,-1.57
2310,7.71,-5.83,-1.61
2311,7.65,-5.86,-1.72
2312,7.74,-5.75,-1.67
2313,7.75,-5.75,-1.61
2314,7.62,-5.82,-1.66
2315,7.6,-5.75,-1.7
2316,7.72,-5.7,-1.62
2317,7.73,-5.75,-1.61
2318,7.6,-5.8,-1.61
2319,7.61,-5.77,-1.62
2320,7.69,-5.7,-1.59
2321,7.64,-5.76,-1.56
2322,7.53,-5.79,-1.54
2323,7.76,-5.68,-1.66
2324,7.76,-5.68,-1.66
2325,7.86,-5.68,-1.78
2326,7.86,-5.68,-1.78
2327,7.51,-5.7,-1.63
2328,7.21,-5.71,-1.63
2329,6.95,-5.71,-1.61
2330,6.68,-5.71,-1.59
2331,6.4,-5.72,-1.57
2332,6.16,-5.73,-1.55
2333,5.93,-5.72,-1.52
2334,5.7,-5.72,-1.5
2335,5.51,-5.72,-1.48
2336,5.33,-5.72,-1.46
2337,5.2,-5.72,-1.44
2338,5.16,-5.72,-1.43
2339,5.17,-5.71,-1.43
2340,5.19,-5.71,-1.43
2341,5.19,-5.71,-1.43
2342,5.18,-5.7,-1.43
2343,5.18,-5.7,-1.43
2344,5.18,-5.7,-1.43
2345,5.18,-5.69,-1.43
2346,5.18,-5.68,-1.43
2347,5.18,-5.68,-1.43
2348,5.18,-5.67,-1.42
2349,5.18,-5.67,-1.42
2350,5.18,-5.67,-1.42
2351,5.18,-5.67,-1.42
2352,5.19,-5.66,-1.42
2353,5.2,-5.66,-1.42
2354,5.21,-5.65,-1.41
2355,5.22,-5.65,-1.41
2356,5.22,-5.64,-1.41
2357,5.21,-5.63,-1.4
2358,5.2,-5.63,-1.4
2359,5.19,-5.62,-1.39
2360,5.19,-5.62,-1.39
2361,5.16,-5.63,-1.37
2362,5.13,-5.64,-1.36
2363,5.11,-5.65,-1.35
2364,5.12,-5.66,-1.34
2365,5.13,-5.66,-1.34
2366,5.12,-5.66,-1.34
2367,5.12,-5.65,-1.35
2368,5.12,-5.64,-1.36
2369,5.11,-5.63,-1.36
2370,5.1,-5.61,-1.37
2371,5.1,-5.61,-1.37
2372,5.11,-5.61,-1.37
2373,5.11,-5.61,-1.37
