,tof1,tof2,tof3,tof4
0,3393,0,0,0
1,3387,0,0,0
2,3387,0,0,0
3,3353,0,0,0
4,3353,0,0,0
5,3353,0,0,0
6,3353,0,0,0
7,3353,0,0,0
8,3360,0,0,0
9,3360,0,0,0
10,3360,0,0,0
11,3311,0,0,0
12,3311,0,0,0
13,3306,0,0,0
14,3306,0,0,0
15,3306,0,0,0
16,3295,0,0,0
17,3295,0,0,0
18,3298,0,0,0
19,3298,0,0,0
20,3298,0,0,0
21,3275,0,0,0
22,3275,0,0,0
23,3280,0,0,0
24,3280,0,0,0
25,3250,0,0,0
26,3250,0,0,0
27,3250,0,0,0
28,3248,0,0,0
29,3248,0,0,0
30,3230,0,0,0
31,3230,0,0,0
32,3230,0,0,0
33,3260,0,0,0
34,3260,0,0,0
35,3223,0,0,0
36,3223,0,0,0
37,3223,0,0,0
38,3224,0,0,0
39,3224,0,0,0
40,3216,0,0,0
41,3216,0,0,0
42,3216,0,0,0
43,3216,0,0,0
44,3211,0,0,0
45,3211,0,0,0
46,3224,0,0,0
47,3224,0,0,0
48,3224,0,0,0
49,3201,0,0,0
50,3201,0,0,0
51,3206,0,0,0
52,3206,0,0,0
53,3206,0,0,0
54,3215,0,0,0
55,3215,0,0,0
56,3218,0,0,0
57,3218,0,0,0
58,3218,0,0,0
59,3210,0,0,0
60,3210,0,0,0
61,3211,0,0,0
62,3211,0,0,0
63,3198,0,0,0
64,3198,0,0,0
65,3198,0,0,0
66,3196,0,0,0
67,3196,0,0,0
68,3193,0,0,0
69,3193,0,0,0
70,3193,0,0,0
71,3230,0,0,0
72,3230,0,0,0
73,3205,0,0,0
74,3205,0,0,0
75,3205,0,0,0
76,3209,0,0,0
77,3209,0,0,0
78,3198,0,0,0
79,3198,0,0,0
80,3198,0,0,0
81,3214,0,0,0
82,3214,0,0,0
83,3210,0,0,0
84,3210,0,0,0
85,3210,0,0,0
86,3204,0,0,0
87,3204,0,0,0
88,3198,0,0,0
89,3198,0,0,0
90,3198,0,0,0
91,3214,0,0,0
92,3214,0,0,0
93,3214,0,0,0
94,3214,0,0,0
95,3216,0,0,0
96,3216,0,0,0
97,3216,0,0,0
98,3216,0,0,0
99,3216,0,0,0
100,3220,0,0,0
101,3220,0,0,0
102,3220,0,0,0
103,3210,0,0,0
104,3210,0,0,0
105,3220,0,0,0
106,3220,0,0,0
107,3220,0,0,0
108,3206,0,0,0
109,3206,0,0,0
110,3220,0,0,0
111,3220,0,0,0
112,3220,0,0,0
113,3210,0,0,0
114,3210,0,0,0
115,3201,0,0,0
116,3201,0,0,0
117,3201,0,0,0
118,3200,0,0,0
119,3200,0,0,0
120,3207,0,0,0
121,3207,0,0,0
122,3207,0,0,0
123,3187,0,0,0
124,3187,0,0,0
125,3139,0,0,0
126,3139,0,0,0
127,3139,0,0,0
128,3083,0,0,0
129,3083,0,0,0
130,3042,0,0,0
131,3042,0,0,0
132,3042,0,0,0
133,2998,0,0,0
134,2998,0,0,0
135,2921,0,0,0
136,2921,0,0,0
137,2921,0,0,0
138,2801,0,0,0
139,2801,0,0,0
140,2704,0,0,0
141,2704,0,0,0
142,2704,0,0,0
143,2559,0,0,0
144,2559,0,0,0
145,2431,0,0,0
146,2431,0,0,0
147,2431,0,0,0
148,2270,0,0,0
149,2270,0,0,0
150,2097,0,0,0
151,2097,0,0,0
152,2097,0,0,0
153,1882,0,0,0
154,1882,0,0,0
155,1654,0,0,0
156,1654,0,0,0
157,1654,0,0,0
158,1422,0,0,0
159,1422,0,0,0
160,1187,0,0,0
161,1187,0,0,0
162,1187,0,0,0
163,1011,0,0,0
164,1011,0,0,0
165,857,0,0,0
166,857,0,0,0
167,740,0,0,0
168,740,0,0,0
169,740,0,0,0
170,642,0,0,0
171,642,0,0,0
172,561,0,0,0
173,561,0,0,0
174,561,0,0,0
175,486,0,0,0
176,486,0,0,0
177,486,0,0,0
178,429,0,0,0
179,429,0,0,0
180,406,0,0,0
181,406,0,0,0
182,406,0,0,0
183,406,0,0,0
184,406,0,0,0
185,325,0,0,0
186,325,0,0,0
187,291,0,0,0
188,291,0,0,0
189,291,0,0,0
190,266,0,0,0
191,266,0,0,0
192,248,0,0,0
193,248,0,0,0
194,248,0,0,0
195,262,0,0,0
196,262,0,0,0
197,244,0,0,0
198,244,0,0,0
199,244,0,0,0
200,227,0,0,0
201,227,0,0,0
202,215,0,0,0
203,215,0,0,0
204,215,0,0,0
205,206,0,0,0
206,206,0,0,0
207,197,0,0,0
208,197,0,0,0
209,197,0,0,0
210,191,0,0,0
211,191,0,0,0
212,185,0,0,0
213,185,0,0,0
214,185,0,0,0
215,178,0,0,0
216,178,0,0,0
217,171,0,0,0
218,171,0,0,0
219,171,0,0,0
220,165,0,0,0
221,165,0,0,0
222,160,0,0,0
223,160,0,0,0
224,154,0,0,0
225,154,0,0,0
226,154,0,0,0
227,150,0,0,0
228,150,0,0,0
229,146,0,0,0
230,146,0,0,0
231,146,0,0,0
232,143,0,0,0
233,143,0,0,0
234,139,0,0,0
235,139,0,0,0
236,139,0,0,0
237,136,0,0,0
238,136,0,0,0
239,133,0,0,0
240,133,0,0,0
241,133,0,0,0
242,131,0,0,0
243,131,0,0,0
244,129,0,0,0
245,129,0,0,0
246,128,0,0,0
247,128,0,0,0
248,128,0,0,0
249,127,0,0,0
250,127,0,0,0
251,128,0,0,0
252,128,0,0,0
253,128,0,0,0
254,129,0,0,0
255,129,0,0,0
256,130,0,0,0
257,130,0,0,0
258,130,0,0,0
259,130,0,0,0
260,130,0,0,0
261,130,0,0,0
262,130,0,0,0
263,130,0,0,0
264,130,0,0,0
265,130,0,0,0
266,131,0,0,0
267,131,0,0,0
268,134,0,0,0
269,134,0,0,0
270,134,0,0,0
271,138,0,0,0
272,138,0,0,0
273,142,0,0,0
274,142,0,0,0
275,142,0,0,0
276,144,0,0,0
277,144,0,0,0
278,146,0,0,0
279,146,0,0,0
280,145,0,0,0
281,145,0,0,0
282,145,0,0,0
283,147,0,0,0
284,147,0,0,0
285,149,0,0,0
286,149,0,0,0
287,149,0,0,0
288,148,0,0,0
289,148,0,0,0
290,148,0,0,0
291,148,0,0,0
292,148,0,0,0
293,149,0,0,0
294,149,0,0,0
295,149,0,0,0
296,149,0,0,0
297,149,0,0,0
298,148,0,0,0
299,148,0,0,0
300,164,0,0,0
301,164,0,0,0
302,164,0,0,0
303,2452,0,0,0
304,2452,0,0,0
305,2464,0,0,0
306,2464,0,0,0
307,2464,0,0,0
308,2480,0,0,0
309,2480,0,0,0
310,2475,0,0,0
311,2475,0,0,0
312,2475,0,0,0
313,2489,0,0,0
314,2489,0,0,0
315,2481,0,0,0
316,2481,0,0,0
317,2481,0,0,0
318,2478,0,0,0
319,2478,0,0,0
320,2477,0,0,0
321,2477,0,0,0
322,2477,0,0,0
323,2492,0,0,0
324,2492,0,0,0
325,2491,0,0,0
326,2491,0,0,0
327,2491,0,0,0
328,2498,0,0,0
329,2498,0,0,0
330,2485,0,0,0
331,2485,0,0,0
332,2485,0,0,0
333,2502,0,0,0
334,2502,0,0,0
335,2486,0,0,0
336,2486,0,0,0
337,2491,0,0,0
338,2491,0,0,0
339,2491,0,0,0
340,2488,0,0,0
341,2488,0,0,0
342,2493,0,0,0
343,2493,0,0,0
344,2494,0,0,0
345,2494,0,0,0
346,2494,0,0,0
347,2498,0,0,0
348,2498,0,0,0
349,2492,0,0,0
350,2492,0,0,0
351,2492,0,0,0
352,2496,0,0,0
353,2496,0,0,0
354,2485,0,0,0
355,2485,0,0,0
356,2485,0,0,0
357,2500,0,0,0
358,2500,0,0,0
359,2493,0,0,0
360,2493,0,0,0
361,2492,0,0,0
362,2492,0,0,0
363,2492,0,0,0
364,2495,0,0,0
365,2495,0,0,0
366,2497,0,0,0
367,2497,0,0,0
368,2497,0,0,0
369,2495,0,0,0
370,2495,0,0,0
371,2492,0,0,0
372,2492,0,0,0
373,2492,0,0,0
374,2473,0,0,0
375,2473,0,0,0
376,2487,0,0,0
377,2487,0,0,0
378,2487,0,0,0
379,2480,0,0,0
380,2480,0,0,0
381,2496,0,0,0
382,2496,0,0,0
383,2496,0,0,0
384,2485,0,0,0
385,2485,0,0,0
386,2481,0,0,0
387,2481,0,0,0
388,2481,0,0,0
389,2476,0,0,0
390,2476,0,0,0
391,2474,0,0,0
392,2474,0,0,0
393,2477,0,0,0
394,2477,0,0,0
395,2477,0,0,0
396,2483,0,0,0
397,2483,0,0,0
398,2483,0,0,0
399,2483,0,0,0
400,2489,0,0,0
401,2489,0,0,0
402,2484,0,0,0
403,2484,0,0,0
404,2484,0,0,0
405,2488,0,0,0
406,2488,0,0,0
407,2477,0,0,0
408,2477,0,0,0
409,2477,0,0,0
410,2487,0,0,0
411,2487,0,0,0
412,2503,0,0,0
413,2503,0,0,0
414,2503,0,0,0
415,2524,0,0,0
416,2524,0,0,0
417,2545,0,0,0
418,2545,0,0,0
419,2545,0,0,0
420,2568,0,0,0
421,2568,0,0,0
422,2568,0,0,0
423,2591,0,0,0
424,2591,0,0,0
425,2627,0,0,0
426,2627,0,0,0
427,2627,0,0,0
428,2667,0,0,0
429,2667,0,0,0
430,2702,0,0,0
431,2702,0,0,0
432,2702,0,0,0
433,2757,0,0,0
434,2757,0,0,0
435,2757,0,0,0
436,2757,0,0,0
437,2757,0,0,0
438,2858,0,0,0
439,2858,0,0,0
440,2913,0,0,0
441,2913,0,0,0
442,2975,0,0,0
443,2975,0,0,0
444,2975,0,0,0
445,3047,0,0,0
446,3047,0,0,0
447,3047,0,0,0
448,3105,0,0,0
449,3105,0,0,0
450,3192,0,0,0
451,3192,0,0,0
452,3192,0,0,0
453,3260,0,0,0
454,3260,0,0,0
455,3303,0,0,0
456,3303,0,0,0
457,3303,0,0,0
458,3347,0,0,0
459,3347,0,0,0
460,3419,0,0,0
461,3419,0,0,0
462,3426,0,0,0
463,3426,0,0,0
464,3426,0,0,0
465,3472,0,0,0
466,3472,0,0,0
467,3487,0,0,0
468,3487,0,0,0
469,3487,0,0,0
470,3568,0,0,0
471,3568,0,0,0
472,3559,0,0,0
473,3559,0,0,0
474,3559,0,0,0
475,3608,0,0,0
476,3608,0,0,0
477,3616,0,0,0
478,3616,0,0,0
479,3616,0,0,0
480,3616,0,0,0
481,3616,0,0,0
482,3672,0,0,0
483,3672,0,0,0
484,3661,0,0,0
485,3661,0,0,0
486,3661,0,0,0
487,3671,0,0,0
488,3671,0,0,0
489,3692,0,0,0
490,3692,0,0,0
491,3692,0,0,0
492,3708,0,0,0
493,3708,0,0,0
494,3735,0,0,0
495,3735,0,0,0
496,3735,0,0,0
497,3704,0,0,0
498,3704,0,0,0
499,3742,0,0,0
500,3742,0,0,0
501,3742,0,0,0
502,3732,0,0,0
503,3732,0,0,0
504,3743,0,0,0
505,3743,0,0,0
506,3729,0,0,0
507,3729,0,0,0
508,3758,0,0,0
509,3758,0,0,0
510,3741,0,0,0
511,3741,0,0,0
512,3741,0,0,0
513,3753,0,0,0
514,3753,0,0,0
515,3744,0,0,0
516,3744,0,0,0
517,3744,0,0,0
518,3751,0,0,0
519,3751,0,0,0
520,3744,0,0,0
521,3744,0,0,0
522,3744,0,0,0
523,3760,0,0,0
524,3760,0,0,0
525,3715,0,0,0
526,3715,0,0,0
527,3715,0,0,0
528,3759,0,0,0
529,3759,0,0,0
530,3718,0,0,0
531,3718,0,0,0
532,3718,0,0,0
533,3759,0,0,0
534,3759,0,0,0
535,3738,0,0,0
536,3738,0,0,0
537,3738,0,0,0
538,3755,0,0,0
539,3755,0,0,0
540,3721,0,0,0
541,3721,0,0,0
542,3747,0,0,0
543,3747,0,0,0
544,3747,0,0,0
545,3760,0,0,0
546,3760,0,0,0
547,3741,0,0,0
548,3741,0,0,0
549,3741,0,0,0
550,3697,0,0,0
551,3697,0,0,0
552,3735,0,0,0
553,3735,0,0,0
554,3735,0,0,0
555,3726,0,0,0
556,3726,0,0,0
557,3730,0,0,0
558,3730,0,0,0
559,3730,0,0,0
560,3713,0,0,0
561,3713,0,0,0
562,3725,0,0,0
563,3725,0,0,0
564,3744,0,0,0
565,3744,0,0,0
566,3744,0,0,0
567,3731,0,0,0
568,3731,0,0,0
569,3720,0,0,0
570,3720,0,0,0
571,3720,0,0,0
572,3739,0,0,0
573,3739,0,0,0
574,3726,0,0,0
575,3726,0,0,0
576,3726,0,0,0
577,3761,0,0,0
578,3761,0,0,0
579,3739,0,0,0
580,3739,0,0,0
581,3739,0,0,0
582,3760,0,0,0
583,3760,0,0,0
584,3727,0,0,0
585,3727,0,0,0
586,3761,0,0,0
587,3761,0,0,0
588,3761,0,0,0
589,3705,0,0,0
590,3705,0,0,0
591,3663,0,0,0
592,3663,0,0,0
593,3663,0,0,0
594,3607,0,0,0
595,3607,0,0,0
596,3547,0,0,0
597,3547,0,0,0
598,3547,0,0,0
599,3430,0,0,0
600,3430,0,0,0
601,3369,0,0,0
602,3369,0,0,0
603,3369,0,0,0
604,3338,0,0,0
605,3338,0,0,0
606,3329,0,0,0
607,3329,0,0,0
608,3306,0,0,0
609,3306,0,0,0
610,3306,0,0,0
611,3322,0,0,0
612,3322,0,0,0
613,3318,0,0,0
614,3318,0,0,0
615,3318,0,0,0
616,3347,0,0,0
617,3347,0,0,0
618,3319,0,0,0
619,3319,0,0,0
620,3319,0,0,0
621,3352,0,0,0
622,3352,0,0,0
623,3332,0,0,0
624,3332,0,0,0
625,3332,0,0,0
626,3370,0,0,0
627,3370,0,0,0
628,3381,0,0,0
629,3381,0,0,0
630,3383,0,0,0
631,3383,0,0,0
632,3383,0,0,0
633,3391,0,0,0
634,3391,0,0,0
635,3403,0,0,0
636,3403,0,0,0
637,3403,0,0,0
638,3410,0,0,0
639,3410,0,0,0
640,3414,0,0,0
641,3414,0,0,0
642,3414,0,0,0
643,3407,0,0,0
644,3407,0,0,0
645,3438,0,0,0
646,3438,0,0,0
647,3438,0,0,0
648,3443,0,0,0
649,3443,0,0,0
650,3460,0,0,0
651,3460,0,0,0
652,3460,0,0,0
653,3445,0,0,0
654,3454,0,0,0
655,3454,0,0,0
656,3452,0,0,0
657,3452,0,0,0
658,3452,0,0,0
659,3461,0,0,0
660,3461,0,0,0
661,3453,0,0,0
662,3453,0,0,0
663,3453,0,0,0
664,3453,0,0,0
665,3453,0,0,0
666,3445,0,0,0
667,3445,0,0,0
668,3478,0,0,0
669,3478,0,0,0
670,3478,0,0,0
671,3474,0,0,0
672,3474,0,0,0
673,3504,0,0,0
674,3504,0,0,0
675,3504,0,0,0
676,3487,0,0,0
677,3487,0,0,0
678,3487,0,0,0
679,3487,0,0,0
680,3480,0,0,0
681,3480,0,0,0
682,3480,0,0,0
683,3495,0,0,0
684,3495,0,0,0
685,3503,0,0,0
686,3503,0,0,0
687,3503,0,0,0
688,3490,0,0,0
689,3490,0,0,0
690,3504,0,0,0
691,3504,0,0,0
692,3504,0,0,0
693,3522,0,0,0
694,3522,0,0,0
695,3504,0,0,0
696,3504,0,0,0
697,3469,0,0,0
698,3469,0,0,0
699,3469,0,0,0
700,3431,0,0,0
701,3431,0,0,0
702,3404,0,0,0
703,3404,0,0,0
704,3392,0,0,0
705,3392,0,0,0
706,3343,0,0,0
707,3343,0,0,0
708,3343,0,0,0
709,3257,0,0,0
710,3257,0,0,0
711,3210,0,0,0
712,3210,0,0,0
713,3210,0,0,0
714,3121,0,0,0
715,3121,0,0,0
716,3014,0,0,0
717,3014,0,0,0
718,3014,0,0,0
719,2887,0,0,0
720,2887,0,0,0
721,2759,0,0,0
722,2759,0,0,0
723,2759,0,0,0
724,2621,0,0,0
725,2621,0,0,0
726,2411,0,0,0
727,2411,0,0,0
728,2153,0,0,0
729,2153,0,0,0
730,2153,0,0,0
731,1864,0,0,0
732,1864,0,0,0
733,1864,0,0,0
734,1586,0,0,0
735,1586,0,0,0
736,1320,0,0,0
737,1320,0,0,0
738,1092,0,0,0
739,1092,0,0,0
740,1092,0,0,0
741,936,0,0,0
742,936,0,0,0
743,791,0,0,0
744,791,0,0,0
745,666,0,0,0
746,666,0,0,0
747,666,0,0,0
748,567,0,0,0
749,567,0,0,0
750,497,0,0,0
751,497,0,0,0
752,497,0,0,0
753,440,0,0,0
754,396,0,0,0
755,396,0,0,0
756,396,0,0,0
757,362,0,0,0
758,362,0,0,0
759,362,0,0,0
760,362,0,0,0
761,362,0,0,0
762,304,0,0,0
763,304,0,0,0
764,280,0,0,0
765,280,0,0,0
766,280,0,0,0
767,280,0,0,0
768,280,0,0,0
769,280,0,0,0
770,244,0,0,0
771,244,0,0,0
772,229,0,0,0
773,229,0,0,0
774,246,0,0,0
775,246,0,0,0
776,246,0,0,0
777,234,0,0,0
778,234,0,0,0
779,229,0,0,0
780,229,0,0,0
781,229,0,0,0
782,224,0,0,0
783,224,0,0,0
784,216,0,0,0
785,216,0,0,0
786,216,0,0,0
787,207,0,0,0
788,207,0,0,0
789,198,0,0,0
790,198,0,0,0
791,198,0,0,0
792,189,0,0,0
793,189,0,0,0
794,180,0,0,0
795,180,0,0,0
796,180,0,0,0
797,172,0,0,0
798,172,0,0,0
799,165,0,0,0
800,165,0,0,0
801,158,0,0,0
802,158,0,0,0
803,158,0,0,0
804,151,0,0,0
805,151,0,0,0
806,145,0,0,0
807,145,0,0,0
808,145,0,0,0
809,138,0,0,0
810,138,0,0,0
811,131,0,0,0
812,131,0,0,0
813,131,0,0,0
814,128,0,0,0
815,128,0,0,0
816,124,0,0,0
817,124,0,0,0
818,124,0,0,0
819,119,0,0,0
820,119,0,0,0
821,110,0,0,0
822,110,0,0,0
823,110,0,0,0
824,110,0,0,0
825,110,0,0,0
826,103,0,0,0
827,103,0,0,0
828,103,0,0,0
829,97,0,0,0
830,97,0,0,0
831,93,0,0,0
832,93,0,0,0
833,93,0,0,0
834,91,0,0,0
835,91,0,0,0
836,92,0,0,0
837,92,0,0,0
838,92,0,0,0
839,95,0,0,0
840,95,0,0,0
841,101,0,0,0
842,101,0,0,0
843,101,0,0,0
844,109,0,0,0
845,109,0,0,0
846,115,0,0,0
847,115,0,0,0
848,128,0,0,0
849,128,0,0,0
850,128,0,0,0
851,124,0,0,0
852,124,0,0,0
853,136,0,0,0
854,136,0,0,0
855,136,0,0,0
856,137,0,0,0
857,137,0,0,0
858,134,0,0,0
859,134,0,0,0
860,134,0,0,0
861,138,0,0,0
862,138,0,0,0
863,151,0,0,0
864,151,0,0,0
865,151,0,0,0
866,144,0,0,0
867,144,0,0,0
868,156,0,0,0
869,156,0,0,0
870,162,0,0,0
871,162,0,0,0
872,162,0,0,0
873,188,0,0,0
874,188,0,0,0
875,2480,0,0,0
876,2480,0,0,0
877,2480,0,0,0
878,2504,0,0,0
879,2504,0,0,0
880,2497,0,0,0
881,2497,0,0,0
882,2497,0,0,0
883,2515,0,0,0
884,2515,0,0,0
885,2506,0,0,0
886,2506,0,0,0
887,2506,0,0,0
888,2510,0,0,0
889,2510,0,0,0
890,2501,0,0,0
891,2501,0,0,0
892,2501,0,0,0
893,2507,0,0,0
894,2507,0,0,0
895,2515,0,0,0
896,2515,0,0,0
897,2518,0,0,0
898,2518,0,0,0
899,2518,0,0,0
900,2522,0,0,0
901,2522,0,0,0
902,2520,0,0,0
903,2520,0,0,0
904,2520,0,0,0
905,2520,0,0,0
906,2520,0,0,0
907,2519,0,0,0
908,2519,0,0,0
909,2519,0,0,0
910,2518,0,0,0
911,2518,0,0,0
912,2529,0,0,0
913,2529,0,0,0
914,2529,0,0,0
915,2528,0,0,0
916,2528,0,0,0
917,2517,0,0,0
918,2517,0,0,0
919,2528,0,0,0
920,2528,0,0,0
921,2528,0,0,0
922,2529,0,0,0
923,2529,0,0,0
924,2528,0,0,0
925,2528,0,0,0
926,2528,0,0,0
927,2529,0,0,0
928,2529,0,0,0
929,2529,0,0,0
930,2529,0,0,0
931,2529,0,0,0
932,2519,0,0,0
933,2519,0,0,0
934,2519,0,0,0
935,2519,0,0,0
936,2519,0,0,0
937,2515,0,0,0
938,2515,0,0,0
939,2515,0,0,0
940,2526,0,0,0
941,2526,0,0,0
942,2537,0,0,0
943,2537,0,0,0
944,2537,0,0,0
945,2520,0,0,0
946,2520,0,0,0
947,2518,0,0,0
948,2518,0,0,0
949,2518,0,0,0
950,2518,0,0,0
951,2518,0,0,0
952,2511,0,0,0
953,2511,0,0,0
954,2523,0,0,0
955,2523,0,0,0
956,2523,0,0,0
957,2523,0,0,0
958,2523,0,0,0
959,2522,0,0,0
960,2522,0,0,0
961,2522,0,0,0
962,2501,0,0,0
963,2520,0,0,0
964,2520,0,0,0
965,2520,0,0,0
966,2522,0,0,0
967,2522,0,0,0
968,2508,0,0,0
969,2508,0,0,0
970,2514,0,0,0
971,2514,0,0,0
972,2514,0,0,0
973,2525,0,0,0
974,2525,0,0,0
975,2522,0,0,0
976,2522,0,0,0
977,2522,0,0,0
978,2516,0,0,0
979,2516,0,0,0
980,2526,0,0,0
981,2526,0,0,0
982,2526,0,0,0
983,2526,0,0,0
984,2526,0,0,0
985,2536,0,0,0
986,2536,0,0,0
987,2536,0,0,0
988,2555,0,0,0
989,2555,0,0,0
990,2581,0,0,0
991,2581,0,0,0
992,2581,0,0,0
993,2593,0,0,0
994,2593,0,0,0
995,2623,0,0,0
996,2623,0,0,0
997,2669,0,0,0
998,2669,0,0,0
999,2669,0,0,0
1000,2712,0,0,0
1001,2712,0,0,0
1002,2712,0,0,0
1003,2750,0,0,0
1004,2750,0,0,0
1005,2777,0,0,0
1006,2777,0,0,0
1007,2777,0,0,0
1008,2777,0,0,0
1009,2777,0,0,0
1010,2884,0,0,0
1011,2884,0,0,0
1012,2944,0,0,0
1013,2944,0,0,0
1014,2944,0,0,0
1015,3018,0,0,0
1016,3018,0,0,0
1017,3059,0,0,0
1018,3059,0,0,0
1019,3146,0,0,0
1020,3146,0,0,0
1021,3146,0,0,0
1022,3196,0,0,0
1023,3196,0,0,0
1024,3282,0,0,0
1025,3282,0,0,0
1026,3282,0,0,0
1027,3342,0,0,0
1028,3342,0,0,0
1029,3384,0,0,0
1030,3384,0,0,0
1031,3418,0,0,0
1032,3418,0,0,0
1033,3418,0,0,0
1034,3477,0,0,0
1035,3477,0,0,0
1036,3504,0,0,0
1037,3504,0,0,0
1038,3504,0,0,0
1039,3569,0,0,0
1040,3574,0,0,0
1041,3574,0,0,0
1042,3596,0,0,0
1043,3596,0,0,0
1044,3596,0,0,0
1045,3627,0,0,0
1046,3627,0,0,0
1047,3667,0,0,0
1048,3667,0,0,0
1049,3667,0,0,0
1050,3692,0,0,0
1051,3711,0,0,0
1052,3711,0,0,0
1053,3711,0,0,0
1054,3714,0,0,0
1055,3714,0,0,0
1056,3714,0,0,0
1057,3751,0,0,0
1058,3751,0,0,0
1059,3747,0,0,0
1060,3747,0,0,0
1061,3747,0,0,0
1062,3766,0,0,0
1063,3766,0,0,0
1064,3761,0,0,0
1065,3761,0,0,0
1066,3791,0,0,0
1067,3791,0,0,0
1068,3791,0,0,0
1069,3785,0,0,0
1070,3785,0,0,0
1071,3785,0,0,0
1072,3785,0,0,0
1073,3785,0,0,0
1074,3793,0,0,0
1075,3793,0,0,0
1076,3801,0,0,0
1077,3801,0,0,0
1078,3796,0,0,0
1079,3796,0,0,0
1080,3796,0,0,0
1081,3822,0,0,0
1082,3822,0,0,0
1083,3807,0,0,0
1084,3807,0,0,0
1085,3807,0,0,0
1086,3811,0,0,0
1087,3811,0,0,0
1088,3813,0,0,0
1089,3813,0,0,0
1090,3813,0,0,0
1091,3814,0,0,0
1092,3814,0,0,0
1093,3819,0,0,0
1094,3819,0,0,0
1095,3819,0,0,0
1096,3818,0,0,0
1097,3818,0,0,0
1098,3829,0,0,0
1099,3829,0,0,0
1100,3829,0,0,0
1101,3829,0,0,0
1102,3829,0,0,0
1103,3795,0,0,0
1104,3795,0,0,0
1105,3786,0,0,0
1106,3786,0,0,0
1107,3786,0,0,0
1108,3793,0,0,0
1109,3793,0,0,0
1110,3822,0,0,0
1111,3822,0,0,0
1112,3822,0,0,0
1113,3798,0,0,0
1114,3798,0,0,0
1115,3832,0,0,0
1116,3832,0,0,0
1117,3801,0,0,0
1118,3801,0,0,0
1119,3806,0,0,0
1120,3806,0,0,0
1121,3814,0,0,0
1122,3814,0,0,0
1123,3814,0,0,0
1124,3857,0,0,0
1125,3857,0,0,0
1126,3826,0,0,0
1127,3826,0,0,0
1128,3831,0,0,0
1129,3831,0,0,0
1130,3822,0,0,0
1131,3822,0,0,0
1132,3822,0,0,0
1133,3820,0,0,0
1134,3820,0,0,0
1135,3806,0,0,0
1136,3806,0,0,0
1137,3806,0,0,0
1138,3807,0,0,0
1139,3807,0,0,0
1140,3788,0,0,0
1141,3788,0,0,0
1142,3788,0,0,0
1143,3816,0,0,0
1144,3816,0,0,0
1145,3809,0,0,0
1146,3809,0,0,0
1147,3809,0,0,0
1148,3821,0,0,0
1149,3821,0,0,0
1150,3771,0,0,0
1151,3771,0,0,0
1152,3771,0,0,0
1153,3829,0,0,0
1154,3829,0,0,0
1155,3762,0,0,0
1156,3762,0,0,0
1157,3762,0,0,0
1158,3786,0,0,0
1159,3786,0,0,0
1160,3735,0,0,0
1161,3735,0,0,0
1162,3735,0,0,0
1163,3773,0,0,0
1164,3773,0,0,0
1165,3747,0,0,0
1166,3747,0,0,0
1167,3747,0,0,0
1168,3720,0,0,0
1169,3720,0,0,0
1170,3729,0,0,0
1171,3729,0,0,0
1172,3729,0,0,0
1173,3727,0,0,0
1174,3727,0,0,0
1175,3711,0,0,0
1176,3711,0,0,0
1177,3711,0,0,0
1178,3703,0,0,0
1179,3703,0,0,0
1180,3706,0,0,0
1181,3706,0,0,0
1182,3706,0,0,0
1183,3716,0,0,0
1184,3716,0,0,0
1185,3720,0,0,0
1186,3720,0,0,0
1187,3720,0,0,0
1188,3726,0,0,0
1189,3726,0,0,0
1190,3688,0,0,0
1191,3688,0,0,0
1192,3688,0,0,0
1193,3706,0,0,0
1194,3706,0,0,0
1195,3681,0,0,0
1196,3681,0,0,0
1197,3681,0,0,0
1198,3701,0,0,0
1199,3701,0,0,0
1200,3702,0,0,0
1201,3702,0,0,0
1202,3702,0,0,0
1203,3724,0,0,0
1204,3724,0,0,0
1205,3714,0,0,0
1206,3714,0,0,0
1207,3714,0,0,0
1208,3712,0,0,0
1209,3712,0,0,0
1210,3696,0,0,0
1211,3696,0,0,0
1212,3696,0,0,0
1213,3719,0,0,0
1214,3719,0,0,0
1215,3703,0,0,0
1216,3703,0,0,0
1217,3703,0,0,0
1218,3720,0,0,0
1219,3720,0,0,0
1220,3692,0,0,0
1221,3692,0,0,0
1222,3692,0,0,0
1223,3710,0,0,0
1224,3710,0,0,0
1225,3695,0,0,0
1226,3695,0,0,0
1227,3695,0,0,0
1228,3713,0,0,0
1229,3713,0,0,0
1230,3711,0,0,0
1231,3711,0,0,0
1232,3711,0,0,0
1233,3701,0,0,0
1234,3701,0,0,0
1235,3686,0,0,0
1236,3686,0,0,0
1237,3686,0,0,0
1238,3688,0,0,0
1239,3688,0,0,0
1240,3675,0,0,0
1241,3675,0,0,0
1242,3675,0,0,0
1243,3688,0,0,0
1244,3688,0,0,0
1245,3671,0,0,0
1246,3671,0,0,0
1247,3671,0,0,0
1248,3715,0,0,0
1249,3715,0,0,0
1250,3717,0,0,0
1251,3717,0,0,0
1252,3717,0,0,0
1253,3678,0,0,0
1254,3678,0,0,0
1255,3684,0,0,0
1256,3684,0,0,0
1257,3684,0,0,0
1258,3691,0,0,0
1259,3691,0,0,0
1260,3676,0,0,0
1261,3676,0,0,0
1262,3676,0,0,0
1263,3695,0,0,0
1264,3695,0,0,0
1265,3718,0,0,0
1266,3718,0,0,0
1267,3718,0,0,0
1268,3707,0,0,0
1269,3707,0,0,0
1270,3687,0,0,0
1271,3687,0,0,0
1272,3687,0,0,0
1273,3646,0,0,0
1274,3646,0,0,0
1275,3646,0,0,0
1276,3624,0,0,0
1277,3624,0,0,0
1278,3622,0,0,0
1279,3622,0,0,0
1280,3590,0,0,0
1281,3590,0,0,0
1282,3590,0,0,0
1283,3543,0,0,0
1284,3543,0,0,0
1285,3477,0,0,0
1286,3477,0,0,0
1287,3477,0,0,0
1288,3455,0,0,0
1289,3455,0,0,0
1290,3363,0,0,0
1291,3363,0,0,0
1292,3363,0,0,0
1293,3331,0,0,0
1294,3331,0,0,0
1295,3272,0,0,0
1296,3272,0,0,0
1297,3272,0,0,0
1298,3215,0,0,0
1299,3215,0,0,0
1300,3089,0,0,0
1301,3089,0,0,0
1302,3089,0,0,0
1303,2995,0,0,0
1304,2995,0,0,0
1305,2873,0,0,0
1306,2873,0,0,0
1307,2650,0,0,0
1308,2650,0,0,0
1309,2650,0,0,0
1310,2404,0,0,0
1311,2404,0,0,0
1312,2053,0,0,0
1313,2053,0,0,0
1314,2053,0,0,0
1315,1705,0,0,0
1316,1705,0,0,0
1317,1353,0,0,0
1318,1353,0,0,0
1319,1353,0,0,0
1320,1093,0,0,0
1321,1093,0,0,0
1322,828,0,0,0
1323,828,0,0,0
1324,828,0,0,0
1325,661,0,0,0
1326,661,0,0,0
1327,544,0,0,0
1328,544,0,0,0
1329,544,0,0,0
1330,466,0,0,0
1331,466,0,0,0
1332,403,0,0,0
1333,403,0,0,0
1334,403,0,0,0
1335,356,0,0,0
1336,356,0,0,0
1337,319,0,0,0
1338,319,0,0,0
1339,315,0,0,0
1340,315,0,0,0
1341,315,0,0,0
1342,279,0,0,0
1343,279,0,0,0
1344,259,0,0,0
1345,259,0,0,0
1346,259,0,0,0
1347,237,0,0,0
1348,237,0,0,0
1349,223,0,0,0
1350,223,0,0,0
1351,223,0,0,0
1352,212,0,0,0
1353,212,0,0,0
1354,207,0,0,0
1355,207,0,0,0
1356,201,0,0,0
1357,201,0,0,0
1358,201,0,0,0
1359,221,0,0,0
1360,221,0,0,0
1361,210,0,0,0
1362,210,0,0,0
1363,210,0,0,0
1364,199,0,0,0
1365,199,0,0,0
1366,189,0,0,0
1367,189,0,0,0
1368,189,0,0,0
1369,182,0,0,0
1370,182,0,0,0
1371,175,0,0,0
1372,175,0,0,0
1373,175,0,0,0
1374,170,0,0,0
1375,170,0,0,0
1376,164,0,0,0
1377,164,0,0,0
1378,164,0,0,0
1379,160,0,0,0
1380,160,0,0,0
1381,155,0,0,0
1382,155,0,0,0
1383,150,0,0,0
1384,150,0,0,0
1385,150,0,0,0
1386,146,0,0,0
1387,146,0,0,0
1388,141,0,0,0
1389,141,0,0,0
1390,141,0,0,0
1391,139,0,0,0
1392,139,0,0,0
1393,136,0,0,0
1394,136,0,0,0
1395,136,0,0,0
1396,136,0,0,0
1397,136,0,0,0
1398,135,0,0,0
1399,135,0,0,0
1400,135,0,0,0
1401,135,0,0,0
1402,135,0,0,0
1403,135,0,0,0
1404,135,0,0,0
1405,135,0,0,0
1406,135,0,0,0
1407,135,0,0,0
1408,146,0,0,0
1409,146,0,0,0
1410,146,0,0,0
1411,149,0,0,0
1412,149,0,0,0
1413,140,0,0,0
1414,140,0,0,0
1415,154,0,0,0
1416,154,0,0,0
1417,154,0,0,0
1418,158,0,0,0
1419,158,0,0,0
1420,163,0,0,0
1421,163,0,0,0
1422,163,0,0,0
1423,168,0,0,0
1424,168,0,0,0
1425,172,0,0,0
1426,172,0,0,0
1427,175,0,0,0
1428,175,0,0,0
1429,175,0,0,0
1430,176,0,0,0
1431,176,0,0,0
1432,179,0,0,0
1433,179,0,0,0
1434,179,0,0,0
1435,185,0,0,0
1436,185,0,0,0
1437,188,0,0,0
1438,188,0,0,0
1439,188,0,0,0
1440,191,0,0,0
1441,191,0,0,0
1442,193,0,0,0
1443,193,0,0,0
1444,193,0,0,0
1445,193,0,0,0
1446,193,0,0,0
1447,200,0,0,0
1448,200,0,0,0
1449,710,0,0,0
1450,710,0,0,0
1451,710,0,0,0
1452,2536,0,0,0
1453,2536,0,0,0
1454,2555,0,0,0
1455,2555,0,0,0
1456,2555,0,0,0
1457,2574,0,0,0
1458,2574,0,0,0
1459,2564,0,0,0
1460,2564,0,0,0
1461,2564,0,0,0
1462,2576,0,0,0
1463,2576,0,0,0
1464,2580,0,0,0
1465,2580,0,0,0
1466,2580,0,0,0
1467,2572,0,0,0
1468,2572,0,0,0
1469,2571,0,0,0
1470,2571,0,0,0
1471,2571,0,0,0
1472,2576,0,0,0
1473,2576,0,0,0
1474,2587,0,0,0
1475,2587,0,0,0
1476,2572,0,0,0
1477,2572,0,0,0
1478,2586,0,0,0
1479,2586,0,0,0
1480,2586,0,0,0
1481,2584,0,0,0
1482,2584,0,0,0
1483,2590,0,0,0
1484,2590,0,0,0
1485,2587,0,0,0
1486,2587,0,0,0
1487,2587,0,0,0
1488,2586,0,0,0
1489,2586,0,0,0
1490,2585,0,0,0
1491,2585,0,0,0
1492,2585,0,0,0
1493,2589,0,0,0
1494,2589,0,0,0
1495,2592,0,0,0
1496,2592,0,0,0
1497,2592,0,0,0
1498,2591,0,0,0
1499,2591,0,0,0
1500,2598,0,0,0
1501,2598,0,0,0
1502,2604,0,0,0
1503,2604,0,0,0
1504,2604,0,0,0
1505,2592,0,0,0
1506,2592,0,0,0
1507,2600,0,0,0
1508,2600,0,0,0
1509,2600,0,0,0
1510,2601,0,0,0
1511,2601,0,0,0
1512,2581,0,0,0
1513,2581,0,0,0
1514,2581,0,0,0
1515,2591,0,0,0
1516,2591,0,0,0
1517,2577,0,0,0
1518,2577,0,0,0
1519,2577,0,0,0
1520,2578,0,0,0
1521,2578,0,0,0
1522,2577,0,0,0
1523,2577,0,0,0
1524,2566,0,0,0
1525,2566,0,0,0
1526,2566,0,0,0
1527,2582,0,0,0
1528,2582,0,0,0
1529,2572,0,0,0
1530,2572,0,0,0
1531,2572,0,0,0
1532,2576,0,0,0
1533,2576,0,0,0
1534,2572,0,0,0
1535,2572,0,0,0
1536,2572,0,0,0
1537,2574,0,0,0
1538,2574,0,0,0
1539,2571,0,0,0
1540,2571,0,0,0
1541,2571,0,0,0
1542,2588,0,0,0
1543,2588,0,0,0
1544,2578,0,0,0
1545,2578,0,0,0
1546,2578,0,0,0
1547,2588,0,0,0
1548,2588,0,0,0
1549,2589,0,0,0
1550,2589,0,0,0
1551,2598,0,0,0
1552,2598,0,0,0
1553,2578,0,0,0
1554,2578,0,0,0
1555,2578,0,0,0
1556,2584,0,0,0
1557,2584,0,0,0
1558,2587,0,0,0
1559,2587,0,0,0
1560,2587,0,0,0
1561,2612,0,0,0
1562,2612,0,0,0
1563,2632,0,0,0
1564,2632,0,0,0
1565,2632,0,0,0
1566,2658,0,0,0
1567,2658,0,0,0
1568,2675,0,0,0
1569,2675,0,0,0
1570,2675,0,0,0
1571,2716,0,0,0
1572,2716,0,0,0
1573,2746,0,0,0
1574,2746,0,0,0
1575,2804,0,0,0
1576,2804,0,0,0
1577,2838,0,0,0
1578,2838,0,0,0
1579,2838,0,0,0
1580,2889,0,0,0
1581,2889,0,0,0
1582,2930,0,0,0
1583,2930,0,0,0
1584,2930,0,0,0
1585,3006,0,0,0
1586,3006,0,0,0
1587,3052,0,0,0
1588,3052,0,0,0
1589,3052,0,0,0
1590,3136,0,0,0
1591,3136,0,0,0
1592,3205,0,0,0
1593,3205,0,0,0
1594,3205,0,0,0
1595,3267,0,0,0
1596,3267,0,0,0
1597,3328,0,0,0
1598,3328,0,0,0
1599,3328,0,0,0
1600,3402,0,0,0
1601,3402,0,0,0
1602,3431,0,0,0
1603,3431,0,0,0
1604,3494,0,0,0
1605,3494,0,0,0
1606,3494,0,0,0
1607,3548,0,0,0
1608,3548,0,0,0
1609,3569,0,0,0
1610,3569,0,0,0
1611,3569,0,0,0
1612,3580,0,0,0
1613,3580,0,0,0
1614,3580,0,0,0
1615,3634,0,0,0
1616,3634,0,0,0
1617,3665,0,0,0
1618,3665,0,0,0
1619,3693,0,0,0
1620,3693,0,0,0
1621,3693,0,0,0
1622,3705,0,0,0
1623,3705,0,0,0
1624,3728,0,0,0
1625,3728,0,0,0
1626,3737,0,0,0
1627,3737,0,0,0
1628,3737,0,0,0
1629,3770,0,0,0
1630,3770,0,0,0
1631,3765,0,0,0
1632,3765,0,0,0
1633,3765,0,0,0
1634,3812,0,0,0
1635,3812,0,0,0
1636,3796,0,0,0
1637,3796,0,0,0
1638,3796,0,0,0
1639,3787,0,0,0
1640,3787,0,0,0
1641,3822,0,0,0
1642,3822,0,0,0
1643,3822,0,0,0
1644,3809,0,0,0
1645,3809,0,0,0
1646,3817,0,0,0
1647,3817,0,0,0
1648,3817,0,0,0
1649,3875,0,0,0
1650,3875,0,0,0
1651,3847,0,0,0
1652,3847,0,0,0
1653,3861,0,0,0
1654,3861,0,0,0
1655,3861,0,0,0
1656,3854,0,0,0
1657,3854,0,0,0
1658,3854,0,0,0
1659,3868,0,0,0
1660,3868,0,0,0
1661,3845,0,0,0
1662,3845,0,0,0
1663,3860,0,0,0
1664,3860,0,0,0
1665,3856,0,0,0
1666,3856,0,0,0
1667,3856,0,0,0
1668,3868,0,0,0
1669,3868,0,0,0
1670,3871,0,0,0
1671,3871,0,0,0
1672,3871,0,0,0
1673,3857,0,0,0
1674,3857,0,0,0
1675,3847,0,0,0
1676,3847,0,0,0
1677,3847,0,0,0
1678,3872,0,0,0
1679,3872,0,0,0
1680,3872,0,0,0
1681,3872,0,0,0
1682,3872,0,0,0
1683,3867,0,0,0
1684,3867,0,0,0
1685,3892,0,0,0
1686,3892,0,0,0
1687,3892,0,0,0
1688,3845,0,0,0
1689,3845,0,0,0
1690,3879,0,0,0
1691,3879,0,0,0
1692,3879,0,0,0
1693,3876,0,0,0
1694,3876,0,0,0
1695,3831,0,0,0
1696,3831,0,0,0
1697,3881,0,0,0
1698,3881,0,0,0
1699,3881,0,0,0
1700,3864,0,0,0
1701,3864,0,0,0
1702,3876,0,0,0
1703,3876,0,0,0
1704,3876,0,0,0
1705,3851,0,0,0
1706,3851,0,0,0
1707,3892,0,0,0
1708,3892,0,0,0
1709,3892,0,0,0
1710,3832,0,0,0
1711,3832,0,0,0
1712,3891,0,0,0
1713,3891,0,0,0
1714,3891,0,0,0
1715,3870,0,0,0
1716,3870,0,0,0
1717,3874,0,0,0
1718,3874,0,0,0
1719,3866,0,0,0
1720,3866,0,0,0
1721,3866,0,0,0
1722,3852,0,0,0
1723,3852,0,0,0
1724,3865,0,0,0
1725,3865,0,0,0
1726,3865,0,0,0
1727,3870,0,0,0
1728,3870,0,0,0
1729,3822,0,0,0
1730,3822,0,0,0
1731,3822,0,0,0
1732,3842,0,0,0
1733,3842,0,0,0
1734,3842,0,0,0
1735,3841,0,0,0
1736,3841,0,0,0
1737,3854,0,0,0
1738,3854,0,0,0
1739,3810,0,0,0
1740,3810,0,0,0
1741,3810,0,0,0
1742,3762,0,0,0
1743,3762,0,0,0
1744,3795,0,0,0
1745,3795,0,0,0
1746,3795,0,0,0
1747,3795,0,0,0
1748,3795,0,0,0
1749,3754,0,0,0
1750,3754,0,0,0
1751,3754,0,0,0
1752,3774,0,0,0
1753,3774,0,0,0
1754,3774,0,0,0
1755,3774,0,0,0
1756,3774,0,0,0
1757,3754,0,0,0
1758,3754,0,0,0
1759,3767,0,0,0
1760,3767,0,0,0
1761,3770,0,0,0
1762,3770,0,0,0
1763,3770,0,0,0
1764,3745,0,0,0
1765,3745,0,0,0
1766,3740,0,0,0
1767,3740,0,0,0
1768,3740,0,0,0
1769,3745,0,0,0
1770,3745,0,0,0
1771,3767,0,0,0
1772,3767,0,0,0
1773,3720,0,0,0
1774,3720,0,0,0
1775,3720,0,0,0
1776,3781,0,0,0
1777,3781,0,0,0
1778,3751,0,0,0
1779,3751,0,0,0
1780,3751,0,0,0
1781,3770,0,0,0
1782,3770,0,0,0
1783,3741,0,0,0
1784,3741,0,0,0
1785,3741,0,0,0
1786,3786,0,0,0
1787,3786,0,0,0
1788,3745,0,0,0
1789,3745,0,0,0
1790,3745,0,0,0
1791,3745,0,0,0
1792,3745,0,0,0
1793,3734,0,0,0
1794,3734,0,0,0
1795,3734,0,0,0
1796,3754,0,0,0
1797,3754,0,0,0
1798,3730,0,0,0
1799,3730,0,0,0
1800,3755,0,0,0
1801,3755,0,0,0
1802,3755,0,0,0
1803,3737,0,0,0
1804,3737,0,0,0
1805,3765,0,0,0
1806,3765,0,0,0
1807,3765,0,0,0
1808,3737,0,0,0
1809,3737,0,0,0
1810,3748,0,0,0
1811,3748,0,0,0
1812,3748,0,0,0
1813,3729,0,0,0
1814,3729,0,0,0
1815,3764,0,0,0
1816,3764,0,0,0
1817,3764,0,0,0
1818,3756,0,0,0
1819,3756,0,0,0
1820,3733,0,0,0
1821,3733,0,0,0
1822,3733,0,0,0
1823,3719,0,0,0
1824,3719,0,0,0
1825,3741,0,0,0
1826,3741,0,0,0
1827,3741,0,0,0
1828,3741,0,0,0
1829,3741,0,0,0
1830,3766,0,0,0
1831,3766,0,0,0
1832,3766,0,0,0
1833,3741,0,0,0
1834,3741,0,0,0
1835,3769,0,0,0
1836,3769,0,0,0
