,times(seconds),tof1,tof2,tof3,tof4
0,0.0,2760,0,0,0
1,0.020060602193741495,2760,0,0,0
2,0.04012120438748299,2758,0,0,0
3,0.06018180658122449,2758,0,0,0
4,0.08024240877496598,2767,0,0,0
5,0.10030301096870747,2767,0,0,0
6,0.12036361316244898,2767,0,0,0
7,0.14042421535619046,2761,0,0,0
8,0.16048481754993196,2761,0,0,0
9,0.18054541974367347,2752,0,0,0
10,0.20060602193741495,2752,0,0,0
11,0.22066662413115645,2747,0,0,0
12,0.24072722632489796,2747,0,0,0
13,0.26078782851863946,2747,0,0,0
14,0.2808484307123809,2754,0,0,0
15,0.3009090329061224,2754,0,0,0
16,0.3209696350998639,2736,0,0,0
17,0.34103023729360543,2736,0,0,0
18,0.36109083948734694,2741,0,0,0
19,0.3811514416810884,2741,0,0,0
20,0.4012120438748299,2741,0,0,0
21,0.4212726460685714,2741,0,0,0
22,0.4413332482623129,2741,0,0,0
23,0.4613938504560544,2746,0,0,0
24,0.4814544526497959,2746,0,0,0
25,0.5015150548435374,2733,0,0,0
26,0.5215756570372789,2733,0,0,0
27,0.5416362592310203,2735,0,0,0
28,0.5616968614247618,2735,0,0,0
29,0.5817574636185033,2741,0,0,0
30,0.6018180658122448,2741,0,0,0
31,0.6218786680059863,2741,0,0,0
32,0.6419392701997279,2735,0,0,0
33,0.6619998723934694,2735,0,0,0
34,0.6820604745872109,2732,0,0,0
35,0.7021210767809524,2732,0,0,0
36,0.7221816789746939,2731,0,0,0
37,0.7422422811684354,2731,0,0,0
38,0.7623028833621768,2731,0,0,0
39,0.7823634855559183,2733,0,0,0
40,0.8024240877496598,2733,0,0,0
41,0.8224846899434013,2731,0,0,0
42,0.8425452921371428,2731,0,0,0
43,0.8626058943308843,2731,0,0,0
44,0.8826664965246258,2731,0,0,0
45,0.9027270987183673,2731,0,0,0
46,0.9227877009121088,2707,0,0,0
47,0.9428483031058503,2707,0,0,0
48,0.9629089052995918,2707,0,0,0
49,0.9829695074933332,2733,0,0,0
50,1.0030301096870748,2733,0,0,0
51,1.0230907118808164,2723,0,0,0
52,1.0431513140745579,2723,0,0,0
53,1.0632119162682994,2723,0,0,0
54,1.0832725184620406,2709,0,0,0
55,1.1033331206557822,2709,0,0,0
56,1.1233937228495237,2727,0,0,0
57,1.1434543250432652,2727,0,0,0
58,1.1635149272370067,2727,0,0,0
59,1.1835755294307482,2715,0,0,0
60,1.2036361316244897,2715,0,0,0
61,1.2236967338182312,2716,0,0,0
62,1.2437573360119727,2716,0,0,0
63,1.2638179382057142,2709,0,0,0
64,1.2838785403994557,2709,0,0,0
65,1.3039391425931972,2709,0,0,0
66,1.3239997447869387,2711,0,0,0
67,1.3440603469806802,2711,0,0,0
68,1.3641209491744217,2718,0,0,0
69,1.3841815513681632,2718,0,0,0
70,1.4042421535619047,2718,0,0,0
71,1.4243027557556462,2718,0,0,0
72,1.4443633579493877,2718,0,0,0
73,1.4644239601431293,2731,0,0,0
74,1.4844845623368708,2731,0,0,0
75,1.504545164530612,2731,0,0,0
76,1.5246057667243536,2688,0,0,0
77,1.544666368918095,2688,0,0,0
78,1.5647269711118366,2639,0,0,0
79,1.584787573305578,2639,0,0,0
80,1.6048481754993196,2639,0,0,0
81,1.624908777693061,2604,0,0,0
82,1.6449693798868026,2604,0,0,0
83,1.665029982080544,2550,0,0,0
84,1.6850905842742856,2550,0,0,0
85,1.705151186468027,2550,0,0,0
86,1.7252117886617686,2528,0,0,0
87,1.7452723908555101,2528,0,0,0
88,1.7653329930492516,2504,0,0,0
89,1.7853935952429931,2504,0,0,0
90,1.8054541974367346,2472,0,0,0
91,1.8255147996304761,2472,0,0,0
92,1.8455754018242176,2472,0,0,0
93,1.8656360040179591,2389,0,0,0
94,1.8856966062117007,2389,0,0,0
95,1.9057572084054422,2332,0,0,0
96,1.9258178105991837,2332,0,0,0
97,1.945878412792925,2332,0,0,0
98,1.9659390149866665,2308,0,0,0
99,1.985999617180408,2308,0,0,0
100,2.0060602193741497,2285,0,0,0
101,2.026120821567891,2285,0,0,0
102,2.0461814237616327,2285,0,0,0
103,2.066242025955374,2217,0,0,0
104,2.0863026281491157,2217,0,0,0
105,2.106363230342857,2178,0,0,0
106,2.1264238325365987,2178,0,0,0
107,2.14648443473034,2178,0,0,0
108,2.1665450369240813,2116,0,0,0
109,2.186605639117823,2116,0,0,0
110,2.2066662413115643,2070,0,0,0
111,2.226726843505306,2070,0,0,0
112,2.2467874456990473,2031,0,0,0
113,2.266848047892789,2031,0,0,0
114,2.2869086500865303,2031,0,0,0
115,2.306969252280272,1984,0,0,0
116,2.3270298544740133,1984,0,0,0
117,2.347090456667755,1941,0,0,0
118,2.3671510588614963,1941,0,0,0
119,2.387211661055238,1941,0,0,0
120,2.4072722632489794,1881,0,0,0
121,2.427332865442721,1881,0,0,0
122,2.4473934676364624,1815,0,0,0
123,2.467454069830204,1815,0,0,0
124,2.4875146720239454,1815,0,0,0
125,2.507575274217687,1763,0,0,0
126,2.5276358764114284,1763,0,0,0
127,2.54769647860517,1721,0,0,0
128,2.5677570807989114,1721,0,0,0
129,2.587817682992653,1721,0,0,0
130,2.6078782851863944,1678,0,0,0
131,2.627938887380136,1678,0,0,0
132,2.6479994895738774,1615,0,0,0
133,2.668060091767619,1615,0,0,0
134,2.6881206939613604,1615,0,0,0
135,2.708181296155102,1500,0,0,0
136,2.7282418983488435,1500,0,0,0
137,2.748302500542585,1500,0,0,0
138,2.7683631027363265,1462,0,0,0
139,2.788423704930068,1462,0,0,0
140,2.8084843071238095,1418,0,0,0
141,2.828544909317551,1418,0,0,0
142,2.8486055115112925,1418,0,0,0
143,2.868666113705034,1372,0,0,0
144,2.8887267158987755,1372,0,0,0
145,2.908787318092517,1303,0,0,0
146,2.9288479202862585,1303,0,0,0
147,2.94890852248,1303,0,0,0
148,2.9689691246737415,1254,0,0,0
149,2.989029726867483,1254,0,0,0
150,3.009090329061224,1209,0,0,0
151,3.0291509312549656,1209,0,0,0
152,3.049211533448707,1168,0,0,0
153,3.0692721356424486,1168,0,0,0
154,3.08933273783619,1168,0,0,0
155,3.1093933400299316,1118,0,0,0
156,3.129453942223673,1118,0,0,0
157,3.1495145444174146,1062,0,0,0
158,3.169575146611156,1062,0,0,0
159,3.1896357488048976,1062,0,0,0
160,3.209696350998639,1015,0,0,0
161,3.2297569531923807,1015,0,0,0
162,3.249817555386122,975,0,0,0
163,3.2698781575798637,975,0,0,0
164,3.289938759773605,975,0,0,0
165,3.3099993619673467,928,0,0,0
166,3.330059964161088,928,0,0,0
167,3.3501205663548297,886,0,0,0
168,3.370181168548571,886,0,0,0
169,3.3902417707423127,886,0,0,0
170,3.410302372936054,840,0,0,0
171,3.4303629751297957,840,0,0,0
172,3.450423577323537,800,0,0,0
173,3.4704841795172787,800,0,0,0
174,3.4905447817110202,800,0,0,0
175,3.5106053839047617,757,0,0,0
176,3.5306659860985032,757,0,0,0
177,3.5507265882922447,720,0,0,0
178,3.5707871904859863,720,0,0,0
179,3.5908477926797278,720,0,0,0
180,3.6109083948734693,685,0,0,0
181,3.6309689970672108,685,0,0,0
182,3.6510295992609523,649,0,0,0
183,3.671090201454694,649,0,0,0
184,3.6911508036484353,608,0,0,0
185,3.711211405842177,608,0,0,0
186,3.7312720080359183,608,0,0,0
187,3.75133261022966,573,0,0,0
188,3.7713932124234013,573,0,0,0
189,3.791453814617143,542,0,0,0
190,3.8115144168108843,542,0,0,0
191,3.831575019004626,513,0,0,0
192,3.8516356211983673,513,0,0,0
193,3.8716962233921084,513,0,0,0
194,3.89175682558585,484,0,0,0
195,3.9118174277795914,484,0,0,0
196,3.931878029973333,452,0,0,0
197,3.9519386321670744,452,0,0,0
198,3.971999234360816,452,0,0,0
199,3.9920598365545574,444,0,0,0
200,4.012120438748299,444,0,0,0
201,4.03218104094204,404,0,0,0
202,4.052241643135782,404,0,0,0
203,4.0723022453295235,404,0,0,0
204,4.092362847523265,382,0,0,0
205,4.1124234497170065,382,0,0,0
206,4.132484051910748,363,0,0,0
207,4.1525446541044895,363,0,0,0
208,4.172605256298231,363,0,0,0
209,4.1926658584919725,346,0,0,0
210,4.212726460685714,346,0,0,0
211,4.2327870628794555,331,0,0,0
212,4.2528476650731974,331,0,0,0
213,4.2729082672669385,331,0,0,0
214,4.29296886946068,313,0,0,0
215,4.3130294716544215,313,0,0,0
216,4.333090073848163,303,0,0,0
217,4.3531506760419045,303,0,0,0
218,4.373211278235646,295,0,0,0
219,4.3932718804293875,295,0,0,0
220,4.413332482623129,295,0,0,0
221,4.4333930848168706,288,0,0,0
222,4.453453687010612,288,0,0,0
223,4.473514289204354,277,0,0,0
224,4.493574891398095,277,0,0,0
225,4.513635493591837,277,0,0,0
226,4.533696095785578,269,0,0,0
227,4.55375669797932,269,0,0,0
228,4.573817300173061,262,0,0,0
229,4.593877902366803,262,0,0,0
230,4.613938504560544,282,0,0,0
231,4.633999106754286,282,0,0,0
232,4.654059708948027,282,0,0,0
233,4.674120311141769,272,0,0,0
234,4.69418091333551,272,0,0,0
235,4.714241515529252,272,0,0,0
236,4.734302117722993,264,0,0,0
237,4.754362719916735,264,0,0,0
238,4.774423322110476,258,0,0,0
239,4.794483924304218,258,0,0,0
240,4.814544526497959,258,0,0,0
241,4.834605128691701,251,0,0,0
242,4.854665730885442,251,0,0,0
243,4.874726333079184,245,0,0,0
244,4.894786935272925,245,0,0,0
245,4.914847537466667,240,0,0,0
246,4.934908139660408,240,0,0,0
247,4.95496874185415,240,0,0,0
248,4.975029344047891,234,0,0,0
249,4.995089946241633,234,0,0,0
250,5.015150548435374,231,0,0,0
251,5.035211150629116,231,0,0,0
252,5.055271752822857,231,0,0,0
253,5.075332355016599,228,0,0,0
254,5.09539295721034,228,0,0,0
255,5.115453559404082,224,0,0,0
256,5.135514161597823,224,0,0,0
257,5.155574763791564,224,0,0,0
258,5.175635365985306,222,0,0,0
259,5.195695968179047,222,0,0,0
260,5.215756570372789,220,0,0,0
261,5.23581717256653,220,0,0,0
262,5.255877774760272,220,0,0,0
263,5.275938376954013,216,0,0,0
264,5.295998979147755,216,0,0,0
265,5.316059581341496,224,0,0,0
266,5.336120183535238,224,0,0,0
267,5.356180785728979,212,0,0,0
268,5.376241387922721,212,0,0,0
269,5.396301990116462,212,0,0,0
270,5.416362592310204,212,0,0,0
271,5.436423194503945,212,0,0,0
272,5.456483796697687,221,0,0,0
273,5.476544398891428,221,0,0,0
274,5.49660500108517,221,0,0,0
275,5.516665603278911,220,0,0,0
276,5.536726205472653,220,0,0,0
277,5.556786807666394,220,0,0,0
278,5.576847409860136,220,0,0,0
279,5.596908012053877,220,0,0,0
280,5.616968614247619,223,0,0,0
281,5.63702921644136,223,0,0,0
282,5.657089818635102,225,0,0,0
283,5.677150420828843,225,0,0,0
284,5.697211023022585,225,0,0,0
285,5.717271625216326,231,0,0,0
286,5.737332227410068,231,0,0,0
287,5.757392829603809,234,0,0,0
288,5.777453431797551,234,0,0,0
289,5.797514033991292,236,0,0,0
290,5.817574636185034,236,0,0,0
291,5.837635238378775,236,0,0,0
292,5.857695840572517,235,0,0,0
293,5.877756442766258,235,0,0,0
294,5.89781704496,235,0,0,0
295,5.917877647153741,235,0,0,0
296,5.937938249347483,235,0,0,0
297,5.957998851541224,236,0,0,0
298,5.978059453734966,236,0,0,0
299,5.998120055928707,228,0,0,0
300,6.018180658122448,228,0,0,0
301,6.03824126031619,228,0,0,0
302,6.058301862509931,240,0,0,0
303,6.078362464703673,240,0,0,0
304,6.098423066897414,240,0,0,0
305,6.118483669091156,240,0,0,0
306,6.138544271284897,240,0,0,0
307,6.158604873478639,240,0,0,0
308,6.17866547567238,240,0,0,0
309,6.198726077866122,240,0,0,0
310,6.218786680059863,240,0,0,0
311,6.238847282253605,240,0,0,0
312,6.258907884447346,239,0,0,0
313,6.278968486641088,239,0,0,0
314,6.299029088834829,241,0,0,0
315,6.319089691028571,241,0,0,0
316,6.339150293222312,241,0,0,0
317,6.359210895416054,241,0,0,0
318,6.379271497609795,241,0,0,0
319,6.399332099803537,241,0,0,0
320,6.419392701997278,241,0,0,0
321,6.43945330419102,241,0,0,0
322,6.459513906384761,240,0,0,0
323,6.479574508578503,240,0,0,0
324,6.499635110772244,239,0,0,0
325,6.519695712965986,239,0,0,0
326,6.539756315159727,239,0,0,0
327,6.559816917353469,241,0,0,0
328,6.57987751954721,241,0,0,0
329,6.599938121740952,243,0,0,0
330,6.619998723934693,243,0,0,0
331,6.640059326128435,242,0,0,0
332,6.660119928322176,242,0,0,0
333,6.680180530515918,242,0,0,0
334,6.700241132709659,240,0,0,0
335,6.720301734903401,240,0,0,0
336,6.740362337097142,240,0,0,0
337,6.760422939290884,247,0,0,0
338,6.780483541484625,247,0,0,0
339,6.800544143678367,267,0,0,0
340,6.820604745872108,267,0,0,0
341,6.84066534806585,267,0,0,0
342,6.860725950259591,2014,0,0,0
343,6.8807865524533325,2014,0,0,0
344,6.900847154647074,2452,0,0,0
345,6.9209077568408155,2452,0,0,0
346,6.9409683590345574,2452,0,0,0
347,6.9610289612282985,2507,0,0,0
348,6.9810895634220405,2507,0,0,0
349,7.0011501656157815,2508,0,0,0
350,7.0212107678095235,2508,0,0,0
351,7.0412713700032645,2508,0,0,0
352,7.0613319721970065,2515,0,0,0
353,7.0813925743907475,2515,0,0,0
354,7.1014531765844895,2515,0,0,0
355,7.1215137787782306,2515,0,0,0
356,7.1415743809719725,2512,0,0,0
357,7.161634983165714,2512,0,0,0
358,7.1816955853594555,2508,0,0,0
359,7.201756187553197,2508,0,0,0
360,7.2218167897469385,2508,0,0,0
361,7.24187739194068,2522,0,0,0
362,7.2619379941344215,2522,0,0,0
363,7.281998596328163,2522,0,0,0
364,7.3020591985219045,2522,0,0,0
365,7.322119800715646,2522,0,0,0
366,7.342180402909388,2514,0,0,0
367,7.362241005103129,2514,0,0,0
368,7.382301607296871,2519,0,0,0
369,7.402362209490612,2519,0,0,0
370,7.422422811684354,2519,0,0,0
371,7.442483413878095,2512,0,0,0
372,7.462544016071837,2512,0,0,0
373,7.482604618265578,2512,0,0,0
374,7.50266522045932,2512,0,0,0
375,7.522725822653061,2507,0,0,0
376,7.542786424846803,2507,0,0,0
377,7.562847027040544,2507,0,0,0
378,7.582907629234286,2510,0,0,0
379,7.602968231428027,2510,0,0,0
380,7.623028833621769,2519,0,0,0
381,7.64308943581551,2519,0,0,0
382,7.663150038009252,2519,0,0,0
383,7.683210640202993,2510,0,0,0
384,7.703271242396735,2510,0,0,0
385,7.723331844590476,2515,0,0,0
386,7.743392446784217,2515,0,0,0
387,7.763453048977959,2515,0,0,0
388,7.7835136511717,2521,0,0,0
389,7.803574253365442,2521,0,0,0
390,7.823634855559183,2509,0,0,0
391,7.843695457752925,2509,0,0,0
392,7.863756059946666,2509,0,0,0
393,7.883816662140408,2511,0,0,0
394,7.903877264334149,2511,0,0,0
395,7.923937866527891,2512,0,0,0
396,7.943998468721632,2512,0,0,0
397,7.964059070915374,2512,0,0,0
398,7.984119673109115,2507,0,0,0
399,8.004180275302856,2507,0,0,0
400,8.024240877496599,2494,0,0,0
401,8.04430147969034,2494,0,0,0
402,8.06436208188408,2494,0,0,0
403,8.084422684077822,2502,0,0,0
404,8.104483286271565,2502,0,0,0
405,8.124543888465306,2509,0,0,0
406,8.144604490659047,2509,0,0,0
407,8.164665092852788,2509,0,0,0
408,8.18472569504653,2493,0,0,0
409,8.204786297240272,2493,0,0,0
410,8.224846899434013,2499,0,0,0
411,8.244907501627754,2499,0,0,0
412,8.264968103821497,2499,0,0,0
413,8.285028706015238,2501,0,0,0
414,8.305089308208979,2501,0,0,0
415,8.32514991040272,2493,0,0,0
416,8.345210512596463,2493,0,0,0
417,8.365271114790204,2493,0,0,0
418,8.385331716983945,2492,0,0,0
419,8.405392319177686,2492,0,0,0
420,8.425452921371429,2488,0,0,0
421,8.44551352356517,2488,0,0,0
422,8.465574125758911,2491,0,0,0
423,8.485634727952652,2491,0,0,0
424,8.505695330146395,2491,0,0,0
425,8.525755932340136,2492,0,0,0
426,8.545816534533877,2492,0,0,0
427,8.565877136727618,2492,0,0,0
428,8.58593773892136,2492,0,0,0
429,8.605998341115102,2492,0,0,0
430,8.626058943308843,2482,0,0,0
431,8.646119545502584,2482,0,0,0
432,8.666180147696325,2485,0,0,0
433,8.686240749890068,2485,0,0,0
434,8.706301352083809,2485,0,0,0
435,8.72636195427755,2474,0,0,0
436,8.746422556471291,2474,0,0,0
437,8.766483158665034,2474,0,0,0
438,8.786543760858775,2474,0,0,0
439,8.806604363052516,2474,0,0,0
440,8.826664965246257,2476,0,0,0
441,8.84672556744,2476,0,0,0
442,8.866786169633741,2476,0,0,0
443,8.886846771827482,2475,0,0,0
444,8.906907374021223,2475,0,0,0
445,8.926967976214966,2474,0,0,0
446,8.947028578408707,2474,0,0,0
447,8.967089180602448,2482,0,0,0
448,8.98714978279619,2482,0,0,0
449,9.007210384989932,2482,0,0,0
450,9.027270987183673,2472,0,0,0
451,9.047331589377414,2472,0,0,0
452,9.067392191571155,2478,0,0,0
453,9.087452793764898,2478,0,0,0
454,9.10751339595864,2478,0,0,0
455,9.12757399815238,2486,0,0,0
456,9.147634600346121,2486,0,0,0
457,9.167695202539864,2482,0,0,0
458,9.187755804733605,2482,0,0,0
459,9.207816406927346,2482,0,0,0
460,9.227877009121087,2479,0,0,0
461,9.24793761131483,2479,0,0,0
462,9.267998213508571,2496,0,0,0
463,9.288058815702312,2496,0,0,0
464,9.308119417896053,2492,0,0,0
465,9.328180020089796,2492,0,0,0
466,9.348240622283537,2492,0,0,0
467,9.368301224477278,2483,0,0,0
468,9.38836182667102,2483,0,0,0
469,9.408422428864762,2466,0,0,0
470,9.428483031058503,2466,0,0,0
471,9.448543633252244,2466,0,0,0
472,9.468604235445985,2466,0,0,0
473,9.488664837639726,2466,0,0,0
474,9.50872543983347,2496,0,0,0
475,9.52878604202721,2496,0,0,0
476,9.548846644220951,2496,0,0,0
477,9.568907246414692,2500,0,0,0
478,9.588967848608435,2500,0,0,0
479,9.609028450802176,2509,0,0,0
480,9.629089052995917,2509,0,0,0
481,9.649149655189659,2509,0,0,0
482,9.669210257383401,2563,0,0,0
483,9.689270859577142,2563,0,0,0
484,9.709331461770883,2556,0,0,0
485,9.729392063964625,2556,0,0,0
486,9.749452666158367,2590,0,0,0
487,9.769513268352108,2590,0,0,0
488,9.78957387054585,2590,0,0,0
489,9.80963447273959,2588,0,0,0
490,9.829695074933333,2588,0,0,0
491,9.849755677127074,2623,0,0,0
492,9.869816279320816,2623,0,0,0
493,9.889876881514557,2623,0,0,0
494,9.9099374837083,2641,0,0,0
495,9.92999808590204,2641,0,0,0
496,9.950058688095782,2682,0,0,0
497,9.970119290289523,2682,0,0,0
498,9.990179892483265,2682,0,0,0
499,10.010240494677006,2691,0,0,0
500,10.030301096870748,2691,0,0,0
501,10.050361699064489,2700,0,0,0
502,10.070422301258231,2700,0,0,0
503,10.090482903451973,2726,0,0,0
504,10.110543505645714,2726,0,0,0
505,10.130604107839455,2726,0,0,0
506,10.150664710033197,2754,0,0,0
507,10.170725312226939,2754,0,0,0
508,10.19078591442068,2777,0,0,0
509,10.21084651661442,2777,0,0,0
510,10.230907118808164,2777,0,0,0
511,10.250967721001905,2803,0,0,0
512,10.271028323195646,2803,0,0,0
513,10.291088925389387,2819,0,0,0
514,10.311149527583128,2819,0,0,0
515,10.33121012977687,2819,0,0,0
516,10.351270731970612,2842,0,0,0
517,10.371331334164353,2842,0,0,0
518,10.391391936358094,2842,0,0,0
519,10.411452538551837,2842,0,0,0
520,10.431513140745578,2899,0,0,0
521,10.451573742939319,2899,0,0,0
522,10.47163434513306,2899,0,0,0
523,10.491694947326803,2903,0,0,0
524,10.511755549520544,2903,0,0,0
525,10.531816151714285,2935,0,0,0
526,10.551876753908026,2935,0,0,0
527,10.571937356101769,2952,0,0,0
528,10.59199795829551,2952,0,0,0
529,10.61205856048925,2952,0,0,0
530,10.632119162682992,2977,0,0,0
531,10.652179764876735,2977,0,0,0
532,10.672240367070476,3019,0,0,0
533,10.692300969264217,3019,0,0,0
534,10.712361571457958,3019,0,0,0
535,10.7324221736517,3016,0,0,0
536,10.752482775845442,3016,0,0,0
537,10.772543378039183,3045,0,0,0
538,10.792603980232924,3045,0,0,0
539,10.812664582426667,3045,0,0,0
540,10.832725184620408,3066,0,0,0
541,10.852785786814149,3066,0,0,0
542,10.87284638900789,3103,0,0,0
543,10.892906991201633,3103,0,0,0
544,10.912967593395374,3103,0,0,0
545,10.933028195589115,3123,0,0,0
546,10.953088797782856,3123,0,0,0
547,10.973149399976599,3144,0,0,0
548,10.99321000217034,3144,0,0,0
549,11.013270604364081,3144,0,0,0
550,11.033331206557822,3172,0,0,0
551,11.053391808751565,3172,0,0,0
552,11.073452410945306,3186,0,0,0
553,11.093513013139047,3186,0,0,0
554,11.113573615332788,3225,0,0,0
555,11.133634217526529,3225,0,0,0
556,11.153694819720272,3225,0,0,0
557,11.173755421914013,3221,0,0,0
558,11.193816024107754,3221,0,0,0
559,11.213876626301495,3271,0,0,0
560,11.233937228495238,3271,0,0,0
561,11.253997830688979,3293,0,0,0
562,11.27405843288272,3293,0,0,0
563,11.294119035076461,3293,0,0,0
564,11.314179637270204,3318,0,0,0
565,11.334240239463945,3318,0,0,0
566,11.354300841657686,3318,0,0,0
567,11.374361443851427,3352,0,0,0
568,11.39442204604517,3352,0,0,0
569,11.414482648238911,3378,0,0,0
570,11.434543250432652,3378,0,0,0
571,11.454603852626393,3371,0,0,0
572,11.474664454820136,3371,0,0,0
573,11.494725057013877,3371,0,0,0
574,11.514785659207618,3411,0,0,0
575,11.53484626140136,3411,0,0,0
576,11.554906863595102,3444,0,0,0
577,11.574967465788843,3444,0,0,0
578,11.595028067982584,3444,0,0,0
579,11.615088670176325,3464,0,0,0
580,11.635149272370068,3464,0,0,0
581,11.655209874563809,3472,0,0,0
582,11.67527047675755,3472,0,0,0
583,11.695331078951291,3472,0,0,0
584,11.715391681145034,3529,0,0,0
585,11.735452283338775,3529,0,0,0
586,11.755512885532516,3539,0,0,0
587,11.775573487726257,3539,0,0,0
588,11.79563408992,3539,0,0,0
589,11.815694692113741,3574,0,0,0
590,11.835755294307482,3574,0,0,0
591,11.855815896501223,3596,0,0,0
592,11.875876498694966,3596,0,0,0
593,11.895937100888707,3596,0,0,0
594,11.915997703082448,3604,0,0,0
595,11.93605830527619,3604,0,0,0
596,11.956118907469932,3599,0,0,0
597,11.976179509663673,3599,0,0,0
598,11.996240111857414,3599,0,0,0
599,12.016300714051155,3640,0,0,0
600,12.036361316244896,3640,0,0,0
601,12.05642191843864,3640,0,0,0
602,12.07648252063238,3640,0,0,0
603,12.096543122826121,3640,0,0,0
604,12.116603725019862,3642,0,0,0
605,12.136664327213605,3642,0,0,0
606,12.156724929407346,3670,0,0,0
607,12.176785531601087,3670,0,0,0
608,12.196846133794828,3670,0,0,0
609,12.216906735988571,3656,0,0,0
610,12.236967338182312,3656,0,0,0
611,12.257027940376053,3672,0,0,0
612,12.277088542569794,3672,0,0,0
613,12.297149144763537,3672,0,0,0
614,12.317209746957278,3654,0,0,0
615,12.33727034915102,3654,0,0,0
616,12.35733095134476,3677,0,0,0
617,12.377391553538503,3677,0,0,0
618,12.397452155732244,3677,0,0,0
619,12.417512757925985,3684,0,0,0
620,12.437573360119726,3684,0,0,0
621,12.45763396231347,3667,0,0,0
622,12.47769456450721,3667,0,0,0
623,12.497755166700951,3667,0,0,0
624,12.517815768894692,3676,0,0,0
625,12.537876371088435,3676,0,0,0
626,12.557936973282176,3680,0,0,0
627,12.577997575475917,3680,0,0,0
628,12.598058177669659,3680,0,0,0
629,12.618118779863401,3676,0,0,0
630,12.638179382057142,3676,0,0,0
631,12.658239984250883,3664,0,0,0
632,12.678300586444625,3664,0,0,0
633,12.698361188638367,3664,0,0,0
634,12.718421790832108,3652,0,0,0
635,12.73848239302585,3652,0,0,0
636,12.75854299521959,3658,0,0,0
637,12.778603597413333,3658,0,0,0
638,12.798664199607074,3658,0,0,0
639,12.818724801800816,3683,0,0,0
640,12.838785403994557,3683,0,0,0
641,12.858846006188298,3672,0,0,0
642,12.87890660838204,3672,0,0,0
643,12.898967210575782,3672,0,0,0
644,12.919027812769523,3665,0,0,0
645,12.939088414963264,3665,0,0,0
646,12.959149017157007,3672,0,0,0
647,12.979209619350748,3672,0,0,0
648,12.999270221544489,3672,0,0,0
649,13.01933082373823,3677,0,0,0
650,13.039391425931973,3677,0,0,0
651,13.059452028125714,3683,0,0,0
652,13.079512630319455,3683,0,0,0
653,13.099573232513196,3683,0,0,0
654,13.119633834706939,3664,0,0,0
655,13.13969443690068,3664,0,0,0
656,13.15975503909442,3664,0,0,0
657,13.179815641288162,3664,0,0,0
658,13.199876243481905,3664,0,0,0
659,13.219936845675646,3685,0,0,0
660,13.239997447869387,3685,0,0,0
661,13.260058050063128,3659,0,0,0
662,13.28011865225687,3659,0,0,0
663,13.300179254450612,3659,0,0,0
664,13.320239856644353,3659,0,0,0
665,13.340300458838094,3659,0,0,0
666,13.360361061031837,3662,0,0,0
667,13.380421663225578,3662,0,0,0
668,13.400482265419319,3662,0,0,0
669,13.42054286761306,3643,0,0,0
670,13.440603469806803,3643,0,0,0
671,13.460664072000544,3655,0,0,0
672,13.480724674194285,3655,0,0,0
673,13.500785276388026,3655,0,0,0
674,13.520845878581769,3659,0,0,0
675,13.54090648077551,3659,0,0,0
676,13.56096708296925,3654,0,0,0
677,13.581027685162992,3654,0,0,0
678,13.601088287356735,3667,0,0,0
679,13.621148889550476,3667,0,0,0
680,13.641209491744217,3667,0,0,0
681,13.661270093937958,3648,0,0,0
682,13.6813306961317,3648,0,0,0
683,13.701391298325442,3655,0,0,0
684,13.721451900519183,3655,0,0,0
685,13.741512502712924,3655,0,0,0
686,13.761573104906665,3641,0,0,0
687,13.781633707100408,3641,0,0,0
688,13.801694309294149,3656,0,0,0
689,13.82175491148789,3656,0,0,0
690,13.841815513681631,3656,0,0,0
691,13.861876115875374,3618,0,0,0
692,13.881936718069115,3618,0,0,0
693,13.901997320262856,3618,0,0,0
694,13.922057922456597,3655,0,0,0
695,13.94211852465034,3655,0,0,0
696,13.962179126844081,3651,0,0,0
697,13.982239729037822,3651,0,0,0
698,14.002300331231563,3640,0,0,0
699,14.022360933425306,3640,0,0,0
700,14.042421535619047,3640,0,0,0
701,14.062482137812788,3633,0,0,0
702,14.082542740006529,3633,0,0,0
703,14.102603342200272,3641,0,0,0
704,14.122663944394013,3641,0,0,0
705,14.142724546587754,3641,0,0,0
706,14.162785148781495,3620,0,0,0
707,14.182845750975238,3620,0,0,0
708,14.202906353168979,3631,0,0,0
709,14.22296695536272,3631,0,0,0
710,14.243027557556461,3631,0,0,0
711,14.263088159750204,3637,0,0,0
712,14.283148761943945,3637,0,0,0
713,14.303209364137686,3628,0,0,0
714,14.323269966331427,3628,0,0,0
715,14.34333056852517,3628,0,0,0
716,14.363391170718911,3632,0,0,0
717,14.383451772912652,3632,0,0,0
718,14.403512375106393,3632,0,0,0
719,14.423572977300136,3605,0,0,0
720,14.443633579493877,3605,0,0,0
721,14.463694181687618,3624,0,0,0
722,14.48375478388136,3624,0,0,0
723,14.503815386075102,3626,0,0,0
724,14.523875988268843,3626,0,0,0
725,14.543936590462584,3626,0,0,0
726,14.563997192656325,3591,0,0,0
727,14.584057794850066,3591,0,0,0
728,14.604118397043809,3591,0,0,0
729,14.62417899923755,3589,0,0,0
730,14.644239601431291,3589,0,0,0
731,14.664300203625032,3543,0,0,0
732,14.684360805818775,3543,0,0,0
733,14.704421408012516,3476,0,0,0
734,14.724482010206257,3476,0,0,0
735,14.744542612399998,3476,0,0,0
736,14.764603214593741,3379,0,0,0
737,14.784663816787482,3379,0,0,0
738,14.804724418981223,3217,0,0,0
739,14.824785021174964,3217,0,0,0
740,14.844845623368707,3217,0,0,0
741,14.864906225562448,3072,0,0,0
742,14.88496682775619,3072,0,0,0
743,14.90502742994993,2943,0,0,0
744,14.925088032143673,2943,0,0,0
745,14.945148634337414,2943,0,0,0
746,14.965209236531155,2845,0,0,0
747,14.985269838724896,2845,0,0,0
748,15.00533044091864,2714,0,0,0
749,15.02539104311238,2714,0,0,0
750,15.045451645306121,2714,0,0,0
751,15.065512247499862,2597,0,0,0
752,15.085572849693605,2597,0,0,0
753,15.105633451887346,2526,0,0,0
754,15.125694054081087,2526,0,0,0
755,15.145754656274828,2526,0,0,0
756,15.165815258468571,2480,0,0,0
757,15.185875860662312,2480,0,0,0
758,15.205936462856053,2430,0,0,0
759,15.225997065049794,2430,0,0,0
760,15.246057667243537,2442,0,0,0
761,15.266118269437278,2442,0,0,0
762,15.28617887163102,2442,0,0,0
763,15.30623947382476,2423,0,0,0
764,15.326300076018503,2423,0,0,0
765,15.346360678212244,2413,0,0,0
766,15.366421280405985,2413,0,0,0
767,15.386481882599726,2413,0,0,0
768,15.40654248479347,2420,0,0,0
769,15.42660308698721,2420,0,0,0
770,15.446663689180951,2419,0,0,0
771,15.466724291374693,2419,0,0,0
772,15.486784893568434,2419,0,0,0
773,15.506845495762176,2432,0,0,0
774,15.526906097955917,2432,0,0,0
775,15.546966700149659,2457,0,0,0
776,15.5670273023434,2457,0,0,0
777,15.587087904537142,2466,0,0,0
778,15.607148506730883,2466,0,0,0
779,15.627209108924625,2466,0,0,0
780,15.647269711118366,2479,0,0,0
781,15.667330313312108,2479,0,0,0
782,15.68739091550585,2504,0,0,0
783,15.70745151769959,2504,0,0,0
784,15.727512119893332,2504,0,0,0
785,15.747572722087074,2494,0,0,0
786,15.767633324280816,2494,0,0,0
787,15.787693926474557,2508,0,0,0
788,15.807754528668298,2508,0,0,0
789,15.82781513086204,2508,0,0,0
790,15.847875733055782,2518,0,0,0
791,15.867936335249523,2518,0,0,0
792,15.887996937443264,2569,0,0,0
793,15.908057539637007,2569,0,0,0
794,15.928118141830748,2569,0,0,0
795,15.948178744024489,2562,0,0,0
796,15.96823934621823,2562,0,0,0
797,15.988299948411973,2569,0,0,0
798,16.008360550605712,2569,0,0,0
799,16.028421152799456,2569,0,0,0
800,16.048481754993198,2569,0,0,0
801,16.06854235718694,2569,0,0,0
802,16.08860295938068,2590,0,0,0
803,16.10866356157442,2590,0,0,0
804,16.12872416376816,2591,0,0,0
805,16.148784765961903,2591,0,0,0
806,16.168845368155644,2591,0,0,0
807,16.18890597034939,2588,0,0,0
808,16.20896657254313,2588,0,0,0
809,16.22902717473687,2591,0,0,0
810,16.24908777693061,2591,0,0,0
811,16.269148379124353,2591,0,0,0
812,16.289208981318094,2598,0,0,0
813,16.309269583511835,2598,0,0,0
814,16.329330185705576,2617,0,0,0
815,16.349390787899317,2617,0,0,0
816,16.36945139009306,2617,0,0,0
817,16.389511992286803,2611,0,0,0
818,16.409572594480544,2611,0,0,0
819,16.429633196674285,2616,0,0,0
820,16.449693798868026,2616,0,0,0
821,16.469754401061767,2616,0,0,0
822,16.489815003255508,2618,0,0,0
823,16.50987560544925,2618,0,0,0
824,16.529936207642994,2630,0,0,0
825,16.549996809836735,2630,0,0,0
826,16.570057412030476,2630,0,0,0
827,16.590118014224217,2637,0,0,0
828,16.610178616417958,2637,0,0,0
829,16.6302392186117,2637,0,0,0
830,16.65029982080544,2637,0,0,0
831,16.67036042299918,2635,0,0,0
832,16.690421025192926,2635,0,0,0
833,16.710481627386667,2635,0,0,0
834,16.730542229580408,2636,0,0,0
835,16.75060283177415,2636,0,0,0
836,16.77066343396789,2647,0,0,0
837,16.79072403616163,2647,0,0,0
838,16.810784638355372,2647,0,0,0
839,16.830845240549113,2650,0,0,0
840,16.850905842742858,2650,0,0,0
841,16.8709664449366,2652,0,0,0
842,16.89102704713034,2652,0,0,0
843,16.91108764932408,2656,0,0,0
844,16.931148251517822,2656,0,0,0
845,16.951208853711563,2656,0,0,0
846,16.971269455905304,2661,0,0,0
847,16.991330058099045,2661,0,0,0
848,17.01139066029279,2659,0,0,0
849,17.03145126248653,2659,0,0,0
850,17.051511864680272,2686,0,0,0
851,17.071572466874013,2686,0,0,0
852,17.091633069067754,2686,0,0,0
853,17.111693671261495,2684,0,0,0
854,17.131754273455236,2684,0,0,0
855,17.151814875648977,2638,0,0,0
856,17.17187547784272,2638,0,0,0
857,17.191936080036463,2638,0,0,0
858,17.211996682230204,2612,0,0,0
859,17.232057284423945,2612,0,0,0
860,17.252117886617686,2612,0,0,0
861,17.272178488811427,2552,0,0,0
862,17.292239091005168,2552,0,0,0
863,17.31229969319891,2500,0,0,0
864,17.33236029539265,2500,0,0,0
865,17.352420897586395,2500,0,0,0
866,17.372481499780136,2469,0,0,0
867,17.392542101973877,2469,0,0,0
868,17.412602704167618,2447,0,0,0
869,17.43266330636136,2447,0,0,0
870,17.4527239085551,2447,0,0,0
871,17.47278451074884,2414,0,0,0
872,17.492845112942582,2414,0,0,0
873,17.512905715136327,2348,0,0,0
874,17.532966317330068,2348,0,0,0
875,17.55302691952381,2348,0,0,0
876,17.57308752171755,2295,0,0,0
877,17.59314812391129,2295,0,0,0
878,17.613208726105032,2267,0,0,0
879,17.633269328298773,2267,0,0,0
880,17.653329930492514,2267,0,0,0
881,17.67339053268626,2202,0,0,0
882,17.69345113488,2202,0,0,0
883,17.71351173707374,2167,0,0,0
884,17.733572339267482,2167,0,0,0
885,17.753632941461223,2167,0,0,0
886,17.773693543654964,2126,0,0,0
887,17.793754145848705,2126,0,0,0
888,17.813814748042446,2039,0,0,0
889,17.83387535023619,2039,0,0,0
890,17.853935952429932,2039,0,0,0
891,17.873996554623673,1985,0,0,0
892,17.894057156817414,1985,0,0,0
893,17.914117759011155,1950,0,0,0
894,17.934178361204896,1912,0,0,0
895,17.954238963398637,1912,0,0,0
896,17.97429956559238,1912,0,0,0
897,17.99436016778612,1847,0,0,0
898,18.014420769979864,1847,0,0,0
899,18.034481372173605,1780,0,0,0
900,18.054541974367346,1780,0,0,0
901,18.074602576561087,1780,0,0,0
902,18.09466317875483,1710,0,0,0
903,18.11472378094857,1710,0,0,0
904,18.13478438314231,1664,0,0,0
905,18.15484498533605,1664,0,0,0
906,18.174905587529796,1664,0,0,0
907,18.194966189723537,1628,0,0,0
908,18.21502679191728,1628,0,0,0
909,18.23508739411102,1554,0,0,0
910,18.25514799630476,1554,0,0,0
911,18.2752085984985,1480,0,0,0
912,18.295269200692243,1480,0,0,0
913,18.315329802885984,1480,0,0,0
914,18.33539040507973,1426,0,0,0
915,18.35545100727347,1426,0,0,0
916,18.37551160946721,1382,0,0,0
917,18.39557221166095,1382,0,0,0
918,18.415632813854693,1382,0,0,0
919,18.435693416048434,1323,0,0,0
920,18.455754018242175,1323,0,0,0
921,18.475814620435916,1265,0,0,0
922,18.49587522262966,1265,0,0,0
923,18.5159358248234,1265,0,0,0
924,18.535996427017142,1195,0,0,0
925,18.556057029210884,1195,0,0,0
926,18.576117631404625,1142,0,0,0
927,18.596178233598366,1142,0,0,0
928,18.616238835792107,1142,0,0,0
929,18.636299437985848,1089,0,0,0
930,18.656360040179592,1089,0,0,0
931,18.676420642373333,1089,0,0,0
932,18.696481244567074,1027,0,0,0
933,18.716541846760816,1027,0,0,0
934,18.736602448954557,971,0,0,0
935,18.756663051148298,971,0,0,0
936,18.77672365334204,905,0,0,0
937,18.79678425553578,905,0,0,0
938,18.816844857729524,905,0,0,0
939,18.836905459923265,858,0,0,0
940,18.856966062117007,858,0,0,0
941,18.877026664310748,809,0,0,0
942,18.89708726650449,809,0,0,0
943,18.91714786869823,764,0,0,0
944,18.93720847089197,764,0,0,0
945,18.957269073085712,764,0,0,0
946,18.977329675279453,717,0,0,0
947,18.997390277473198,717,0,0,0
948,19.01745087966694,669,0,0,0
949,19.03751148186068,669,0,0,0
950,19.05757208405442,669,0,0,0
951,19.07763268624816,619,0,0,0
952,19.097693288441903,619,0,0,0
953,19.117753890635644,579,0,0,0
954,19.137814492829385,579,0,0,0
955,19.15787509502313,579,0,0,0
956,19.17793569721687,540,0,0,0
957,19.19799629941061,540,0,0,0
958,19.218056901604353,507,0,0,0
959,19.238117503798094,507,0,0,0
960,19.258178105991835,507,0,0,0
961,19.278238708185576,472,0,0,0
962,19.298299310379317,472,0,0,0
963,19.31835991257306,435,0,0,0
964,19.338420514766803,435,0,0,0
965,19.358481116960544,421,0,0,0
966,19.378541719154285,421,0,0,0
967,19.398602321348026,421,0,0,0
968,19.418662923541767,377,0,0,0
969,19.438723525735508,377,0,0,0
970,19.45878412792925,347,0,0,0
971,19.478844730122994,347,0,0,0
972,19.498905332316735,347,0,0,0
973,19.518965934510476,317,0,0,0
974,19.539026536704217,317,0,0,0
975,19.559087138897958,290,0,0,0
976,19.5791477410917,290,0,0,0
977,19.59920834328544,290,0,0,0
978,19.61926894547918,263,0,0,0
979,19.639329547672926,263,0,0,0
980,19.659390149866667,272,0,0,0
981,19.679450752060408,272,0,0,0
982,19.69951135425415,256,0,0,0
983,19.71957195644789,256,0,0,0
984,19.73963255864163,256,0,0,0
985,19.759693160835372,242,0,0,0
986,19.779753763029113,242,0,0,0
987,19.799814365222854,224,0,0,0
988,19.8198749674166,224,0,0,0
989,19.83993556961034,224,0,0,0
990,19.85999617180408,205,0,0,0
991,19.880056773997822,205,0,0,0
992,19.900117376191563,194,0,0,0
993,19.920177978385304,194,0,0,0
994,19.940238580579045,186,0,0,0
995,19.960299182772786,186,0,0,0
996,19.98035978496653,186,0,0,0
997,20.000420387160272,183,0,0,0
998,20.020480989354013,183,0,0,0
999,20.040541591547754,178,0,0,0
1000,20.060602193741495,178,0,0,0
1001,20.080662795935236,175,0,0,0
1002,20.100723398128977,175,0,0,0
1003,20.12078400032272,175,0,0,0
1004,20.140844602516463,170,0,0,0
1005,20.160905204710204,170,0,0,0
1006,20.180965806903945,169,0,0,0
1007,20.201026409097686,169,0,0,0
1008,20.221087011291427,169,0,0,0
1009,20.241147613485168,165,0,0,0
1010,20.26120821567891,165,0,0,0
1011,20.28126881787265,161,0,0,0
1012,20.301329420066395,161,0,0,0
1013,20.321390022260136,159,0,0,0
1014,20.341450624453877,159,0,0,0
1015,20.361511226647618,159,0,0,0
1016,20.38157182884136,159,0,0,0
1017,20.4016324310351,159,0,0,0
1018,20.42169303322884,159,0,0,0
1019,20.441753635422582,159,0,0,0
1020,20.461814237616327,159,0,0,0
1021,20.481874839810068,160,0,0,0
1022,20.50193544200381,160,0,0,0
1023,20.52199604419755,162,0,0,0
1024,20.54205664639129,162,0,0,0
1025,20.562117248585032,162,0,0,0
1026,20.582177850778773,172,0,0,0
1027,20.602238452972514,172,0,0,0
1028,20.622299055166255,164,0,0,0
1029,20.64235965736,164,0,0,0
1030,20.66242025955374,164,0,0,0
1031,20.682480861747482,164,0,0,0
1032,20.702541463941223,164,0,0,0
1033,20.722602066134964,164,0,0,0
1034,20.742662668328705,164,0,0,0
1035,20.762723270522446,164,0,0,0
1036,20.782783872716188,174,0,0,0
1037,20.802844474909932,174,0,0,0
1038,20.822905077103673,173,0,0,0
1039,20.842965679297414,173,0,0,0
1040,20.863026281491155,173,0,0,0
1041,20.883086883684896,173,0,0,0
1042,20.903147485878637,173,0,0,0
1043,20.92320808807238,172,0,0,0
1044,20.94326869026612,172,0,0,0
1045,20.963329292459864,172,0,0,0
1046,20.983389894653605,171,0,0,0
1047,21.003450496847346,171,0,0,0
1048,21.023511099041087,171,0,0,0
1049,21.04357170123483,171,0,0,0
1050,21.06363230342857,171,0,0,0
1051,21.08369290562231,173,0,0,0
1052,21.10375350781605,173,0,0,0
1053,21.123814110009796,176,0,0,0
1054,21.143874712203537,176,0,0,0
1055,21.16393531439728,176,0,0,0
1056,21.18399591659102,179,0,0,0
1057,21.20405651878476,179,0,0,0
1058,21.2241171209785,183,0,0,0
1059,21.244177723172243,183,0,0,0
1060,21.264238325365984,186,0,0,0
1061,21.28429892755973,186,0,0,0
1062,21.30435952975347,186,0,0,0
1063,21.32442013194721,187,0,0,0
1064,21.34448073414095,187,0,0,0
1065,21.364541336334693,188,0,0,0
1066,21.384601938528434,188,0,0,0
1067,21.404662540722175,188,0,0,0
1068,21.424723142915916,190,0,0,0
1069,21.444783745109657,190,0,0,0
1070,21.4648443473034,190,0,0,0
1071,21.484904949497142,194,0,0,0
1072,21.504965551690884,194,0,0,0
1073,21.525026153884625,196,0,0,0
1074,21.545086756078366,196,0,0,0
1075,21.565147358272107,196,0,0,0
1076,21.585207960465848,197,0,0,0
1077,21.60526856265959,197,0,0,0
1078,21.625329164853333,198,0,0,0
1079,21.645389767047075,198,0,0,0
1080,21.665450369240816,198,0,0,0
1081,21.685510971434557,200,0,0,0
1082,21.705571573628298,200,0,0,0
1083,21.72563217582204,203,0,0,0
1084,21.74569277801578,203,0,0,0
1085,21.76575338020952,203,0,0,0
1086,21.785813982403265,203,0,0,0
1087,21.805874584597007,203,0,0,0
1088,21.825935186790748,207,0,0,0
1089,21.84599578898449,207,0,0,0
1090,21.86605639117823,208,0,0,0
1091,21.88611699337197,208,0,0,0
1092,21.906177595565712,208,0,0,0
1093,21.926238197759453,209,0,0,0
1094,21.946298799953198,209,0,0,0
1095,21.96635940214694,212,0,0,0
1096,21.98642000434068,212,0,0,0
1097,22.00648060653442,212,0,0,0
1098,22.026541208728162,214,0,0,0
1099,22.046601810921903,214,0,0,0
1100,22.066662413115644,215,0,0,0
1101,22.086723015309385,215,0,0,0
1102,22.10678361750313,215,0,0,0
1103,22.12684421969687,218,0,0,0
1104,22.14690482189061,218,0,0,0
1105,22.166965424084353,234,0,0,0
1106,22.187026026278094,234,0,0,0
1107,22.207086628471835,234,0,0,0
1108,22.227147230665576,853,0,0,0
1109,22.247207832859317,2381,0,0,0
1110,22.267268435053058,2381,0,0,0
1111,22.287329037246803,2381,0,0,0
1112,22.307389639440544,2484,0,0,0
1113,22.327450241634285,2484,0,0,0
1114,22.347510843828026,2509,0,0,0
1115,22.367571446021767,2509,0,0,0
1116,22.387632048215508,2509,0,0,0
1117,22.40769265040925,2528,0,0,0
1118,22.42775325260299,2528,0,0,0
1119,22.447813854796735,2512,0,0,0
1120,22.467874456990476,2512,0,0,0
1121,22.487935059184217,2515,0,0,0
1122,22.507995661377958,2515,0,0,0
1123,22.5280562635717,2515,0,0,0
1124,22.54811686576544,2518,0,0,0
1125,22.56817746795918,2518,0,0,0
1126,22.588238070152922,2518,0,0,0
1127,22.608298672346667,2523,0,0,0
1128,22.628359274540408,2523,0,0,0
1129,22.64841987673415,2526,0,0,0
1130,22.66848047892789,2526,0,0,0
1131,22.68854108112163,2519,0,0,0
1132,22.708601683315372,2519,0,0,0
1133,22.728662285509113,2519,0,0,0
1134,22.748722887702854,2524,0,0,0
1135,22.7687834898966,2524,0,0,0
1136,22.78884409209034,2524,0,0,0
1137,22.80890469428408,2524,0,0,0
1138,22.828965296477822,2524,0,0,0
1139,22.849025898671563,2533,0,0,0
1140,22.869086500865304,2533,0,0,0
1141,22.889147103059045,2529,0,0,0
1142,22.909207705252786,2529,0,0,0
1143,22.92926830744653,2529,0,0,0
1144,22.949328909640272,2534,0,0,0
1145,22.969389511834013,2534,0,0,0
1146,22.989450114027754,2536,0,0,0
1147,23.009510716221495,2536,0,0,0
1148,23.029571318415236,2536,0,0,0
1149,23.049631920608977,2536,0,0,0
1150,23.06969252280272,2536,0,0,0
1151,23.089753124996463,2542,0,0,0
1152,23.109813727190204,2542,0,0,0
1153,23.129874329383945,2542,0,0,0
1154,23.149934931577686,2553,0,0,0
1155,23.169995533771427,2553,0,0,0
1156,23.19005613596517,2541,0,0,0
1157,23.21011673815891,2541,0,0,0
1158,23.23017734035265,2541,0,0,0
1159,23.25023794254639,2550,0,0,0
1160,23.270298544740136,2550,0,0,0
1161,23.290359146933877,2538,0,0,0
1162,23.310419749127618,2538,0,0,0
1163,23.33048035132136,2538,0,0,0
1164,23.3505409535151,2550,0,0,0
1165,23.37060155570884,2550,0,0,0
1166,23.390662157902582,2542,0,0,0
1167,23.410722760096323,2542,0,0,0
1168,23.430783362290068,2542,0,0,0
1169,23.45084396448381,2542,0,0,0
1170,23.47090456667755,2542,0,0,0
1171,23.49096516887129,2544,0,0,0
1172,23.511025771065032,2544,0,0,0
1173,23.531086373258773,2544,0,0,0
1174,23.551146975452514,2560,0,0,0
1175,23.571207577646256,2560,0,0,0
1176,23.59126817984,2556,0,0,0
1177,23.61132878203374,2556,0,0,0
1178,23.631389384227482,2556,0,0,0
1179,23.651449986421223,2565,0,0,0
1180,23.671510588614964,2565,0,0,0
1181,23.691571190808705,2553,0,0,0
1182,23.711631793002446,2553,0,0,0
1183,23.731692395196188,2554,0,0,0
1184,23.751752997389932,2554,0,0,0
1185,23.771813599583673,2558,0,0,0
1186,23.791874201777414,2558,0,0,0
1187,23.811934803971155,2558,0,0,0
1188,23.831995406164896,2553,0,0,0
1189,23.852056008358637,2553,0,0,0
1190,23.87211661055238,2541,0,0,0
1191,23.89217721274612,2541,0,0,0
1192,23.912237814939864,2541,0,0,0
1193,23.932298417133605,2552,0,0,0
1194,23.952359019327346,2552,0,0,0
1195,23.972419621521087,2550,0,0,0
1196,23.99248022371483,2550,0,0,0
1197,24.01254082590857,2561,0,0,0
1198,24.03260142810231,2561,0,0,0
1199,24.05266203029605,2561,0,0,0
1200,24.072722632489793,2563,0,0,0
1201,24.092783234683537,2563,0,0,0
1202,24.11284383687728,2560,0,0,0
1203,24.13290443907102,2560,0,0,0
1204,24.15296504126476,2560,0,0,0
1205,24.1730256434585,2553,0,0,0
1206,24.193086245652243,2553,0,0,0
1207,24.213146847845984,2556,0,0,0
1208,24.233207450039725,2556,0,0,0
1209,24.25326805223347,2556,0,0,0
1210,24.27332865442721,2552,0,0,0
1211,24.29338925662095,2552,0,0,0
1212,24.313449858814693,2550,0,0,0
1213,24.333510461008434,2550,0,0,0
1214,24.353571063202175,2550,0,0,0
1215,24.373631665395916,2555,0,0,0
1216,24.393692267589657,2569,0,0,0
1217,24.4137528697834,2569,0,0,0
1218,24.433813471977142,2544,0,0,0
1219,24.453874074170884,2544,0,0,0
1220,24.473934676364625,2544,0,0,0
1221,24.493995278558366,2548,0,0,0
1222,24.514055880752107,2548,0,0,0
1223,24.534116482945848,2548,0,0,0
1224,24.55417708513959,2546,0,0,0
1225,24.574237687333333,2546,0,0,0
1226,24.594298289527075,2551,0,0,0
1227,24.614358891720816,2551,0,0,0
1228,24.634419493914557,2562,0,0,0
1229,24.654480096108298,2562,0,0,0
1230,24.67454069830204,2565,0,0,0
1231,24.69460130049578,2565,0,0,0
1232,24.71466190268952,2565,0,0,0
1233,24.734722504883266,2557,0,0,0
1234,24.754783107077007,2557,0,0,0
1235,24.774843709270748,2550,0,0,0
1236,24.79490431146449,2550,0,0,0
1237,24.81496491365823,2550,0,0,0
1238,24.83502551585197,2548,0,0,0
1239,24.855086118045712,2548,0,0,0
1240,24.875146720239453,2556,0,0,0
1241,24.895207322433194,2556,0,0,0
1242,24.91526792462694,2556,0,0,0
1243,24.93532852682068,2581,0,0,0
1244,24.95538912901442,2581,0,0,0
1245,24.975449731208162,2596,0,0,0
1246,24.995510333401903,2596,0,0,0
1247,25.015570935595644,2596,0,0,0
1248,25.035631537789385,2603,0,0,0
1249,25.055692139983126,2603,0,0,0
1250,25.07575274217687,2624,0,0,0
1251,25.09581334437061,2624,0,0,0
1252,25.115873946564353,2624,0,0,0
1253,25.135934548758094,2650,0,0,0
1254,25.155995150951835,2650,0,0,0
1255,25.176055753145576,2663,0,0,0
1256,25.196116355339317,2663,0,0,0
1257,25.216176957533058,2663,0,0,0
1258,25.236237559726803,2685,0,0,0
1259,25.256298161920544,2685,0,0,0
1260,25.276358764114285,2716,0,0,0
1261,25.296419366308026,2716,0,0,0
1262,25.316479968501767,2716,0,0,0
1263,25.336540570695508,2719,0,0,0
1264,25.35660117288925,2719,0,0,0
1265,25.37666177508299,2741,0,0,0
1266,25.396722377276735,2741,0,0,0
1267,25.416782979470476,2761,0,0,0
1268,25.436843581664217,2761,0,0,0
1269,25.456904183857958,2761,0,0,0
1270,25.4769647860517,2789,0,0,0
1271,25.49702538824544,2789,0,0,0
1272,25.51708599043918,2792,0,0,0
1273,25.537146592632922,2792,0,0,0
1274,25.557207194826667,2792,0,0,0
1275,25.577267797020408,2830,0,0,0
1276,25.59732839921415,2830,0,0,0
1277,25.61738900140789,2847,0,0,0
1278,25.63744960360163,2847,0,0,0
1279,25.657510205795372,2847,0,0,0
1280,25.677570807989113,2869,0,0,0
1281,25.697631410182854,2869,0,0,0
1282,25.717692012376595,2883,0,0,0
1283,25.73775261457034,2883,0,0,0
1284,25.75781321676408,2883,0,0,0
1285,25.777873818957822,2909,0,0,0
1286,25.797934421151563,2909,0,0,0
1287,25.817995023345304,2933,0,0,0
1288,25.838055625539045,2933,0,0,0
1289,25.858116227732786,2933,0,0,0
1290,25.878176829926527,2954,0,0,0
1291,25.898237432120272,2954,0,0,0
1292,25.918298034314013,2974,0,0,0
1293,25.938358636507754,2974,0,0,0
1294,25.958419238701495,2995,0,0,0
1295,25.978479840895236,2995,0,0,0
1296,25.998540443088977,2995,0,0,0
1297,26.01860104528272,3011,0,0,0
1298,26.03866164747646,3011,0,0,0
1299,26.058722249670204,3011,0,0,0
1300,26.078782851863945,3047,0,0,0
1301,26.098843454057686,3047,0,0,0
1302,26.118904056251427,3057,0,0,0
1303,26.13896465844517,3057,0,0,0
1304,26.15902526063891,3110,0,0,0
1305,26.17908586283265,3110,0,0,0
1306,26.19914646502639,3110,0,0,0
1307,26.219207067220136,3122,0,0,0
1308,26.239267669413877,3122,0,0,0
1309,26.259328271607618,3137,0,0,0
1310,26.27938887380136,3137,0,0,0
1311,26.2994494759951,3162,0,0,0
1312,26.31951007818884,3162,0,0,0
1313,26.339570680382582,3162,0,0,0
1314,26.359631282576323,3206,0,0,0
1315,26.379691884770068,3206,0,0,0
1316,26.39975248696381,3206,0,0,0
1317,26.41981308915755,3206,0,0,0
1318,26.43987369135129,3206,0,0,0
1319,26.459934293545032,3248,0,0,0
1320,26.479994895738773,3248,0,0,0
1321,26.500055497932514,3245,0,0,0
1322,26.520116100126256,3245,0,0,0
1323,26.540176702319997,3245,0,0,0
1324,26.56023730451374,3245,0,0,0
1325,26.580297906707482,3245,0,0,0
1326,26.600358508901223,3245,0,0,0
1327,26.620419111094964,3245,0,0,0
1328,26.640479713288705,3245,0,0,0
1329,26.660540315482447,3333,0,0,0
1330,26.680600917676188,3333,0,0,0
1331,26.70066151986993,3340,0,0,0
1332,26.720722122063673,3340,0,0,0
1333,26.740782724257414,3340,0,0,0
1334,26.760843326451155,3401,0,0,0
1335,26.780903928644896,3401,0,0,0
1336,26.800964530838638,3393,0,0,0
1337,26.82102513303238,3393,0,0,0
1338,26.84108573522612,3393,0,0,0
1339,26.86114633741986,3420,0,0,0
1340,26.881206939613605,3420,0,0,0
1341,26.901267541807346,3456,0,0,0
1342,26.921328144001087,3456,0,0,0
1343,26.94138874619483,3456,0,0,0
1344,26.96144934838857,3480,0,0,0
1345,26.98150995058231,3480,0,0,0
1346,27.00157055277605,3508,0,0,0
1347,27.021631154969793,3508,0,0,0
1348,27.041691757163537,3520,0,0,0
1349,27.06175235935728,3520,0,0,0
1350,27.08181296155102,3520,0,0,0
1351,27.10187356374476,3558,0,0,0
1352,27.1219341659385,3558,0,0,0
1353,27.141994768132243,3589,0,0,0
1354,27.162055370325984,3589,0,0,0
1355,27.182115972519725,3589,0,0,0
1356,27.20217657471347,3607,0,0,0
1357,27.22223717690721,3607,0,0,0
1358,27.24229777910095,3613,0,0,0
1359,27.262358381294693,3613,0,0,0
1360,27.282418983488434,3613,0,0,0
1361,27.302479585682175,3633,0,0,0
1362,27.322540187875916,3633,0,0,0
1363,27.342600790069657,3655,0,0,0
1364,27.3626613922634,3655,0,0,0
1365,27.382721994457143,3655,0,0,0
1366,27.402782596650884,3680,0,0,0
1367,27.422843198844625,3680,0,0,0
1368,27.442903801038366,3680,0,0,0
1369,27.462964403232107,3691,0,0,0
1370,27.483025005425848,3691,0,0,0
1371,27.50308560761959,3686,0,0,0
1372,27.52314620981333,3686,0,0,0
1373,27.543206812007075,3686,0,0,0
1374,27.563267414200816,3721,0,0,0
1375,27.583328016394557,3721,0,0,0
1376,27.603388618588298,3680,0,0,0
1377,27.62344922078204,3680,0,0,0
1378,27.64350982297578,3713,0,0,0
1379,27.66357042516952,3713,0,0,0
1380,27.683631027363262,3713,0,0,0
1381,27.703691629557007,3725,0,0,0
1382,27.723752231750748,3725,0,0,0
1383,27.74381283394449,3730,0,0,0
1384,27.76387343613823,3730,0,0,0
1385,27.78393403833197,3722,0,0,0
1386,27.803994640525712,3722,0,0,0
1387,27.824055242719453,3725,0,0,0
1388,27.844115844913194,3725,0,0,0
1389,27.86417644710694,3725,0,0,0
1390,27.88423704930068,3725,0,0,0
1391,27.90429765149442,3725,0,0,0
1392,27.924358253688162,3725,0,0,0
1393,27.944418855881903,3725,0,0,0
1394,27.964479458075644,3725,0,0,0
1395,27.984540060269385,3723,0,0,0
1396,28.004600662463126,3723,0,0,0
1397,28.02466126465687,3716,0,0,0
1398,28.04472186685061,3716,0,0,0
1399,28.064782469044353,3716,0,0,0
1400,28.084843071238094,3708,0,0,0
1401,28.104903673431835,3708,0,0,0
1402,28.124964275625576,3726,0,0,0
1403,28.145024877819317,3726,0,0,0
1404,28.165085480013058,3726,0,0,0
1405,28.185146082206803,3706,0,0,0
1406,28.205206684400544,3706,0,0,0
1407,28.225267286594285,3723,0,0,0
1408,28.245327888788026,3723,0,0,0
1409,28.265388490981767,3723,0,0,0
1410,28.285449093175508,3720,0,0,0
1411,28.30550969536925,3720,0,0,0
1412,28.32557029756299,3748,0,0,0
1413,28.34563089975673,3748,0,0,0
1414,28.365691501950476,3748,0,0,0
1415,28.385752104144217,3719,0,0,0
1416,28.405812706337958,3719,0,0,0
1417,28.4258733085317,3737,0,0,0
1418,28.44593391072544,3737,0,0,0
1419,28.46599451291918,3737,0,0,0
1420,28.486055115112922,3714,0,0,0
1421,28.506115717306663,3714,0,0,0
1422,28.526176319500408,3735,0,0,0
1423,28.54623692169415,3735,0,0,0
1424,28.56629752388789,3735,0,0,0
1425,28.58635812608163,3715,0,0,0
1426,28.606418728275372,3715,0,0,0
1427,28.626479330469113,3745,0,0,0
1428,28.646539932662854,3745,0,0,0
1429,28.666600534856595,3745,0,0,0
1430,28.68666113705034,3734,0,0,0
1431,28.70672173924408,3734,0,0,0
1432,28.726782341437822,3714,0,0,0
1433,28.746842943631563,3714,0,0,0
1434,28.766903545825304,3719,0,0,0
1435,28.786964148019045,3719,0,0,0
1436,28.807024750212786,3719,0,0,0
1437,28.827085352406527,3753,0,0,0
1438,28.847145954600272,3753,0,0,0
1439,28.867206556794013,3733,0,0,0
1440,28.887267158987754,3733,0,0,0
1441,28.907327761181495,3733,0,0,0
1442,28.927388363375236,3720,0,0,0
1443,28.947448965568977,3720,0,0,0
1444,28.96750956776272,3720,0,0,0
1445,28.98757016995646,3720,0,0,0
1446,29.007630772150204,3720,0,0,0
1447,29.027691374343945,3717,0,0,0
1448,29.047751976537686,3717,0,0,0
1449,29.067812578731427,3705,0,0,0
1450,29.08787318092517,3705,0,0,0
1451,29.10793378311891,3705,0,0,0
1452,29.12799438531265,3708,0,0,0
1453,29.14805498750639,3708,0,0,0
1454,29.168115589700133,3708,0,0,0
1455,29.188176191893877,3708,0,0,0
1456,29.208236794087618,3708,0,0,0
1457,29.22829739628136,3712,0,0,0
1458,29.2483579984751,3712,0,0,0
1459,29.26841860066884,3713,0,0,0
1460,29.288479202862582,3713,0,0,0
1461,29.308539805056324,3713,0,0,0
1462,29.328600407250065,3726,0,0,0
1463,29.34866100944381,3726,0,0,0
1464,29.36872161163755,3699,0,0,0
1465,29.38878221383129,3699,0,0,0
1466,29.408842816025032,3717,0,0,0
1467,29.428903418218773,3717,0,0,0
1468,29.448964020412514,3717,0,0,0
1469,29.469024622606256,3700,0,0,0
1470,29.489085224799997,3700,0,0,0
1471,29.50914582699374,3701,0,0,0
1472,29.529206429187482,3701,0,0,0
1473,29.549267031381223,3701,0,0,0
1474,29.569327633574964,3678,0,0,0
1475,29.589388235768705,3678,0,0,0
1476,29.609448837962447,3703,0,0,0
1477,29.629509440156188,3703,0,0,0
1478,29.64957004234993,3704,0,0,0
1479,29.669630644543673,3704,0,0,0
1480,29.689691246737414,3704,0,0,0
1481,29.709751848931155,3699,0,0,0
1482,29.729812451124896,3699,0,0,0
1483,29.749873053318638,3678,0,0,0
1484,29.76993365551238,3678,0,0,0
1485,29.78999425770612,3678,0,0,0
1486,29.81005485989986,3667,0,0,0
1487,29.830115462093605,3667,0,0,0
1488,29.850176064287346,3667,0,0,0
1489,29.870236666481087,3645,0,0,0
1490,29.89029726867483,3645,0,0,0
1491,29.91035787086857,3621,0,0,0
1492,29.93041847306231,3621,0,0,0
1493,29.95047907525605,3621,0,0,0
1494,29.970539677449793,3601,0,0,0
1495,29.990600279643534,3601,0,0,0
1496,30.01066088183728,3583,0,0,0
1497,30.03072148403102,3583,0,0,0
1498,30.05078208622476,3514,0,0,0
1499,30.0708426884185,3514,0,0,0
1500,30.090903290612243,3514,0,0,0
1501,30.110963892805984,3498,0,0,0
1502,30.131024494999725,3498,0,0,0
1503,30.151085097193466,3439,0,0,0
1504,30.17114569938721,3439,0,0,0
1505,30.19120630158095,3439,0,0,0
1506,30.211266903774693,3410,0,0,0
1507,30.231327505968434,3410,0,0,0
1508,30.251388108162175,3319,0,0,0
1509,30.271448710355916,3319,0,0,0
1510,30.291509312549657,3320,0,0,0
1511,30.311569914743398,3320,0,0,0
1512,30.331630516937143,3320,0,0,0
1513,30.351691119130884,3278,0,0,0
1514,30.371751721324625,3278,0,0,0
1515,30.391812323518366,3239,0,0,0
1516,30.411872925712107,3239,0,0,0
1517,30.431933527905848,3239,0,0,0
1518,30.45199413009959,3239,0,0,0
1519,30.47205473229333,3239,0,0,0
1520,30.492115334487075,3222,0,0,0
1521,30.512175936680816,3222,0,0,0
1522,30.532236538874557,3185,0,0,0
1523,30.552297141068298,3185,0,0,0
1524,30.57235774326204,3185,0,0,0
1525,30.59241834545578,3229,0,0,0
1526,30.61247894764952,3229,0,0,0
1527,30.632539549843262,3207,0,0,0
1528,30.652600152037007,3207,0,0,0
1529,30.672660754230748,3207,0,0,0
1530,30.69272135642449,3232,0,0,0
1531,30.71278195861823,3232,0,0,0
1532,30.73284256081197,3200,0,0,0
1533,30.752903163005712,3200,0,0,0
1534,30.772963765199453,3220,0,0,0
1535,30.793024367393194,3220,0,0,0
1536,30.81308496958694,3220,0,0,0
1537,30.83314557178068,3184,0,0,0
1538,30.85320617397442,3184,0,0,0
1539,30.873266776168162,3205,0,0,0
1540,30.893327378361903,3205,0,0,0
1541,30.913387980555644,3196,0,0,0
1542,30.933448582749385,3196,0,0,0
1543,30.953509184943126,3196,0,0,0
1544,30.973569787136867,3225,0,0,0
1545,30.99363038933061,3225,0,0,0
1546,31.013690991524353,3222,0,0,0
1547,31.033751593718094,3222,0,0,0
1548,31.053812195911835,3222,0,0,0
1549,31.073872798105576,3219,0,0,0
1550,31.093933400299317,3219,0,0,0
1551,31.113994002493058,3236,0,0,0
1552,31.1340546046868,3236,0,0,0
1553,31.154115206880544,3236,0,0,0
1554,31.174175809074285,3271,0,0,0
1555,31.194236411268026,3271,0,0,0
1556,31.214297013461767,3277,0,0,0
1557,31.234357615655508,3277,0,0,0
1558,31.25441821784925,3277,0,0,0
1559,31.27447882004299,3270,0,0,0
1560,31.29453942223673,3270,0,0,0
1561,31.314600024430476,3287,0,0,0
1562,31.334660626624217,3287,0,0,0
1563,31.354721228817958,3287,0,0,0
1564,31.3747818310117,3300,0,0,0
1565,31.39484243320544,3300,0,0,0
1566,31.41490303539918,3311,0,0,0
1567,31.434963637592922,3311,0,0,0
1568,31.455024239786663,3311,0,0,0
1569,31.475084841980408,3323,0,0,0
1570,31.49514544417415,3323,0,0,0
1571,31.51520604636789,3319,0,0,0
1572,31.53526664856163,3319,0,0,0
1573,31.555327250755372,3319,0,0,0
1574,31.575387852949113,3340,0,0,0
1575,31.595448455142854,3340,0,0,0
1576,31.615509057336595,3335,0,0,0
1577,31.63556965953034,3335,0,0,0
1578,31.65563026172408,3335,0,0,0
1579,31.675690863917822,3335,0,0,0
1580,31.695751466111563,3335,0,0,0
1581,31.715812068305304,3336,0,0,0
1582,31.735872670499045,3336,0,0,0
1583,31.755933272692786,3336,0,0,0
1584,31.775993874886527,3327,0,0,0
1585,31.79605447708027,3327,0,0,0
1586,31.816115079274013,3327,0,0,0
1587,31.836175681467754,3327,0,0,0
1588,31.856236283661495,3327,0,0,0
1589,31.876296885855236,3327,0,0,0
1590,31.896357488048977,3327,0,0,0
1591,31.91641809024272,3318,0,0,0
1592,31.93647869243646,3318,0,0,0
1593,31.9565392946302,3355,0,0,0
1594,31.976599896823945,3355,0,0,0
1595,31.996660499017686,3355,0,0,0
1596,32.016721101211424,3346,0,0,0
1597,32.03678170340517,3346,0,0,0
1598,32.05684230559891,3342,0,0,0
1599,32.07690290779265,3342,0,0,0
1600,32.096963509986395,3342,0,0,0
1601,32.11702411218013,3336,0,0,0
1602,32.13708471437388,3336,0,0,0
1603,32.157145316567615,3334,0,0,0
1604,32.17720591876136,3334,0,0,0
1605,32.1972665209551,3334,0,0,0
1606,32.21732712314884,3325,0,0,0
1607,32.237387725342586,3325,0,0,0
1608,32.25744832753632,3349,0,0,0
1609,32.27750892973007,3349,0,0,0
1610,32.297569531923806,3349,0,0,0
1611,32.31763013411755,3354,0,0,0
1612,32.33769073631129,3354,0,0,0
1613,32.35775133850503,3346,0,0,0
1614,32.37781194069878,3346,0,0,0
1615,32.397872542892515,3346,0,0,0
1616,32.41793314508626,3312,0,0,0
1617,32.43799374728,3312,0,0,0
1618,32.45805434947374,3336,0,0,0
1619,32.47811495166748,3336,0,0,0
1620,32.49817555386122,3340,0,0,0
1621,32.51823615605496,3340,0,0,0
1622,32.538296758248705,3340,0,0,0
1623,32.55835736044245,3374,0,0,0
1624,32.57841796263619,3374,0,0,0
1625,32.59847856482993,3351,0,0,0
1626,32.61853916702367,3351,0,0,0
1627,32.638599769217414,3351,0,0,0
1628,32.65866037141115,3358,0,0,0
1629,32.6787209736049,3358,0,0,0
1630,32.698781575798634,3274,0,0,0
1631,32.71884217799238,3274,0,0,0
1632,32.73890278018612,3270,0,0,0
1633,32.75896338237986,3270,0,0,0
1634,32.779023984573605,3270,0,0,0
1635,32.79908458676734,3207,0,0,0
1636,32.81914518896109,3207,0,0,0
1637,32.839205791154825,3197,0,0,0
1638,32.85926639334857,3197,0,0,0
1639,32.879326995542314,3197,0,0,0
1640,32.89938759773605,3182,0,0,0
1641,32.919448199929796,3182,0,0,0
1642,32.939508802123534,3161,0,0,0
1643,32.95956940431728,3161,0,0,0
1644,32.979630006511016,3161,0,0,0
1645,32.99969060870476,3098,0,0,0
1646,33.0197512108985,3098,0,0,0
1647,33.03981181309224,3060,0,0,0
1648,33.05987241528599,3060,0,0,0
1649,33.079933017479725,3010,0,0,0
1650,33.09999361967347,3010,0,0,0
1651,33.12005422186721,3010,0,0,0
1652,33.14011482406095,2995,0,0,0
1653,33.16017542625469,2995,0,0,0
1654,33.180236028448434,2952,0,0,0
1655,33.20029663064218,2952,0,0,0
1656,33.220357232835916,2952,0,0,0
1657,33.24041783502966,2897,0,0,0
1658,33.2604784372234,2897,0,0,0
1659,33.28053903941714,2810,0,0,0
1660,33.30059964161088,2810,0,0,0
1661,33.320660243804625,2810,0,0,0
1662,33.34072084599836,2780,0,0,0
1663,33.36078144819211,2780,0,0,0
1664,33.38084205038585,2780,0,0,0
1665,33.40090265257959,2733,0,0,0
1666,33.42096325477333,2733,0,0,0
1667,33.44102385696707,2705,0,0,0
1668,33.461084459160816,2705,0,0,0
1669,33.48114506135455,2608,0,0,0
1670,33.5012056635483,2608,0,0,0
1671,33.521266265742035,2608,0,0,0
1672,33.54132686793578,2533,0,0,0
1673,33.561387470129525,2533,0,0,0
1674,33.58144807232326,2455,0,0,0
1675,33.60150867451701,2455,0,0,0
1676,33.621569276710744,2455,0,0,0
1677,33.64162987890449,2387,0,0,0
1678,33.661690481098226,2387,0,0,0
1679,33.68175108329197,2343,0,0,0
1680,33.701811685485715,2343,0,0,0
1681,33.72187228767945,2343,0,0,0
1682,33.7419328898732,2251,0,0,0
1683,33.761993492066935,2251,0,0,0
1684,33.78205409426068,2125,0,0,0
1685,33.80211469645442,2125,0,0,0
1686,33.82217529864816,2125,0,0,0
1687,33.8422359008419,2024,0,0,0
1688,33.862296503035644,2024,0,0,0
1689,33.88235710522939,1942,0,0,0
1690,33.902417707423126,1942,0,0,0
1691,33.92247830961687,1942,0,0,0
1692,33.94253891181061,1852,0,0,0
1693,33.96259951400435,1852,0,0,0
1694,33.98266011619809,1765,0,0,0
1695,34.002720718391835,1765,0,0,0
1696,34.02278132058558,1765,0,0,0
1697,34.04284192277932,1647,0,0,0
1698,34.06290252497306,1647,0,0,0
1699,34.0829631271668,1554,0,0,0
1700,34.103023729360544,1554,0,0,0
1701,34.12308433155428,1554,0,0,0
1702,34.143144933748026,1463,0,0,0
1703,34.16320553594176,1463,0,0,0
1704,34.18326613813551,1382,0,0,0
1705,34.20332674032925,1382,0,0,0
1706,34.22338734252299,1382,0,0,0
1707,34.243447944716735,1289,0,0,0
1708,34.26350854691047,1289,0,0,0
1709,34.28356914910422,1184,0,0,0
1710,34.303629751297954,1184,0,0,0
1711,34.3236903534917,1184,0,0,0
1712,34.34375095568544,1087,0,0,0
1713,34.36381155787918,1087,0,0,0
1714,34.383872160072926,991,0,0,0
1715,34.40393276226666,991,0,0,0
1716,34.42399336446041,919,0,0,0
1717,34.444053966654145,919,0,0,0
1718,34.46411456884789,919,0,0,0
1719,34.48417517104163,846,0,0,0
1720,34.50423577323537,846,0,0,0
1721,34.52429637542912,768,0,0,0
1722,34.544356977622854,768,0,0,0
1723,34.5644175798166,768,0,0,0
1724,34.584478182010336,695,0,0,0
1725,34.60453878420408,695,0,0,0
1726,34.62459938639782,628,0,0,0
1727,34.64465998859156,628,0,0,0
1728,34.6647205907853,578,0,0,0
1729,34.684781192979045,578,0,0,0
1730,34.70484179517279,578,0,0,0
1731,34.72490239736653,529,0,0,0
1732,34.74496299956027,529,0,0,0
1733,34.76502360175401,481,0,0,0
1734,34.785084203947754,481,0,0,0
1735,34.80514480614149,481,0,0,0
1736,34.825205408335236,431,0,0,0
1737,34.84526601052898,431,0,0,0
1738,34.86532661272272,388,0,0,0
1739,34.88538721491646,388,0,0,0
1740,34.9054478171102,388,0,0,0
1741,34.925508419303945,371,0,0,0
1742,34.94556902149768,371,0,0,0
1743,34.96562962369143,329,0,0,0
1744,34.985690225885165,329,0,0,0
1745,35.00575082807891,329,0,0,0
1746,35.025811430272654,292,0,0,0
1747,35.04587203246639,292,0,0,0
1748,35.065932634660136,259,0,0,0
1749,35.085993236853874,259,0,0,0
1750,35.10605383904762,259,0,0,0
1751,35.126114441241356,236,0,0,0
1752,35.1461750434351,236,0,0,0
1753,35.16623564562884,246,0,0,0
1754,35.18629624782258,246,0,0,0
1755,35.20635685001633,246,0,0,0
1756,35.226417452210065,226,0,0,0
1757,35.24647805440381,226,0,0,0
1758,35.26653865659755,211,0,0,0
1759,35.28659925879129,211,0,0,0
1760,35.30665986098503,193,0,0,0
1761,35.32672046317877,193,0,0,0
1762,35.34678106537252,193,0,0,0
1763,35.366841667566256,175,0,0,0
1764,35.38690226976,175,0,0,0
1765,35.40696287195374,165,0,0,0
1766,35.42702347414748,165,0,0,0
1767,35.44708407634122,165,0,0,0
1768,35.467144678534964,157,0,0,0
1769,35.4872052807287,157,0,0,0
1770,35.50726588292245,150,0,0,0
1771,35.52732648511619,150,0,0,0
1772,35.54738708730993,150,0,0,0
1773,35.56744768950367,143,0,0,0
1774,35.58750829169741,143,0,0,0
1775,35.607568893891155,137,0,0,0
1776,35.62762949608489,137,0,0,0
1777,35.64769009827864,137,0,0,0
1778,35.66775070047238,132,0,0,0
1779,35.68781130266612,132,0,0,0
1780,35.707871904859864,125,0,0,0
1781,35.7279325070536,125,0,0,0
1782,35.747993109247346,121,0,0,0
1783,35.768053711441084,121,0,0,0
1784,35.78811431363483,121,0,0,0
1785,35.808174915828566,111,0,0,0
1786,35.82823551802231,111,0,0,0
1787,35.848296120216055,117,0,0,0
1788,35.86835672240979,117,0,0,0
1789,35.88841732460354,117,0,0,0
1790,35.908477926797275,115,0,0,0
1791,35.92853852899102,115,0,0,0
1792,35.94859913118476,109,0,0,0
1793,35.9686597333785,109,0,0,0
1794,35.98872033557224,108,0,0,0
1795,36.008780937765984,108,0,0,0
1796,36.02884153995973,108,0,0,0
1797,36.048902142153466,106,0,0,0
1798,36.06896274434721,106,0,0,0
1799,36.08902334654095,103,0,0,0
1800,36.10908394873469,103,0,0,0
1801,36.12914455092843,103,0,0,0
1802,36.149205153122175,104,0,0,0
1803,36.16926575531592,104,0,0,0
1804,36.18932635750966,105,0,0,0
1805,36.2093869597034,105,0,0,0
1806,36.22944756189714,105,0,0,0
1807,36.249508164090884,104,0,0,0
1808,36.26956876628462,104,0,0,0
1809,36.289629368478366,103,0,0,0
1810,36.3096899706721,103,0,0,0
1811,36.32975057286585,103,0,0,0
1812,36.34981117505959,102,0,0,0
1813,36.36987177725333,102,0,0,0
1814,36.389932379447075,103,0,0,0
1815,36.40999298164081,103,0,0,0
1816,36.43005358383456,103,0,0,0
1817,36.450114186028294,101,0,0,0
1818,36.47017478822204,101,0,0,0
1819,36.49023539041578,102,0,0,0
1820,36.51029599260952,102,0,0,0
1821,36.530356594803266,102,0,0,0
1822,36.550417196997,103,0,0,0
1823,36.57047779919075,103,0,0,0
1824,36.590538401384485,103,0,0,0
1825,36.61059900357823,103,0,0,0
1826,36.63065960577197,103,0,0,0
1827,36.65072020796571,109,0,0,0
1828,36.67078081015946,109,0,0,0
1829,36.690841412353194,114,0,0,0
1830,36.71090201454694,114,0,0,0
1831,36.730962616740676,116,0,0,0
1832,36.75102321893442,116,0,0,0
1833,36.77108382112816,116,0,0,0
1834,36.7911444233219,119,0,0,0
1835,36.81120502551564,119,0,0,0
1836,36.831265627709385,121,0,0,0
1837,36.85132622990313,121,0,0,0
1838,36.87138683209687,121,0,0,0
1839,36.89144743429061,125,0,0,0
1840,36.91150803648435,125,0,0,0
1841,36.931568638678094,129,0,0,0
1842,36.95162924087183,129,0,0,0
1843,36.971689843065576,129,0,0,0
1844,36.99175044525932,131,0,0,0
1845,37.01181104745306,131,0,0,0
1846,37.0318716496468,135,0,0,0
1847,37.05193225184054,135,0,0,0
1848,37.071992854034285,135,0,0,0
1849,37.09205345622802,138,0,0,0
1850,37.11211405842177,138,0,0,0
1851,37.132174660615505,140,0,0,0
1852,37.15223526280925,140,0,0,0
1853,37.172295865002994,140,0,0,0
1854,37.19235646719673,148,0,0,0
1855,37.212417069390476,148,0,0,0
1856,37.23247767158421,152,0,0,0
1857,37.25253827377796,152,0,0,0
1858,37.272598875971696,152,0,0,0
1859,37.29265947816544,158,0,0,0
1860,37.312720080359185,158,0,0,0
1861,37.33278068255292,160,0,0,0
1862,37.35284128474667,160,0,0,0
1863,37.372901886940404,160,0,0,0
1864,37.39296248913415,165,0,0,0
1865,37.41302309132789,165,0,0,0
1866,37.43308369352163,169,0,0,0
1867,37.45314429571537,169,0,0,0
1868,37.47320489790911,172,0,0,0
1869,37.49326550010286,172,0,0,0
1870,37.513326102296595,172,0,0,0
1871,37.53338670449034,177,0,0,0
1872,37.55344730668408,177,0,0,0
1873,37.57350790887782,181,0,0,0
1874,37.59356851107156,181,0,0,0
1875,37.613629113265304,181,0,0,0
1876,37.63368971545905,189,0,0,0
1877,37.653750317652786,189,0,0,0
1878,37.67381091984653,247,0,0,0
1879,37.69387152204027,247,0,0,0
1880,37.71393212423401,247,0,0,0
1881,37.73399272642775,2000,0,0,0
1882,37.754053328621495,2000,0,0,0
1883,37.77411393081523,2425,0,0,0
1884,37.79417453300898,2425,0,0,0
1885,37.81423513520272,2425,0,0,0
1886,37.83429573739646,2469,0,0,0
1887,37.854356339590204,2469,0,0,0
1888,37.87441694178394,2495,0,0,0
1889,37.894477543977686,2495,0,0,0
1890,37.914538146171424,2495,0,0,0
1891,37.93459874836517,2499,0,0,0
1892,37.954659350558906,2499,0,0,0
1893,37.97471995275265,2508,0,0,0
1894,37.994780554946395,2508,0,0,0
1895,38.01484115714013,2508,0,0,0
1896,38.03490175933388,2514,0,0,0
1897,38.054962361527615,2514,0,0,0
1898,38.07502296372136,2511,0,0,0
1899,38.0950835659151,2511,0,0,0
1900,38.11514416810884,2505,0,0,0
1901,38.135204770302586,2505,0,0,0
1902,38.15526537249632,2505,0,0,0
1903,38.17532597469007,2524,0,0,0
1904,38.195386576883806,2524,0,0,0
1905,38.21544717907755,2531,0,0,0
1906,38.23550778127129,2531,0,0,0
1907,38.25556838346503,2531,0,0,0
1908,38.27562898565877,2530,0,0,0
1909,38.295689587852515,2530,0,0,0
1910,38.31575019004626,2538,0,0,0
1911,38.33581079224,2538,0,0,0
1912,38.35587139443374,2538,0,0,0
1913,38.37593199662748,2545,0,0,0
1914,38.39599259882122,2545,0,0,0
1915,38.41605320101496,2553,0,0,0
1916,38.436113803208706,2553,0,0,0
1917,38.45617440540245,2553,0,0,0
1918,38.47623500759619,2559,0,0,0
1919,38.49629560978993,2559,0,0,0
1920,38.51635621198367,2551,0,0,0
1921,38.536416814177414,2551,0,0,0
1922,38.55647741637115,2551,0,0,0
1923,38.5765380185649,2541,0,0,0
1924,38.596598620758634,2541,0,0,0
1925,38.61665922295238,2555,0,0,0
1926,38.63671982514612,2555,0,0,0
1927,38.65678042733986,2555,0,0,0
1928,38.676841029533605,2573,0,0,0
1929,38.69690163172734,2573,0,0,0
1930,38.71696223392109,2569,0,0,0
1931,38.737022836114825,2569,0,0,0
1932,38.75708343830857,2569,0,0,0
1933,38.77714404050231,2566,0,0,0
1934,38.79720464269605,2566,0,0,0
1935,38.817265244889796,2576,0,0,0
1936,38.837325847083534,2576,0,0,0
1937,38.85738644927728,2577,0,0,0
1938,38.877447051471016,2577,0,0,0
1939,38.89750765366476,2577,0,0,0
1940,38.9175682558585,2571,0,0,0
1941,38.93762885805224,2571,0,0,0
1942,38.95768946024599,2571,0,0,0
1943,38.977750062439725,2592,0,0,0
1944,38.99781066463347,2592,0,0,0
1945,39.01787126682721,2570,0,0,0
1946,39.03793186902095,2570,0,0,0
1947,39.05799247121469,2570,0,0,0
1948,39.078053073408434,2588,0,0,0
1949,39.09811367560217,2588,0,0,0
1950,39.118174277795916,2572,0,0,0
1951,39.13823487998966,2572,0,0,0
1952,39.1582954821834,2572,0,0,0
1953,39.17835608437714,2582,0,0,0
1954,39.19841668657088,2582,0,0,0
1955,39.218477288764625,2577,0,0,0
1956,39.23853789095836,2577,0,0,0
1957,39.25859849315211,2577,0,0,0
1958,39.27865909534585,2590,0,0,0
1959,39.29871969753959,2590,0,0,0
1960,39.31878029973333,2575,0,0,0
1961,39.33884090192707,2575,0,0,0
1962,39.358901504120816,2586,0,0,0
1963,39.37896210631455,2586,0,0,0
1964,39.3990227085083,2586,0,0,0
1965,39.419083310702035,2592,0,0,0
1966,39.43914391289578,2592,0,0,0
1967,39.459204515089525,2587,0,0,0
1968,39.47926511728326,2587,0,0,0
1969,39.49932571947701,2587,0,0,0
1970,39.519386321670744,2580,0,0,0
1971,39.53944692386449,2580,0,0,0
1972,39.559507526058226,2592,0,0,0
1973,39.57956812825197,2592,0,0,0
1974,39.59962873044571,2586,0,0,0
1975,39.61968933263945,2586,0,0,0
1976,39.6397499348332,2587,0,0,0
1977,39.659810537026935,2587,0,0,0
1978,39.67987113922068,2587,0,0,0
1979,39.69993174141442,2588,0,0,0
1980,39.71999234360816,2588,0,0,0
1981,39.7400529458019,2605,0,0,0
1982,39.760113547995644,2605,0,0,0
1983,39.78017415018939,2605,0,0,0
1984,39.800234752383126,2578,0,0,0
1985,39.82029535457687,2578,0,0,0
1986,39.84035595677061,2586,0,0,0
1987,39.86041655896435,2586,0,0,0
1988,39.88047716115809,2586,0,0,0
1989,39.900537763351835,2589,0,0,0
1990,39.92059836554557,2589,0,0,0
1991,39.94065896773932,2592,0,0,0
1992,39.96071956993306,2592,0,0,0
1993,39.9807801721268,2577,0,0,0
1994,40.000840774320544,2577,0,0,0
1995,40.02090137651428,2577,0,0,0
1996,40.040961978708026,2594,0,0,0
1997,40.06102258090176,2594,0,0,0
1998,40.08108318309551,2589,0,0,0
1999,40.10114378528925,2589,0,0,0
2000,40.12120438748299,2589,0,0,0
2001,40.141264989676735,2592,0,0,0
2002,40.16132559187047,2592,0,0,0
2003,40.18138619406422,2577,0,0,0
2004,40.201446796257954,2577,0,0,0
2005,40.2215073984517,2577,0,0,0
2006,40.24156800064544,2588,0,0,0
2007,40.26162860283918,2588,0,0,0
2008,40.281689205032926,2574,0,0,0
2009,40.30174980722666,2574,0,0,0
2010,40.32181040942041,2591,0,0,0
2011,40.341871011614145,2591,0,0,0
2012,40.36193161380789,2591,0,0,0
2013,40.38199221600163,2585,0,0,0
2014,40.40205281819537,2585,0,0,0
2015,40.42211342038911,2597,0,0,0
2016,40.442174022582854,2597,0,0,0
2017,40.4622346247766,2597,0,0,0
2018,40.482295226970336,2603,0,0,0
2019,40.50235582916408,2603,0,0,0
2020,40.52241643135782,2625,0,0,0
2021,40.54247703355156,2625,0,0,0
2022,40.5625376357453,2625,0,0,0
2023,40.582598237939045,2640,0,0,0
2024,40.60265884013279,2640,0,0,0
2025,40.62271944232653,2671,0,0,0
2026,40.64278004452027,2671,0,0,0
2027,40.66284064671401,2676,0,0,0
2028,40.682901248907754,2676,0,0,0
2029,40.70296185110149,2676,0,0,0
2030,40.723022453295236,2706,0,0,0
2031,40.743083055488974,2706,0,0,0
2032,40.76314365768272,2727,0,0,0
2033,40.78320425987646,2727,0,0,0
2034,40.8032648620702,2727,0,0,0
2035,40.823325464263945,2742,0,0,0
2036,40.84338606645768,2742,0,0,0
2037,40.86344666865143,2769,0,0,0
2038,40.883507270845165,2769,0,0,0
2039,40.90356787303891,2769,0,0,0
2040,40.923628475232654,2785,0,0,0
2041,40.94368907742639,2785,0,0,0
2042,40.963749679620136,2802,0,0,0
2043,40.983810281813874,2802,0,0,0
2044,41.00387088400762,2802,0,0,0
2045,41.023931486201356,2827,0,0,0
2046,41.0439920883951,2827,0,0,0
2047,41.06405269058884,2847,0,0,0
2048,41.08411329278258,2847,0,0,0
2049,41.10417389497633,2847,0,0,0
2050,41.124234497170065,2873,0,0,0
2051,41.14429509936381,2873,0,0,0
2052,41.16435570155755,2886,0,0,0
2053,41.18441630375129,2886,0,0,0
2054,41.20447690594503,2886,0,0,0
2055,41.22453750813877,2912,0,0,0
2056,41.24459811033251,2912,0,0,0
2057,41.264658712526256,2927,0,0,0
2058,41.28471931472,2927,0,0,0
2059,41.30477991691374,2937,0,0,0
2060,41.32484051910748,2937,0,0,0
2061,41.34490112130122,2937,0,0,0
2062,41.364961723494964,2978,0,0,0
2063,41.3850223256887,2978,0,0,0
2064,41.40508292788245,3004,0,0,0
2065,41.42514353007619,3004,0,0,0
2066,41.44520413226993,3043,0,0,0
2067,41.46526473446367,3043,0,0,0
2068,41.48532533665741,3043,0,0,0
2069,41.505385938851155,3038,0,0,0
2070,41.52544654104489,3038,0,0,0
2071,41.54550714323864,3057,0,0,0
2072,41.565567745432375,3057,0,0,0
2073,41.58562834762612,3057,0,0,0
2074,41.605688949819864,3101,0,0,0
2075,41.6257495520136,3101,0,0,0
2076,41.645810154207346,3104,0,0,0
2077,41.665870756401084,3104,0,0,0
2078,41.68593135859483,3133,0,0,0
2079,41.705991960788566,3133,0,0,0
2080,41.72605256298231,3180,0,0,0
2081,41.746113165176055,3180,0,0,0
2082,41.76617376736979,3165,0,0,0
2083,41.78623436956354,3165,0,0,0
2084,41.806294971757275,3165,0,0,0
2085,41.82635557395102,3206,0,0,0
2086,41.84641617614476,3206,0,0,0
2087,41.8664767783385,3206,0,0,0
2088,41.88653738053224,3246,0,0,0
2089,41.906597982725984,3246,0,0,0
2090,41.92665858491973,3261,0,0,0
2091,41.946719187113466,3261,0,0,0
2092,41.96677978930721,3261,0,0,0
2093,41.98684039150095,3287,0,0,0
2094,42.00690099369469,3287,0,0,0
2095,42.02696159588843,3297,0,0,0
2096,42.047022198082175,3297,0,0,0
2097,42.06708280027591,3297,0,0,0
2098,42.08714340246966,3331,0,0,0
2099,42.1072040046634,3331,0,0,0
2100,42.12726460685714,3350,0,0,0
2101,42.147325209050884,3350,0,0,0
2102,42.16738581124462,3350,0,0,0
2103,42.187446413438366,3384,0,0,0
2104,42.2075070156321,3384,0,0,0
2105,42.22756761782585,3423,0,0,0
2106,42.24762822001959,3423,0,0,0
2107,42.26768882221333,3438,0,0,0
2108,42.287749424407075,3438,0,0,0
2109,42.30781002660081,3452,0,0,0
2110,42.32787062879456,3452,0,0,0
2111,42.347931230988294,3452,0,0,0
2112,42.36799183318204,3487,0,0,0
2113,42.388052435375776,3487,0,0,0
2114,42.40811303756952,3485,0,0,0
2115,42.428173639763266,3485,0,0,0
2116,42.448234241957,3485,0,0,0
2117,42.46829484415075,3541,0,0,0
2118,42.488355446344485,3541,0,0,0
2119,42.50841604853823,3528,0,0,0
2120,42.52847665073197,3528,0,0,0
2121,42.54853725292571,3528,0,0,0
2122,42.56859785511946,3587,0,0,0
2123,42.588658457313194,3587,0,0,0
2124,42.60871905950694,3638,0,0,0
2125,42.628779661700676,3638,0,0,0
2126,42.64884026389442,3638,0,0,0
2127,42.66890086608816,3642,0,0,0
2128,42.6889614682819,3642,0,0,0
2129,42.70902207047564,3661,0,0,0
2130,42.729082672669385,3661,0,0,0
2131,42.74914327486313,3691,0,0,0
2132,42.76920387705687,3691,0,0,0
2133,42.78926447925061,3691,0,0,0
2134,42.80932508144435,3682,0,0,0
2135,42.829385683638094,3682,0,0,0
2136,42.84944628583183,3692,0,0,0
2137,42.869506888025576,3692,0,0,0
2138,42.889567490219314,3692,0,0,0
2139,42.90962809241306,3723,0,0,0
2140,42.9296886946068,3723,0,0,0
2141,42.94974929680054,3723,0,0,0
2142,42.969809898994285,3723,0,0,0
2143,42.98987050118802,3723,0,0,0
2144,43.00993110338177,3726,0,0,0
2145,43.029991705575505,3726,0,0,0
2146,43.05005230776925,3735,0,0,0
2147,43.070112909962994,3735,0,0,0
2148,43.09017351215673,3735,0,0,0
2149,43.110234114350476,3741,0,0,0
2150,43.13029471654421,3741,0,0,0
2151,43.15035531873796,3742,0,0,0
2152,43.170415920931696,3742,0,0,0
2153,43.19047652312544,3762,0,0,0
2154,43.21053712531918,3762,0,0,0
2155,43.23059772751292,3762,0,0,0
2156,43.25065832970667,3787,0,0,0
2157,43.270718931900404,3787,0,0,0
2158,43.29077953409415,3749,0,0,0
2159,43.31084013628789,3749,0,0,0
2160,43.33090073848163,3749,0,0,0
2161,43.35096134067537,3755,0,0,0
2162,43.37102194286911,3755,0,0,0
2163,43.39108254506286,3775,0,0,0
2164,43.411143147256595,3775,0,0,0
2165,43.43120374945034,3775,0,0,0
2166,43.45126435164408,3794,0,0,0
2167,43.47132495383782,3794,0,0,0
2168,43.49138555603156,3760,0,0,0
2169,43.511446158225304,3760,0,0,0
2170,43.53150676041904,3760,0,0,0
2171,43.551567362612786,3756,0,0,0
2172,43.57162796480653,3756,0,0,0
2173,43.59168856700027,3776,0,0,0
2174,43.61174916919401,3776,0,0,0
2175,43.63180977138775,3768,0,0,0
2176,43.651870373581495,3768,0,0,0
2177,43.67193097577523,3768,0,0,0
2178,43.69199157796898,3762,0,0,0
2179,43.712052180162715,3762,0,0,0
2180,43.73211278235646,3772,0,0,0
2181,43.752173384550204,3772,0,0,0
2182,43.77223398674394,3772,0,0,0
2183,43.792294588937686,3760,0,0,0
2184,43.812355191131424,3760,0,0,0
2185,43.83241579332517,3773,0,0,0
2186,43.852476395518906,3773,0,0,0
2187,43.87253699771265,3773,0,0,0
2188,43.892597599906395,3780,0,0,0
2189,43.91265820210013,3780,0,0,0
2190,43.93271880429388,3732,0,0,0
2191,43.952779406487615,3732,0,0,0
2192,43.97284000868136,3741,0,0,0
2193,43.9929006108751,3741,0,0,0
2194,44.01296121306884,3741,0,0,0
2195,44.03302181526258,3770,0,0,0
2196,44.053082417456324,3770,0,0,0
2197,44.07314301965007,3761,0,0,0
2198,44.093203621843806,3761,0,0,0
2199,44.11326422403755,3761,0,0,0
2200,44.13332482623129,3774,0,0,0
2201,44.15338542842503,3774,0,0,0
2202,44.17344603061877,3750,0,0,0
2203,44.193506632812515,3750,0,0,0
2204,44.21356723500626,3750,0,0,0
2205,44.2336278372,3765,0,0,0
2206,44.25368843939374,3765,0,0,0
2207,44.27374904158748,3757,0,0,0
2208,44.29380964378122,3757,0,0,0
2209,44.31387024597496,3757,0,0,0
2210,44.333930848168706,3752,0,0,0
2211,44.35399145036244,3752,0,0,0
2212,44.37405205255619,3749,0,0,0
2213,44.39411265474993,3749,0,0,0
2214,44.41417325694367,3749,0,0,0
2215,44.434233859137414,3756,0,0,0
2216,44.45429446133115,3756,0,0,0
2217,44.4743550635249,3746,0,0,0
2218,44.494415665718634,3746,0,0,0
2219,44.51447626791238,3746,0,0,0
2220,44.534536870106116,3746,0,0,0
2221,44.55459747229986,3746,0,0,0
2222,44.574658074493605,3739,0,0,0
2223,44.59471867668734,3739,0,0,0
2224,44.61477927888109,3739,0,0,0
2225,44.634839881074825,3751,0,0,0
2226,44.65490048326857,3751,0,0,0
2227,44.67496108546231,3717,0,0,0
2228,44.69502168765605,3717,0,0,0
2229,44.715082289849796,3751,0,0,0
2230,44.735142892043534,3751,0,0,0
2231,44.75520349423728,3751,0,0,0
2232,44.775264096431016,3727,0,0,0
2233,44.79532469862476,3727,0,0,0
2234,44.8153853008185,3718,0,0,0
2235,44.83544590301224,3718,0,0,0
2236,44.85550650520598,3711,0,0,0
2237,44.875567107399725,3711,0,0,0
2238,44.89562770959347,3711,0,0,0
2239,44.91568831178721,3725,0,0,0
2240,44.93574891398095,3725,0,0,0
2241,44.95580951617469,3699,0,0,0
2242,44.975870118368434,3699,0,0,0
2243,44.99593072056217,3699,0,0,0
2244,45.015991322755916,3704,0,0,0
2245,45.03605192494966,3704,0,0,0
2246,45.0561125271434,3693,0,0,0
2247,45.07617312933714,3693,0,0,0
2248,45.09623373153088,3693,0,0,0
2249,45.116294333724625,3685,0,0,0
2250,45.13635493591836,3685,0,0,0
2251,45.15641553811211,3675,0,0,0
2252,45.176476140305844,3675,0,0,0
2253,45.19653674249959,3638,0,0,0
2254,45.216597344693334,3638,0,0,0
2255,45.23665794688707,3638,0,0,0
2256,45.256718549080816,3599,0,0,0
2257,45.27677915127455,3599,0,0,0
2258,45.2968397534683,3599,0,0,0
2259,45.316900355662035,3591,0,0,0
2260,45.33696095785578,3591,0,0,0
2261,45.357021560049525,3577,0,0,0
2262,45.37708216224326,3577,0,0,0
2263,45.39714276443701,3534,0,0,0
2264,45.417203366630744,3534,0,0,0
2265,45.43726396882449,3534,0,0,0
2266,45.457324571018226,3478,0,0,0
2267,45.47738517321197,3478,0,0,0
2268,45.49744577540571,3453,0,0,0
2269,45.51750637759945,3453,0,0,0
2270,45.5375669797932,3453,0,0,0
2271,45.557627581986935,3406,0,0,0
2272,45.57768818418068,3406,0,0,0
2273,45.59774878637442,3362,0,0,0
2274,45.61780938856816,3362,0,0,0
2275,45.6378699907619,3306,0,0,0
2276,45.657930592955644,3306,0,0,0
2277,45.67799119514938,3306,0,0,0
2278,45.698051797343126,3307,0,0,0
2279,45.71811239953687,3307,0,0,0
2280,45.73817300173061,3266,0,0,0
2281,45.75823360392435,3266,0,0,0
2282,45.77829420611809,3266,0,0,0
2283,45.798354808311835,3250,0,0,0
2284,45.81841541050557,3250,0,0,0
2285,45.83847601269932,3239,0,0,0
2286,45.85853661489306,3239,0,0,0
2287,45.8785972170868,3239,0,0,0
2288,45.898657819280544,3224,0,0,0
2289,45.91871842147428,3224,0,0,0
2290,45.938779023668026,3225,0,0,0
2291,45.95883962586176,3225,0,0,0
2292,45.97890022805551,3225,0,0,0
2293,45.998960830249246,3200,0,0,0
2294,46.01902143244299,3200,0,0,0
2295,46.039082034636735,3200,0,0,0
2296,46.05914263683047,3205,0,0,0
2297,46.07920323902422,3205,0,0,0
2298,46.099263841217955,3210,0,0,0
2299,46.1193244434117,3210,0,0,0
2300,46.13938504560544,3210,0,0,0
2301,46.15944564779918,3196,0,0,0
2302,46.179506249992926,3196,0,0,0
2303,46.19956685218666,3179,0,0,0
2304,46.21962745438041,3179,0,0,0
2305,46.239688056574145,3179,0,0,0
2306,46.25974865876789,3225,0,0,0
2307,46.27980926096163,3225,0,0,0
2308,46.29986986315537,3236,0,0,0
2309,46.31993046534911,3236,0,0,0
2310,46.339991067542854,3236,0,0,0
2311,46.3600516697366,3242,0,0,0
2312,46.38011227193034,3242,0,0,0
2313,46.40017287412408,3243,0,0,0
2314,46.42023347631782,3243,0,0,0
2315,46.44029407851156,3243,0,0,0
2316,46.4603546807053,3263,0,0,0
2317,46.480415282899045,3263,0,0,0
2318,46.50047588509278,3268,0,0,0
2319,46.52053648728653,3268,0,0,0
2320,46.54059708948027,3268,0,0,0
2321,46.56065769167401,3312,0,0,0
2322,46.580718293867754,3312,0,0,0
2323,46.60077889606149,3300,0,0,0
2324,46.620839498255236,3300,0,0,0
2325,46.640900100448974,3290,0,0,0
2326,46.66096070264272,3290,0,0,0
2327,46.68102130483646,3290,0,0,0
2328,46.7010819070302,3290,0,0,0
2329,46.721142509223945,3290,0,0,0
2330,46.74120311141768,3312,0,0,0
2331,46.76126371361143,3312,0,0,0
2332,46.781324315805165,3312,0,0,0
2333,46.80138491799891,3301,0,0,0
2334,46.82144552019265,3330,0,0,0
2335,46.84150612238639,3330,0,0,0
2336,46.861566724580136,3330,0,0,0
2337,46.881627326773874,3309,0,0,0
2338,46.90168792896762,3309,0,0,0
2339,46.921748531161356,3297,0,0,0
2340,46.9418091333551,3297,0,0,0
2341,46.96186973554884,3297,0,0,0
2342,46.98193033774258,3298,0,0,0
2343,47.00199093993633,3298,0,0,0
2344,47.022051542130065,3288,0,0,0
2345,47.04211214432381,3288,0,0,0
2346,47.06217274651755,3292,0,0,0
2347,47.08223334871129,3292,0,0,0
2348,47.10229395090503,3292,0,0,0
2349,47.12235455309877,3297,0,0,0
2350,47.14241515529251,3297,0,0,0
2351,47.162475757486256,3287,0,0,0
2352,47.18253635968,3287,0,0,0
2353,47.20259696187374,3287,0,0,0
2354,47.22265756406748,3271,0,0,0
2355,47.24271816626122,3271,0,0,0
2356,47.262778768454965,3273,0,0,0
2357,47.2828393706487,3273,0,0,0
2358,47.30289997284245,3273,0,0,0
2359,47.322960575036184,3260,0,0,0
2360,47.34302117722993,3260,0,0,0
2361,47.36308177942367,3273,0,0,0
2362,47.38314238161741,3273,0,0,0
2363,47.403202983811155,3273,0,0,0
2364,47.42326358600489,3254,0,0,0
2365,47.44332418819864,3254,0,0,0
2366,47.463384790392375,3250,0,0,0
2367,47.48344539258612,3250,0,0,0
2368,47.503505994779864,3272,0,0,0
2369,47.5235665969736,3272,0,0,0
2370,47.54362719916735,3272,0,0,0
2371,47.563687801361084,3254,0,0,0
