,times(seconds),x,y,z
0,0.0,0.0,0.0,0.0
1,0.019329900073694485,2e-05,-0.0,0.0
2,0.03865980014738897,3e-05,2e-05,0.0
3,0.057989700221083455,2e-05,3e-05,0.0
4,0.07731960029477794,2e-05,2e-05,0.0
5,0.09664950036847242,1e-05,3e-05,0.0
6,0.11597940044216691,-1e-05,2e-05,0.0
7,0.1353093005158614,-1e-05,3e-05,0.0
8,0.15463920058955588,1e-05,3e-05,0.0
9,0.17396910066325036,-0.0,-6e-05,0.0
10,0.19329900073694484,-9e-05,-0.00013,0.0
11,0.21262890081063934,-0.0001,-0.00016,0.0
12,0.23195880088433382,-0.00012,-0.00017,0.0
13,0.2512887009580283,-0.00016,-0.00014,0.0
14,0.2706186010317228,-0.00014,-0.00015,0.0
15,0.28994850110541726,-0.00019,-0.00014,0.0
16,0.30927840117911176,-0.00022,-5e-05,0.0
17,0.32860830125280627,-0.00021,5e-05,0.0
18,0.3479382013265007,-0.00021,0.00015,0.0
19,0.3672681014001952,-0.00021,0.00015,0.0
20,0.3865980014738897,-0.00017,0.00027,0.0
21,0.4059279015475842,-0.00014,0.00026,0.0
22,0.4252578016212787,-0.00017,0.00027,0.0
23,0.44458770169497314,-0.00023,0.00021,0.0
24,0.46391760176866764,-0.00033,0.00023,0.0
25,0.48324750184236215,-0.00046,0.0003,0.0
26,0.5025774019160566,-0.00058,0.00031,0.0
27,0.5219073019897511,-0.00064,0.00041,0.0
28,0.5412372020634456,-0.00067,0.00046,0.0
29,0.5605671021371401,-0.00064,0.00053,0.0
30,0.5798970022108345,-0.00061,0.00058,0.0
31,0.599226902284529,-0.00057,0.00064,0.0
32,0.6185568023582235,-0.00056,0.00068,0.0
33,0.637886702431918,-0.00055,0.00071,0.0
34,0.6572166025056125,-0.00053,0.00072,0.0
35,0.6765465025793069,-0.00051,0.00073,0.0
36,0.6958764026530014,-0.0005,0.00078,0.0
37,0.7152063027266959,-0.00049,0.00085,0.0
38,0.7345362028003904,-0.00049,0.00088,0.0
39,0.753866102874085,-0.00041,0.00095,0.0
40,0.7731960029477793,-0.00035,0.00093,0.0
41,0.7925259030214739,-0.00027,0.00089,0.0
42,0.8118558030951684,-0.00017,0.00076,0.0
43,0.8311857031688629,-0.00024,0.00066,0.0
44,0.8505156032425574,-0.00033,0.00058,0.0
45,0.8698455033162519,-0.00035,0.00048,0.0
46,0.8891754033899463,-0.00033,0.00043,0.0
47,0.9085053034636408,-0.00031,0.00035,0.0
48,0.9278352035373353,-0.00032,0.00025,0.0
49,0.9471651036110298,-0.00033,0.00023,0.0
50,0.9664950036847243,-0.00033,0.00022,0.0
51,0.9858249037584187,-0.00034,0.00019,0.0
52,1.0051548038321132,-0.00033,0.00019,0.0
53,1.0244847039058078,-0.00031,0.0002,0.0
54,1.0438146039795022,-0.00029,0.00019,0.0
55,1.0631445040531966,-0.00027,0.00017,0.0
56,1.0824744041268912,-0.00026,0.00015,0.0
57,1.1018043042005856,-0.00027,0.00018,0.0
58,1.1211342042742802,-0.00027,0.00017,0.0
59,1.1404641043479746,-0.00027,0.00017,0.0
60,1.159794004421669,-0.00028,0.00015,0.0
61,1.1791239044953636,-0.0003,0.00016,0.0
62,1.198453804569058,-0.00031,0.00016,0.0
63,1.2177837046427527,-0.00031,0.00016,0.0
64,1.237113604716447,-0.00031,0.00015,0.0
65,1.2564435047901414,-0.00031,0.00015,0.0
66,1.275773404863836,-0.00031,0.00014,0.0
67,1.2951033049375305,-0.0003,0.00014,0.0
68,1.314433205011225,-0.00029,0.00011,0.0
69,1.3337631050849195,-0.00027,9e-05,0.0
70,1.3530930051586139,-0.00026,9e-05,0.0
71,1.3724229052323085,-0.00025,9e-05,0.0
72,1.3917528053060029,-0.00026,0.00011,0.0
73,1.4110827053796975,-0.00027,0.00011,0.0
74,1.4304126054533919,-0.00028,0.00013,0.0
75,1.4497425055270863,-0.00029,0.00012,0.0
76,1.469072405600781,-0.00029,0.00012,0.0
77,1.4884023056744753,-0.00028,9e-05,0.0
78,1.50773220574817,-0.00029,8e-05,0.0
79,1.5270621058218643,-0.00028,8e-05,0.0
80,1.5463920058955587,-0.00028,4e-05,0.0
81,1.5657219059692533,-0.00027,3e-05,0.0
82,1.5850518060429477,-0.00026,5e-05,0.0
83,1.6043817061166423,-0.00026,5e-05,0.0
84,1.6237116061903367,-0.00026,6e-05,0.0
85,1.6430415062640313,-0.00027,7e-05,0.0
86,1.6623714063377257,-0.00027,7e-05,0.0
87,1.6817013064114201,-0.00031,0.0001,0.0
88,1.7010312064851147,-0.00032,0.0001,0.0
89,1.7203611065588091,-0.00032,0.00013,0.0
90,1.7396910066325038,-0.00031,0.00014,0.0
91,1.7590209067061982,-0.0003,0.00015,0.0
92,1.7783508067798925,-0.00029,0.00015,0.0
93,1.7976807068535872,-0.00028,0.00015,0.0
94,1.8170106069272816,-0.00027,0.00015,0.0
95,1.8363405070009762,-0.00027,0.00014,0.0
96,1.8556704070746706,-0.00027,0.00015,0.0
97,1.875000307148365,-0.00029,0.00014,0.0
98,1.8943302072220596,-0.00029,0.00013,0.0
99,1.913660107295754,-0.0003,0.00013,0.0
100,1.9329900073694486,-0.0003,0.0001,0.0
101,1.952319907443143,-0.0003,9e-05,0.0
102,1.9716498075168374,-0.0003,8e-05,0.0
103,1.990979707590532,-0.0003,7e-05,0.0
104,2.0103096076642264,-0.0003,8e-05,0.0
105,2.029639507737921,-0.0003,8e-05,0.0
106,2.0489694078116156,-0.0003,9e-05,0.0
107,2.06829930788531,-0.00029,7e-05,0.0
108,2.0876292079590044,-0.00029,8e-05,0.0
109,2.106959108032699,-0.00029,9e-05,0.0
110,2.126289008106393,-0.00029,9e-05,0.0
111,2.145618908180088,-0.0003,8e-05,0.0
112,2.1649488082537824,-0.00031,0.0001,0.0
113,2.1842787083274766,-0.00032,9e-05,0.0
114,2.2036086084011712,-0.00033,9e-05,0.0
115,2.222938508474866,-0.00034,0.00014,0.0
116,2.2422684085485605,-0.00033,0.00016,0.0
117,2.2615983086222546,-0.00034,0.00012,0.0
118,2.2809282086959493,-0.00034,0.00016,0.0
119,2.300258108769644,-0.00037,0.00023,0.0
120,2.319588008843338,-0.00025,0.00022,0.0
121,2.3389179089170327,0.00036,0.00012,0.0
122,2.3582478089907273,0.00175,-0.00015,0.0
123,2.3775777090644215,0.00451,-0.00053,0.0
124,2.396907609138116,0.00915,-0.00082,0.0
125,2.4162375092118107,0.01565,-0.00176,0.0
126,2.4355674092855053,0.02336,-0.00147,0.0
127,2.4548973093591995,0.03212,-0.00129,0.0
128,2.474227209432894,0.04124,-0.00198,0.0
129,2.4935571095065887,0.05049,-0.0025,0.0
130,2.512887009580283,0.05999,-0.0025,0.0
131,2.5322169096539775,0.06953,-0.00299,0.0
132,2.551546809727672,0.07907,-0.00342,0.0
133,2.5708767098013667,0.08894,-0.00375,0.0
134,2.590206609875061,0.09905,-0.00449,0.0
135,2.6095365099487555,0.10987,-0.00499,0.0
136,2.62886641002245,0.1215,-0.0057,0.0
137,2.6481963100961443,0.13414,-0.00608,0.0
138,2.667526210169839,0.14777,-0.00663,0.0
139,2.6868561102435335,0.16266,-0.00707,0.0
140,2.7061860103172277,0.17866,-0.00768,0.0
141,2.7255159103909223,0.19537,-0.00814,0.0
142,2.744845810464617,0.21297,-0.009,0.0
143,2.7641757105383116,0.23063,-0.00961,0.0
144,2.7835056106120057,0.24924,-0.01063,0.0
145,2.8028355106857004,0.26794,-0.01172,0.0
146,2.822165410759395,0.28687,-0.01247,0.0
147,2.841495310833089,0.30664,-0.01373,0.0
148,2.8608252109067838,0.32643,-0.01471,0.0
149,2.8801551109804784,0.34628,-0.01507,0.0
150,2.8994850110541726,0.3668,-0.01526,0.0
151,2.918814911127867,0.3884,-0.01593,0.0
152,2.938144811201562,0.41133,-0.01654,0.0
153,2.9574747112752564,0.43529,-0.01785,0.0
154,2.9768046113489506,0.4597,-0.01859,0.0
155,2.996134511422645,0.48509,-0.02001,0.0
156,3.01546441149634,0.53707,-0.02324,0.0
157,3.034794311570034,0.56298,-0.02401,0.0
158,3.0541242116437286,0.58989,-0.02516,0.0
159,3.073454111717423,0.61678,-0.02665,0.0
160,3.0927840117911174,0.64363,-0.02683,0.0
161,3.112113911864812,0.67101,-0.02752,0.0
162,3.1314438119385066,0.69743,-0.02877,0.0
163,3.1507737120122012,0.72227,-0.02886,0.0
164,3.1701036120858954,0.74572,-0.028,0.0
165,3.18943351215959,0.76738,-0.02682,0.0
166,3.2087634122332847,0.787,-0.02624,0.0
167,3.228093312306979,0.8048,-0.02631,0.0
168,3.2474232123806734,0.82155,-0.02769,0.0
169,3.266753112454368,0.83752,-0.0292,0.0
170,3.2860830125280627,0.85276,-0.03058,0.0
171,3.305412912601757,0.86807,-0.03176,0.0
172,3.3247428126754515,0.88336,-0.03306,0.0
173,3.344072712749146,0.89879,-0.034,0.0
174,3.3634026128228403,0.91415,-0.03451,0.0
175,3.382732512896535,0.92954,-0.03491,0.0
176,3.4020624129702295,0.94472,-0.0354,0.0
177,3.4213923130439237,0.9596,-0.03585,0.0
178,3.4407222131176183,0.97382,-0.03652,0.0
179,3.460052113191313,0.98727,-0.03723,0.0
180,3.4793820132650075,0.99975,-0.0375,0.0
181,3.4987119133387017,1.01132,-0.03822,0.0
182,3.5180418134123963,1.02188,-0.03837,0.0
183,3.537371713486091,1.03182,-0.03879,0.0
184,3.556701613559785,1.0414,-0.03895,0.0
185,3.5760315136334797,1.05057,-0.03942,0.0
186,3.5953614137071743,1.05976,-0.03991,0.0
187,3.6146913137808685,1.06897,-0.04039,0.0
188,3.634021213854563,1.07834,-0.0407,0.0
189,3.6533511139282577,1.08784,-0.04099,0.0
190,3.6726810140019523,1.09715,-0.04128,0.0
191,3.6920109140756465,1.10619,-0.04158,0.0
192,3.711340814149341,1.11469,-0.0418,0.0
193,3.7306707142230358,1.12228,-0.04217,0.0
194,3.75000061429673,1.12911,-0.04257,0.0
195,3.7693305143704245,1.13512,-0.04269,0.0
196,3.788660414444119,1.14022,-0.04282,0.0
197,3.807990314517814,1.14478,-0.04311,0.0
198,3.827320214591508,1.14928,-0.04316,0.0
199,3.8466501146652026,1.15395,-0.04326,0.0
200,3.865980014738897,1.15849,-0.04385,0.0
201,3.8853099148125914,1.1631,-0.04396,0.0
202,3.904639814886286,1.16781,-0.044,0.0
203,3.9239697149599806,1.17254,-0.04387,0.0
204,3.9432996150336748,1.17708,-0.04405,0.0
205,3.9626295151073694,1.18128,-0.04445,0.0
206,3.981959415181064,1.18492,-0.04455,0.0
207,4.001289315254758,1.18811,-0.04457,0.0
208,4.020619215328453,1.19087,-0.04456,0.0
209,4.039949115402147,1.19335,-0.04446,0.0
210,4.059279015475842,1.19562,-0.04446,0.0
211,4.078608915549537,1.19759,-0.04476,0.0
212,4.097938815623231,1.19952,-0.04512,0.0
213,4.117268715696925,1.20386,-0.04526,0.0
214,4.13659861577062,1.20386,-0.04526,0.0
215,4.155928515844314,1.20831,-0.04549,0.0
216,4.175258415918009,1.21064,-0.04551,0.0
217,4.1945883159917035,1.21291,-0.04541,0.0
218,4.213918216065398,1.21516,-0.04523,0.0
219,4.233248116139092,1.21728,-0.04515,0.0
220,4.252578016212786,1.21927,-0.04525,0.0
221,4.271907916286481,1.22116,-0.04551,0.0
222,4.291237816360176,1.22311,-0.04584,0.0
223,4.31056771643387,1.22503,-0.04616,0.0
224,4.329897616507565,1.22693,-0.04623,0.0
225,4.3492275165812595,1.22872,-0.04626,0.0
226,4.368557416654953,1.23034,-0.04635,0.0
227,4.387887316728648,1.23185,-0.04642,0.0
228,4.4072172168023425,1.23337,-0.04658,0.0
229,4.426547116876037,1.23481,-0.04662,0.0
230,4.445877016949732,1.23609,-0.04648,0.0
231,4.465206917023426,1.23725,-0.04626,0.0
232,4.484536817097121,1.23838,-0.04615,0.0
233,4.503866717170815,1.23948,-0.04614,0.0
234,4.523196617244509,1.24048,-0.04619,0.0
235,4.542526517318204,1.24142,-0.04632,0.0
236,4.5618564173918985,1.24234,-0.04653,0.0
237,4.581186317465593,1.24332,-0.04674,0.0
238,4.600516217539288,1.24428,-0.04695,0.0
239,4.619846117612982,1.24531,-0.04704,0.0
240,4.639176017686676,1.24637,-0.04707,0.0
241,4.658505917760371,1.24731,-0.04711,0.0
242,4.677835817834065,1.24818,-0.0471,0.0
243,4.69716571790776,1.24901,-0.04711,0.0
244,4.716495617981455,1.2498,-0.04711,0.0
245,4.735825518055149,1.25056,-0.04711,0.0
246,4.755155418128843,1.25118,-0.04717,0.0
247,4.7744853182025375,1.25175,-0.04728,0.0
248,4.793815218276232,1.25224,-0.04736,0.0
249,4.813145118349927,1.2525,-0.04752,0.0
250,4.832475018423621,1.25285,-0.04774,0.0
251,4.851804918497316,1.25287,-0.04787,0.0
252,4.871134818571011,1.25274,-0.04793,0.0
253,4.890464718644704,1.25257,-0.04802,0.0
254,4.909794618718399,1.25234,-0.04812,0.0
255,4.929124518792094,1.25212,-0.04801,0.0
256,4.948454418865788,1.25194,-0.04799,0.0
257,4.967784318939483,1.25169,-0.04801,0.0
258,4.987114219013177,1.25145,-0.0481,0.0
259,5.006444119086872,1.2512,-0.04809,0.0
260,5.025774019160566,1.25096,-0.04815,0.0
261,5.04510391923426,1.25069,-0.04822,0.0
262,5.064433819307955,1.25048,-0.04832,0.0
263,5.08376371938165,1.25033,-0.04833,0.0
264,5.103093619455344,1.25022,-0.04841,0.0
265,5.122423519529039,1.25009,-0.04848,0.0
266,5.1417534196027335,1.24997,-0.04851,0.0
267,5.161083319676427,1.2498,-0.04845,0.0
268,5.180413219750122,1.24872,-0.04678,0.0
269,5.199743119823816,1.24771,-0.04444,0.0
270,5.219073019897511,1.24771,-0.04444,0.0
271,5.238402919971206,1.24564,-0.03366,0.0
272,5.2577328200449,1.24534,-0.02521,0.0
273,5.277062720118594,1.24519,-0.01584,0.0
274,5.296392620192289,1.24539,-0.00626,0.0
275,5.315722520265983,1.24539,-0.00626,0.0
276,5.335052420339678,1.24515,0.01263,0.0
277,5.3543823204133725,1.24497,0.02191,0.0
278,5.373712220487067,1.24491,0.03156,0.0
279,5.393042120560762,1.24558,0.04176,0.0
280,5.412372020634455,1.24586,0.05252,0.0
281,5.43170192070815,1.24688,0.06428,0.0
282,5.451031820781845,1.24757,0.07657,0.0
283,5.470361720855539,1.24758,0.09008,0.0
284,5.489691620929234,1.2476,0.10447,0.0
285,5.5090215210029285,1.24789,0.11934,0.0
286,5.528351421076623,1.24784,0.13517,0.0
287,5.547681321150317,1.24772,0.15137,0.0
288,5.5670112212240115,1.24762,0.16836,0.0
289,5.586341121297706,1.2479,0.18573,0.0
290,5.605671021371401,1.24875,0.20439,0.0
291,5.625000921445095,1.24946,0.22274,0.0
292,5.64433082151879,1.25008,0.24186,0.0
293,5.663660721592485,1.25096,0.26225,0.0
294,5.682990621666178,1.25229,0.28381,0.0
295,5.702320521739873,1.25399,0.30596,0.0
296,5.7216504218135675,1.25521,0.32804,0.0
297,5.740980321887262,1.25644,0.35051,0.0
298,5.760310221960957,1.25716,0.37354,0.0
299,5.779640122034651,1.25808,0.39788,0.0
300,5.798970022108345,1.25929,0.42338,0.0
301,5.81829992218204,1.26057,0.44933,0.0
302,5.837629822255734,1.26137,0.4754,0.0
303,5.856959722329429,1.26165,0.50176,0.0
304,5.876289622403124,1.2628,0.52884,0.0
305,5.895619522476818,1.26481,0.5565,0.0
306,5.914949422550513,1.26581,0.58442,0.0
307,5.9342793226242065,1.26802,0.61285,0.0
308,5.953609222697901,1.26925,0.64054,0.0
309,5.972939122771596,1.27136,0.6677,0.0
310,5.99226902284529,1.2733,0.69341,0.0
311,6.011598922918985,1.27471,0.71753,0.0
312,6.03092882299268,1.27633,0.73963,0.0
313,6.050258723066374,1.27796,0.75942,0.0
314,6.069588623140068,1.27893,0.77667,0.0
315,6.088918523213763,1.27987,0.79314,0.0
316,6.108248423287457,1.27991,0.80891,0.0
317,6.127578323361152,1.28046,0.82434,0.0
318,6.146908223434846,1.2805,0.84028,0.0
319,6.166238123508541,1.28095,0.85638,0.0
320,6.185568023582235,1.28143,0.87208,0.0
321,6.204897923655929,1.28183,0.88801,0.0
322,6.224227823729624,1.28245,0.90343,0.0
323,6.243557723803319,1.28343,0.91832,0.0
324,6.262887623877013,1.28403,0.93241,0.0
325,6.282217523950708,1.28429,0.94532,0.0
326,6.3015474240244025,1.28488,0.95764,0.0
327,6.320877324098096,1.28487,0.9691,0.0
328,6.340207224171791,1.28491,0.98014,0.0
329,6.3595371242454855,1.28437,0.99057,0.0
330,6.37886702431918,1.28421,1.00101,0.0
331,6.398196924392875,1.28402,1.0113,0.0
332,6.417526824466569,1.28398,1.02164,0.0
333,6.436856724540264,1.28414,1.03195,0.0
334,6.456186624613958,1.28472,1.04249,0.0
335,6.475516524687652,1.28612,1.06186,0.0
336,6.494846424761347,1.28652,1.07059,0.0
337,6.5141763248350415,1.28687,1.07857,0.0
338,6.533506224908736,1.28712,1.08587,0.0
339,6.552836124982431,1.28735,1.09283,0.0
340,6.572166025056125,1.28715,1.09893,0.0
341,6.591495925129819,1.28722,1.10508,0.0
342,6.610825825203514,1.28707,1.11139,0.0
343,6.630155725277208,1.28689,1.11689,0.0
344,6.649485625350903,1.28671,1.12197,0.0
345,6.6688155254245975,1.28706,1.12738,0.0
346,6.688145425498292,1.28734,1.13289,0.0
347,6.707475325571986,1.28781,1.13755,0.0
348,6.7268052256456805,1.28795,1.14193,0.0
349,6.746135125719375,1.28849,1.14644,0.0
350,6.76546502579307,1.28907,1.15086,0.0
351,6.784794925866764,1.28957,1.15518,0.0
352,6.804124825940459,1.28991,1.15884,0.0
353,6.823454726014154,1.28984,1.16183,0.0
354,6.842784626087847,1.28964,1.16455,0.0
355,6.862114526161542,1.28947,1.16729,0.0
356,6.8814444262352366,1.28937,1.17,0.0
357,6.900774326308931,1.28922,1.17586,0.0
358,6.920104226382626,1.28933,1.17897,0.0
359,6.93943412645632,1.28927,1.18169,0.0
360,6.958764026530015,1.28891,1.18401,0.0
361,6.978093926603709,1.28857,1.18604,0.0
362,6.997423826677403,1.28826,1.18777,0.0
363,7.016753726751098,1.28806,1.18941,0.0
364,7.036083626824793,1.28792,1.19097,0.0
365,7.055413526898487,1.28798,1.19224,0.0
366,7.074743426972182,1.28826,1.19327,0.0
367,7.0940733270458765,1.28857,1.19405,0.0
368,7.11340322711957,1.28891,1.19447,0.0
369,7.132733127193265,1.28937,1.19454,0.0
370,7.152063027266959,1.28986,1.19436,0.0
371,7.171392927340654,1.29038,1.19408,0.0
372,7.190722827414349,1.29101,1.19401,0.0
373,7.210052727488043,1.29161,1.19396,0.0
374,7.229382627561737,1.29215,1.1939,0.0
375,7.248712527635432,1.29269,1.19383,0.0
376,7.268042427709126,1.29337,1.19376,0.0
377,7.287372327782821,1.29418,1.1938,0.0
378,7.3067022278565155,1.29498,1.19381,0.0
379,7.32603212793021,1.29552,1.19358,0.0
380,7.345362028003905,1.29611,1.19347,0.0
381,7.364691928077598,1.29686,1.19333,0.0
382,7.384021828151293,1.29766,1.19325,0.0
383,7.403351728224988,1.29852,1.19316,0.0
384,7.422681628298682,1.29938,1.1931,0.0
385,7.442011528372377,1.30017,1.19307,0.0
386,7.4613414284460715,1.3008,1.19301,0.0
387,7.480671328519766,1.30133,1.19304,0.0
388,7.50000122859346,1.30186,1.19303,0.0
389,7.5193311286671545,1.30239,1.19301,0.0
390,7.538661028740849,1.30275,1.19308,0.0
391,7.557990928814544,1.30303,1.19321,0.0
392,7.577320828888238,1.30319,1.19335,0.0
393,7.596650728961933,1.30326,1.19348,0.0
394,7.615980629035628,1.30312,1.19363,0.0
395,7.635310529109321,1.30287,1.19373,0.0
396,7.654640429183016,1.30177,1.19401,0.0
397,7.6739703292567105,1.30117,1.19407,0.0
398,7.693300229330405,1.30065,1.19406,0.0
399,7.7126301294041,1.30065,1.19406,0.0
400,7.731960029477794,1.29989,1.19401,0.0
401,7.751289929551488,1.29957,1.19403,0.0
402,7.770619829625183,1.29906,1.19397,0.0
403,7.789949729698877,1.29885,1.19387,0.0
404,7.809279629772572,1.29866,1.19376,0.0
405,7.828609529846267,1.29856,1.19362,0.0
406,7.847939429919961,1.29848,1.19351,0.0
407,7.867269329993656,1.29841,1.19348,0.0
408,7.8865992300673495,1.29831,1.19342,0.0
409,7.905929130141044,1.29831,1.19342,0.0
410,7.925259030214739,1.2979,1.19374,0.0
411,7.944588930288433,1.29695,1.19429,0.0
412,7.963918830362128,1.2948,1.19518,0.0
413,7.983248730435823,1.29107,1.19647,0.0
414,8.002578630509516,1.28562,1.19836,0.0
415,8.021908530583211,1.27882,1.20059,0.0
416,8.041238430656906,1.27098,1.20198,0.0
417,8.0605683307306,1.26217,1.20326,0.0
418,8.079898230804295,1.25288,1.20424,0.0
419,8.09922813087799,1.2433,1.20468,0.0
420,8.118558030951684,1.2336,1.20522,0.0
421,8.137887931025379,1.22383,1.20578,0.0
422,8.157217831099073,1.21394,1.20653,0.0
423,8.176547731172768,1.20365,1.20686,0.0
424,8.195877631246463,1.19324,1.20741,0.0
425,8.215207531320155,1.18202,1.20808,0.0
426,8.23453743139385,1.17006,1.2086,0.0
427,8.253867331467545,1.15702,1.20913,0.0
428,8.27319723154124,1.14261,1.20989,0.0
429,8.292527131614934,1.12749,1.21053,0.0
430,8.311857031688628,1.11151,1.21097,0.0
431,8.331186931762323,1.0945,1.21187,0.0
432,8.350516831836018,1.07718,1.21256,0.0
433,8.369846731909712,1.05899,1.21289,0.0
434,8.389176631983407,1.04046,1.21331,0.0
435,8.408506532057102,1.02144,1.21374,0.0
436,8.427836432130796,1.00183,1.21452,0.0
437,8.44716633220449,0.98165,1.21511,0.0
438,8.466496232278184,0.96092,1.21529,0.0
439,8.485826132351878,0.96092,1.21529,0.0
440,8.505156032425573,0.91772,1.21673,0.0
441,8.524485932499267,0.89557,1.21812,0.0
442,8.543815832572962,0.8724,1.21839,0.0
443,8.563145732646657,0.84818,1.21813,0.0
444,8.582475632720351,0.82299,1.21743,0.0
445,8.601805532794046,0.79739,1.21765,0.0
446,8.62113543286774,0.77094,1.21851,0.0
447,8.640465332941435,0.7438,1.21817,0.0
448,8.65979523301513,0.71672,1.21841,0.0
449,8.679125133088824,0.68887,1.21865,0.0
450,8.698455033162519,0.66163,1.2195,0.0
451,8.717784933236214,0.63444,1.22019,0.0
452,8.737114833309906,0.60706,1.2206,0.0
453,8.756444733383601,0.581,1.22103,0.0
454,8.775774633457296,0.55628,1.22084,0.0
455,8.79510453353099,0.53299,1.22074,0.0
456,8.814434433604685,0.5116,1.22053,0.0
457,8.83376433367838,0.49203,1.21951,0.0
458,8.853094233752074,0.47336,1.21922,0.0
459,8.872424133825769,0.45581,1.21998,0.0
460,8.891754033899463,0.43877,1.22095,0.0
461,8.911083933973158,0.42233,1.22182,0.0
462,8.930413834046853,0.40594,1.2227,0.0
463,8.949743734120547,0.38947,1.22348,0.0
464,8.969073634194242,0.37299,1.22451,0.0
465,8.988403534267935,0.35661,1.22499,0.0
466,9.00773343434163,0.34028,1.22553,0.0
467,9.027063334415324,0.32442,1.22558,0.0
468,9.046393234489019,0.30939,1.22585,0.0
469,9.065723134562713,0.29503,1.226,0.0
470,9.085053034636408,0.28183,1.22576,0.0
471,9.104382934710102,0.26986,1.2259,0.0
472,9.123712834783797,0.25864,1.2261,0.0
473,9.143042734857492,0.24814,1.22624,0.0
474,9.162372634931186,0.23795,1.22618,0.0
475,9.18170253500488,0.228,1.22637,0.0
476,9.201032435078575,0.21792,1.22631,0.0
477,9.22036233515227,0.20767,1.22618,0.0
478,9.239692235225965,0.1974,1.22655,0.0
479,9.259022135299658,0.18702,1.22666,0.0
480,9.278352035373352,0.17682,1.22674,0.0
481,9.297681935447047,0.16716,1.22699,0.0
482,9.317011835520741,0.15826,1.22703,0.0
483,9.336341735594436,0.1434,1.22704,0.0
484,9.35567163566813,0.13733,1.22726,0.0
485,9.375001535741825,0.13225,1.22766,0.0
486,9.39433143581552,0.12783,1.22782,0.0
487,9.413661335889214,0.12385,1.2277,0.0
488,9.43299123596291,0.12036,1.22794,0.0
489,9.452321136036604,0.11691,1.22816,0.0
490,9.471651036110298,0.113,1.22831,0.0
491,9.490980936183993,0.10859,1.22921,0.0
492,9.510310836257686,0.10375,1.22982,0.0
493,9.52964073633138,0.09847,1.23017,0.0
494,9.548970636405075,0.09269,1.23034,0.0
495,9.56830053647877,0.08674,1.2306,0.0
496,9.587630436552464,0.08101,1.23073,0.0
497,9.606960336626159,0.07588,1.23053,0.0
498,9.626290236699854,0.0718,1.23037,0.0
499,9.645620136773548,0.06879,1.23004,0.0
500,9.664950036847243,0.06668,1.22983,0.0
501,9.684279936920937,0.06519,1.22971,0.0
502,9.703609836994632,0.06379,1.22992,0.0
503,9.722939737068327,0.06234,1.23022,0.0
504,9.742269637142021,0.06094,1.23034,0.0
505,9.761599537215716,0.05949,1.23036,0.0
506,9.780929437289409,0.05822,1.23029,0.0
507,9.800259337363103,0.05704,1.23021,0.0
508,9.819589237436798,0.05592,1.23019,0.0
509,9.838919137510493,0.05491,1.23025,0.0
510,9.858249037584187,0.05403,1.23023,0.0
511,9.877578937657882,0.0526,1.23018,0.0
512,9.896908837731576,0.05203,1.23015,0.0
513,9.916238737805271,0.05154,1.23007,0.0
514,9.935568637878966,0.05108,1.23002,0.0
515,9.95489853795266,0.05061,1.23004,0.0
516,9.974228438026355,0.04988,1.2301,0.0
517,9.99355833810005,0.04962,1.23009,0.0
518,10.012888238173744,0.04941,1.23002,0.0
519,10.032218138247437,0.04938,1.22993,0.0
520,10.051548038321132,0.04949,1.22994,0.0
521,10.070877938394826,0.04965,1.22998,0.0
522,10.09020783846852,0.04985,1.22997,0.0
523,10.109537738542215,0.05006,1.22991,0.0
524,10.12886763861591,0.05032,1.22986,0.0
525,10.148197538689605,0.05058,1.22977,0.0
526,10.1675274387633,0.05086,1.22969,0.0
527,10.186857338836994,0.05115,1.22971,0.0
528,10.206187238910688,0.05143,1.22968,0.0
529,10.225517138984383,0.05178,1.22969,0.0
530,10.244847039058078,0.05211,1.22972,0.0
531,10.264176939131772,0.05245,1.22966,0.0
532,10.283506839205467,0.05276,1.22964,0.0
533,10.30283673927916,0.05314,1.22966,0.0
534,10.322166639352854,0.05352,1.22969,0.0
535,10.341496539426549,0.05383,1.22968,0.0
536,10.360826439500244,0.05404,1.22972,0.0
537,10.380156339573938,0.0542,1.22977,0.0
538,10.399486239647633,0.05433,1.22981,0.0
539,10.418816139721327,0.05443,1.22984,0.0
540,10.438146039795022,0.05451,1.22989,0.0
541,10.457475939868717,0.05458,1.22995,0.0
542,10.476805839942411,0.05461,1.23,0.0
543,10.496135740016106,0.05464,1.23004,0.0
544,10.5154656400898,0.05463,1.2301,0.0
545,10.534795540163495,0.05462,1.23015,0.0
546,10.554125440237188,0.05459,1.23022,0.0
547,10.573455340310883,0.05455,1.23026,0.0
548,10.592785240384577,0.05462,1.23034,0.0
549,10.612115140458272,0.05503,1.23045,0.0
550,10.631445040531966,0.05547,1.23066,0.0
551,10.650774940605661,0.05595,1.23083,0.0
552,10.670104840679356,0.05627,1.23089,0.0
553,10.68943474075305,0.05628,1.23055,0.0
554,10.708764640826745,0.056,1.22985,0.0
555,10.72809454090044,0.05559,1.22821,0.0
556,10.747424440974134,0.05497,1.2246,0.0
557,10.766754341047829,0.05472,1.21878,0.0
558,10.786084241121523,0.05482,1.21182,0.0
559,10.805414141195218,0.0553,1.20266,0.0
560,10.82474404126891,0.05516,1.19313,0.0
561,10.844073941342605,0.05479,1.1832,0.0
562,10.8634038414163,0.055,1.16406,0.0
563,10.882733741489995,0.05557,1.15466,0.0
564,10.90206364156369,0.05633,1.14508,0.0
565,10.921393541637384,0.05727,1.13525,0.0
566,10.940723441711079,0.05791,1.12477,0.0
567,10.960053341784773,0.05802,1.113,0.0
568,10.979383241858468,0.05829,1.10032,0.0
569,10.998713141932162,0.05712,1.0861,0.0
570,11.018043042005857,0.05637,1.071,0.0
571,11.037372942079552,0.05566,1.05495,0.0
572,11.056702842153246,0.05508,1.03843,0.0
573,11.07603274222694,0.0543,1.02141,0.0
574,11.095362642300634,0.05372,1.00381,0.0
575,11.114692542374328,0.05358,0.9861,0.0
576,11.134022442448023,0.05323,0.96743,0.0
577,11.153352342521718,0.0533,0.94746,0.0
578,11.172682242595412,0.05439,0.92708,0.0
579,11.192012142669107,0.05574,0.90641,0.0
580,11.211342042742801,0.05646,0.88435,0.0
581,11.230671942816496,0.05655,0.8619,0.0
582,11.25000184289019,0.05643,0.83969,0.0
583,11.269331742963885,0.05527,0.81705,0.0
584,11.28866164303758,0.05389,0.79302,0.0
585,11.307991543111275,0.05263,0.76752,0.0
586,11.32732144318497,0.05103,0.74194,0.0
587,11.346651343258662,0.05108,0.71543,0.0
588,11.365981243332357,0.05057,0.68826,0.0
589,11.385311143406051,0.04931,0.66148,0.0
590,11.404641043479746,0.04772,0.60679,0.0
591,11.42397094355344,0.0466,0.57917,0.0
592,11.443300843627135,0.04654,0.55145,0.0
593,11.46263074370083,0.04538,0.52486,0.0
594,11.481960643774524,0.0434,0.49927,0.0
595,11.501290543848219,0.04125,0.47519,0.0
596,11.520620443921914,0.03942,0.45324,0.0
597,11.539950343995608,0.0381,0.43342,0.0
598,11.559280244069303,0.03785,0.41572,0.0
599,11.578610144142997,0.03785,0.39951,0.0
600,11.59794004421669,0.03801,0.3838,0.0
601,11.617269944290385,0.03831,0.36821,0.0
602,11.63659984436408,0.03822,0.35261,0.0
603,11.655929744437774,0.03802,0.33652,0.0
604,11.675259644511469,0.03774,0.3203,0.0
605,11.694589544585163,0.03708,0.30396,0.0
606,11.713919444658858,0.03626,0.28803,0.0
607,11.733249344732553,0.03572,0.27269,0.0
608,11.752579244806247,0.03498,0.2583,0.0
609,11.771909144879942,0.03414,0.24478,0.0
610,11.791239044953636,0.03374,0.23233,0.0
611,11.810568945027331,0.03337,0.22063,0.0
612,11.829898845101026,0.03311,0.20968,0.0
613,11.84922874517472,0.03249,0.19907,0.0
614,11.868558645248413,0.03199,0.1884,0.0
615,11.887888545322108,0.03177,0.17765,0.0
616,11.907218445395802,0.03157,0.1669,0.0
617,11.926548345469497,0.03131,0.15604,0.0
618,11.945878245543192,0.0309,0.14548,0.0
619,11.965208145616886,0.0306,0.13532,0.0
620,11.98453804569058,0.03039,0.12601,0.0
621,12.003867945764275,0.02999,0.11726,0.0
622,12.02319784583797,0.02974,0.10923,0.0
623,12.042527745911665,0.02968,0.102,0.0
624,12.06185764598536,0.02956,0.09537,0.0
625,12.081187546059054,0.0297,0.08894,0.0
626,12.100517446132748,0.0297,0.08273,0.0
627,12.119847346206441,0.02957,0.07671,0.0
628,12.139177246280136,0.02927,0.07063,0.0
629,12.15850714635383,0.02945,0.06489,0.0
630,12.177837046427525,0.0292,0.05933,0.0
631,12.19716694650122,0.02898,0.05386,0.0
632,12.216496846574914,0.02868,0.04906,0.0
633,12.235826746648609,0.02853,0.04113,0.0
634,12.255156646722304,0.02847,0.03732,0.0
635,12.274486546795998,0.0287,0.03333,0.0
636,12.293816446869693,0.02886,0.02946,0.0
637,12.313146346943387,0.02912,0.02578,0.0
638,12.332476247017082,0.02948,0.02205,0.0
639,12.351806147090777,0.02967,0.01852,0.0
640,12.37113604716447,0.02986,0.01511,0.0
641,12.390465947238164,0.02991,0.01187,0.0
642,12.409795847311859,0.02975,0.0089,0.0
643,12.429125747385553,0.0295,0.00639,0.0
644,12.448455647459248,0.02924,0.00418,0.0
645,12.467785547532943,0.02909,0.00231,0.0
646,12.487115447606637,0.02895,0.00081,0.0
647,12.506445347680332,0.02865,-0.0006,0.0
648,12.525775247754027,0.02829,-0.00203,0.0
649,12.545105147827721,0.02784,-0.00333,0.0
650,12.564435047901416,0.02741,-0.00437,0.0
651,12.58376494797511,0.02714,-0.0051,0.0
652,12.603094848048805,0.02697,-0.00559,0.0
653,12.6224247481225,0.02686,-0.00589,0.0
654,12.641754648196192,0.02673,-0.00589,0.0
655,12.661084548269887,0.02665,-0.00566,0.0
656,12.680414448343582,0.02663,-0.00541,0.0
657,12.699744348417276,0.02671,-0.00529,0.0
658,12.719074248490971,0.02686,-0.00527,0.0
659,12.738404148564666,0.02691,-0.00527,0.0
660,12.75773404863836,0.02709,-0.00536,0.0
661,12.777063948712055,0.02735,-0.00538,0.0
662,12.79639384878575,0.02756,-0.00546,0.0
663,12.815723748859444,0.02779,-0.00548,0.0
664,12.835053648933139,0.02799,-0.00553,0.0
665,12.854383549006833,0.02825,-0.00552,0.0
666,12.873713449080528,0.02857,-0.00554,0.0
667,12.89304334915422,0.02895,-0.00556,0.0
668,12.912373249227915,0.02929,-0.00559,0.0
669,12.93170314930161,0.02967,-0.00561,0.0
670,12.951033049375305,0.0301,-0.0056,0.0
671,12.970362949449,0.03055,-0.00559,0.0
672,12.989692849522694,0.03103,-0.00564,0.0
673,13.009022749596388,0.0314,-0.00569,0.0
674,13.028352649670083,0.03168,-0.0059,0.0
675,13.047682549743778,0.03206,-0.00607,0.0
676,13.067012449817472,0.03244,-0.00621,0.0
677,13.086342349891167,0.03284,-0.00636,0.0
678,13.105672249964861,0.0332,-0.0065,0.0
679,13.125002150038556,0.03344,-0.00661,0.0
680,13.14433205011225,0.0336,-0.0067,0.0
681,13.163661950185944,0.03375,-0.00686,0.0
682,13.182991850259638,0.03381,-0.00691,0.0
683,13.202321750333333,0.03384,-0.00694,0.0
684,13.221651650407027,0.03387,-0.00704,0.0
685,13.240981550480722,0.03387,-0.0071,0.0
686,13.260311450554417,0.0338,-0.00715,0.0
687,13.279641350628111,0.03371,-0.00722,0.0
688,13.298971250701806,0.03361,-0.00727,0.0
689,13.3183011507755,0.03356,-0.0073,0.0
690,13.337631050849195,0.0335,-0.00732,0.0
691,13.35696095092289,0.03344,-0.0072,0.0
692,13.376290850996584,0.03356,-0.00734,0.0
693,13.395620751070279,0.03376,-0.00745,0.0
694,13.414950651143972,0.03398,-0.00757,0.0
695,13.434280551217666,0.0345,-0.00782,0.0
696,13.453610451291361,0.03563,-0.0081,0.0
697,13.472940351365056,0.03563,-0.0081,0.0
698,13.49227025143875,0.0407,-0.0091,0.0
699,13.511600151512445,0.04551,-0.00961,0.0
700,13.53093005158614,0.0519,-0.01001,0.0
701,13.550259951659834,0.05965,-0.01051,0.0
702,13.569589851733529,0.06826,-0.01138,0.0
703,13.588919751807223,0.07727,-0.01198,0.0
704,13.608249651880918,0.08636,-0.01252,0.0
705,13.627579551954613,0.10526,-0.01365,0.0
706,13.646909452028307,0.11461,-0.0141,0.0
707,13.666239352102002,0.12437,-0.01446,0.0
708,13.685569252175695,0.12437,-0.01446,0.0
709,13.70489915224939,0.14526,-0.01544,0.0
710,13.724229052323084,0.15684,-0.01583,0.0
711,13.743558952396778,0.16947,-0.01605,0.0
712,13.762888852470473,0.18322,-0.01628,0.0
713,13.782218752544168,0.18322,-0.01628,0.0
714,13.801548652617862,0.2139,-0.01735,0.0
715,13.820878552691557,0.23033,-0.01788,0.0
716,13.840208452765252,0.24743,-0.01832,0.0
717,13.859538352838946,0.26497,-0.01838,0.0
718,13.87886825291264,0.26497,-0.01838,0.0
719,13.898198152986335,0.30162,-0.01933,0.0
720,13.91752805306003,0.32082,-0.01955,0.0
721,13.936857953133723,0.3405,-0.01979,0.0
722,13.956187853207418,0.36052,-0.02079,0.0
723,13.975517753281112,0.36052,-0.02079,0.0
724,13.994847653354807,0.40167,-0.02141,0.0
725,14.014177553428501,0.42305,-0.02089,0.0
726,14.033507453502196,0.44519,-0.01993,0.0
727,14.05283735357589,0.44519,-0.01993,0.0
728,14.072167253649585,0.49163,-0.01826,0.0
729,14.09149715372328,0.51614,-0.01985,0.0
730,14.110827053796974,0.54133,-0.02207,0.0
731,14.130156953870669,0.56665,-0.02289,0.0
732,14.149486853944364,0.59278,-0.02284,0.0
733,14.168816754018058,0.61959,-0.02415,0.0
734,14.188146654091753,0.64593,-0.02526,0.0
735,14.207476554165446,0.6728,-0.02571,0.0
736,14.22680645423914,0.69987,-0.02671,0.0
737,14.246136354312835,0.72592,-0.02721,0.0
738,14.26546625438653,0.75106,-0.02658,0.0
739,14.284796154460224,0.77463,-0.02525,0.0
740,14.304126054533919,0.79606,-0.02408,0.0
741,14.323455954607613,0.81547,-0.02385,0.0
742,14.342785854681308,0.83377,-0.02435,0.0
743,14.362115754755003,0.85028,-0.0255,0.0
744,14.381445654828697,0.86614,-0.02654,0.0
745,14.400775554902392,0.8818,-0.02819,0.0
746,14.420105454976087,0.89721,-0.02891,0.0
747,14.439435355049781,0.91241,-0.02956,0.0
748,14.458765255123474,0.92778,-0.02981,0.0
749,14.478095155197169,0.94319,-0.03056,0.0
750,14.497425055270863,0.95858,-0.03071,0.0
751,14.516754955344558,0.9737,-0.03105,0.0
752,14.536084855418252,0.98846,-0.03124,0.0
753,14.555414755491947,1.00246,-0.03122,0.0
754,14.574744655565642,1.02821,-0.03182,0.0
755,14.594074555639336,1.03984,-0.03201,0.0
756,14.613404455713031,1.05074,-0.03243,0.0
757,14.632734355786726,1.06092,-0.03243,0.0
758,14.65206425586042,1.0706,-0.03284,0.0
759,14.671394155934115,1.07995,-0.03282,0.0
760,14.69072405600781,1.09841,-0.03349,0.0
761,14.710053956081504,1.10767,-0.03362,0.0
762,14.729383856155197,1.11695,-0.03378,0.0
763,14.748713756228891,1.1261,-0.03374,0.0
764,14.768043656302586,1.13488,-0.03399,0.0
765,14.78737355637628,1.14284,-0.03414,0.0
766,14.806703456449975,1.15023,-0.03431,0.0
767,14.82603335652367,1.15682,-0.03432,0.0
768,14.845363256597365,1.16266,-0.03457,0.0
769,14.86469315667106,1.16793,-0.03457,0.0
770,14.884023056744754,1.17295,-0.0349,0.0
771,14.903352956818448,1.17768,-0.0349,0.0
772,14.922682856892143,1.18217,-0.03503,0.0
773,14.942012756965838,1.18672,-0.03464,0.0
774,14.961342657039532,1.19159,-0.03468,0.0
775,14.980672557113225,1.19667,-0.03498,0.0
776,15.00000245718692,1.20167,-0.03527,0.0
777,15.019332357260614,1.20633,-0.03522,0.0
778,15.038662257334309,1.21038,-0.03496,0.0
779,15.057992157408004,1.21397,-0.0349,0.0
780,15.077322057481698,1.21717,-0.03508,0.0
781,15.096651957555393,1.21973,-0.03512,0.0
782,15.115981857629087,1.22177,-0.0352,0.0
783,15.135311757702782,1.22334,-0.03528,0.0
784,15.154641657776477,1.22454,-0.03541,0.0
785,15.173971557850171,1.22561,-0.03562,0.0
786,15.193301457923866,1.22672,-0.03568,0.0
787,15.21263135799756,1.22813,-0.03558,0.0
788,15.231961258071255,1.23002,-0.03545,0.0
789,15.251291158144948,1.23246,-0.03553,0.0
790,15.270621058218643,1.2355,-0.03583,0.0
791,15.289950958292337,1.23897,-0.03606,0.0
792,15.309280858366032,1.24247,-0.03628,0.0
793,15.328610758439726,1.24598,-0.03644,0.0
794,15.347940658513421,1.24949,-0.03651,0.0
795,15.367270558587116,1.25275,-0.0364,0.0
796,15.38660045866081,1.25568,-0.03635,0.0
797,15.405930358734505,1.2585,-0.03636,0.0
798,15.4252602588082,1.26124,-0.03632,0.0
799,15.444590158881894,1.26402,-0.03632,0.0
800,15.463920058955589,1.26681,-0.0364,0.0
801,15.483249959029283,1.26957,-0.03657,0.0
802,15.502579859102976,1.27234,-0.03658,0.0
803,15.52190975917667,1.27503,-0.03649,0.0
804,15.541239659250365,1.27765,-0.03647,0.0
805,15.56056955932406,1.28017,-0.03665,0.0
806,15.579899459397755,1.28253,-0.03672,0.0
807,15.59922935947145,1.28482,-0.03665,0.0
808,15.618559259545144,1.28703,-0.03652,0.0
809,15.637889159618839,1.28924,-0.03659,0.0
810,15.657219059692533,1.29145,-0.03685,0.0
811,15.676548959766228,1.29377,-0.03698,0.0
812,15.695878859839922,1.29602,-0.03698,0.0
813,15.715208759913617,1.29823,-0.03696,0.0
814,15.734538659987312,1.30027,-0.0371,0.0
815,15.753868560061006,1.3023,-0.03737,0.0
816,15.773198460134699,1.30432,-0.03765,0.0
817,15.792528360208394,1.30614,-0.03788,0.0
818,15.811858260282088,1.30775,-0.03794,0.0
819,15.831188160355783,1.30919,-0.03785,0.0
820,15.850518060429478,1.31045,-0.03781,0.0
821,15.869847960503172,1.31161,-0.03793,0.0
822,15.889177860576867,1.3128,-0.03797,0.0
823,15.908507760650561,1.31407,-0.0379,0.0
824,15.927837660724256,1.31535,-0.03787,0.0
825,15.94716756079795,1.31666,-0.03785,0.0
826,15.966497460871645,1.31796,-0.03781,0.0
827,15.98582736094534,1.32077,-0.03767,0.0
828,16.005157261019033,1.32213,-0.03767,0.0
829,16.02448716109273,1.32345,-0.03778,0.0
830,16.043817061166422,1.32483,-0.0379,0.0
831,16.06314696124012,1.32611,-0.03806,0.0
832,16.08247686131381,1.32737,-0.0382,0.0
833,16.101806761387508,1.32855,-0.03842,0.0
834,16.1211366614612,1.32946,-0.03858,0.0
835,16.140466561534897,1.3303,-0.03878,0.0
836,16.15979646160859,1.33098,-0.03904,0.0
837,16.179126361682282,1.33152,-0.03919,0.0
838,16.19845626175598,1.33186,-0.03914,0.0
839,16.21778616182967,1.33198,-0.03895,0.0
840,16.237116061903368,1.33192,-0.03876,0.0
841,16.25644596197706,1.33163,-0.03869,0.0
842,16.275775862050757,1.33113,-0.03858,0.0
843,16.29510576212445,1.3302,-0.03816,0.0
844,16.314435662198147,1.32872,-0.03733,0.0
845,16.33376556227184,1.32668,-0.03559,0.0
846,16.353095462345536,1.32462,-0.03254,0.0
847,16.37242536241923,1.32273,-0.02751,0.0
848,16.391755262492925,1.3217,-0.01983,0.0
849,16.411085162566618,1.32115,-0.01098,0.0
850,16.43041506264031,1.32093,-0.00158,0.0
851,16.449744962714007,1.32052,0.00819,0.0
852,16.4690748627877,1.3199,0.01726,0.0
853,16.488404762861396,1.31909,0.02635,0.0
854,16.50773466293509,1.31838,0.03554,0.0
855,16.527064563008786,1.31782,0.0453,0.0
856,16.54639446308248,1.31778,0.05593,0.0
857,16.565724363156175,1.3176,0.06704,0.0
858,16.585054263229868,1.31807,0.07905,0.0
859,16.604384163303564,1.31752,0.09187,0.0
860,16.623714063377257,1.31723,0.10568,0.0
861,16.643043963450953,1.3167,0.12032,0.0
862,16.662373863524646,1.31623,0.13559,0.0
863,16.68170376359834,1.31643,0.16775,0.0
864,16.701033663672035,1.31602,0.18481,0.0
865,16.720363563745728,1.31623,0.20273,0.0
866,16.739693463819425,1.31717,0.22166,0.0
867,16.759023363893117,1.31743,0.24102,0.0
868,16.778353263966814,1.3179,0.26062,0.0
869,16.797683164040507,1.31908,0.28114,0.0
870,16.817013064114203,1.32051,0.3027,0.0
871,16.836342964187896,1.32239,0.32472,0.0
872,16.855672864261592,1.32386,0.34725,0.0
873,16.875002764335285,1.32466,0.37026,0.0
874,16.89433266440898,1.32517,0.39396,0.0
875,16.913662564482674,1.32615,0.41861,0.0
876,16.932992464556367,1.32695,0.44435,0.0
877,16.952322364630064,1.32691,0.47086,0.0
878,16.971652264703756,1.32722,0.49748,0.0
879,16.990982164777453,1.32839,0.52459,0.0
880,17.010312064851146,1.32896,0.55216,0.0
881,17.029641964924842,1.33025,0.58025,0.0
882,17.048971864998535,1.33053,0.6081,0.0
883,17.06830176507223,1.33176,0.63566,0.0
884,17.087631665145924,1.33247,0.66265,0.0
885,17.10696156521962,1.3328,0.6882,0.0
886,17.126291465293313,1.33282,0.71198,0.0
887,17.14562136536701,1.33303,0.73366,0.0
888,17.164951265440703,1.33375,0.75278,0.0
889,17.1842811655144,1.33408,0.77029,0.0
890,17.203611065588092,1.33485,0.78688,0.0
891,17.222940965661785,1.33525,0.80266,0.0
892,17.24227086573548,1.33575,0.81818,0.0
893,17.261600765809174,1.33609,0.83379,0.0
894,17.28093066588287,1.33666,0.84961,0.0
895,17.300260565956563,1.33738,0.86597,0.0
896,17.31959046603026,1.33787,0.88187,0.0
897,17.338920366103952,1.33805,0.89739,0.0
898,17.35825026617765,1.33857,0.91275,0.0
899,17.37758016625134,1.33929,0.94142,0.0
900,17.396910066325038,1.33962,0.95449,0.0
901,17.41623996639873,1.33972,0.96676,0.0
902,17.435569866472427,1.33991,0.97834,0.0
903,17.45489976654612,1.34003,0.98945,0.0
904,17.474229666619813,1.33992,1.00026,0.0
905,17.49355956669351,1.34019,1.01111,0.0
906,17.512889466767202,1.34041,1.02161,0.0
907,17.5322193668409,1.34064,1.03204,0.0
908,17.55154926691459,1.34091,1.04238,0.0
909,17.570879166988288,1.34138,1.0525,0.0
910,17.59020906706198,1.34156,1.06213,0.0
911,17.609538967135677,1.34178,1.07126,0.0
912,17.62886886720937,1.34208,1.08007,0.0
913,17.648198767283066,1.34251,1.08812,0.0
914,17.66752866735676,1.34277,1.09547,0.0
915,17.686858567430455,1.34273,1.1022,0.0
916,17.70618846750415,1.34295,1.10879,0.0
917,17.72551836757784,1.34325,1.1153,0.0
918,17.744848267651538,1.34329,1.12117,0.0
919,17.76417816772523,1.34346,1.12689,0.0
920,17.783508067798927,1.34393,1.13266,0.0
921,17.80283796787262,1.34437,1.13822,0.0
922,17.822167867946316,1.3447,1.14296,0.0
923,17.84149776802001,1.34491,1.1472,0.0
924,17.860827668093705,1.34539,1.15097,0.0
925,17.880157568167398,1.34569,1.15459,0.0
926,17.899487468241094,1.3458,1.15816,0.0
927,17.918817368314787,1.34579,1.16135,0.0
928,17.938147268388484,1.34558,1.16433,0.0
929,17.957477168462177,1.34532,1.16752,0.0
930,17.97680706853587,1.34524,1.17103,0.0
931,17.996136968609566,1.34534,1.17499,0.0
932,18.01546686868326,1.34557,1.1793,0.0
933,18.034796768756955,1.34586,1.1835,0.0
934,18.054126668830648,1.34608,1.18699,0.0
935,18.073456568904344,1.34621,1.18959,0.0
936,18.092786468978037,1.34625,1.19205,0.0
937,18.112116369051733,1.34646,1.19421,0.0
938,18.131446269125426,1.34665,1.19626,0.0
939,18.150776169199123,1.34704,1.19825,0.0
940,18.170106069272816,1.34736,1.20007,0.0
941,18.189435969346512,1.34768,1.20167,0.0
942,18.208765869420205,1.34806,1.20306,0.0
943,18.2280957694939,1.34849,1.20429,0.0
944,18.247425669567594,1.34912,1.20534,0.0
945,18.266755569641287,1.34978,1.2062,0.0
946,18.286085469714983,1.35057,1.20678,0.0
947,18.305415369788676,1.35138,1.20714,0.0
948,18.324745269862373,1.35225,1.20739,0.0
949,18.344075169936065,1.35323,1.20754,0.0
950,18.36340507000976,1.35432,1.20771,0.0
951,18.382734970083455,1.35528,1.20787,0.0
952,18.40206487015715,1.35624,1.20796,0.0
953,18.421394770230844,1.35715,1.20805,0.0
954,18.44072467030454,1.35809,1.20809,0.0
955,18.460054570378233,1.35895,1.20809,0.0
956,18.47938447045193,1.35976,1.20804,0.0
957,18.498714370525622,1.36058,1.20797,0.0
958,18.518044270599315,1.36169,1.2078,0.0
959,18.53737417067301,1.36209,1.20774,0.0
960,18.556704070746704,1.36244,1.20772,0.0
961,18.5760339708204,1.36265,1.20775,0.0
962,18.595363870894094,1.36276,1.20782,0.0
963,18.61469377096779,1.36277,1.20787,0.0
964,18.634023671041483,1.36261,1.20789,0.0
965,18.65335357111518,1.36241,1.20782,0.0
966,18.672683471188872,1.36214,1.20782,0.0
967,18.69201337126257,1.36174,1.20782,0.0
968,18.71134327133626,1.36132,1.20781,0.0
969,18.730673171409958,1.36088,1.20776,0.0
970,18.75000307148365,1.36088,1.20776,0.0
971,18.769332971557343,1.35983,1.2075,0.0
972,18.78866287163104,1.3593,1.20733,0.0
973,18.807992771704733,1.35879,1.20722,0.0
974,18.82732267177843,1.35831,1.20719,0.0
975,18.846652571852122,1.35796,1.20717,0.0
976,18.86598247192582,1.35768,1.20717,0.0
977,18.88531237199951,1.35752,1.20717,0.0
978,18.904642272073207,1.3575,1.2072,0.0
979,18.9239721721469,1.35749,1.20721,0.0
980,18.943302072220597,1.35755,1.20724,0.0
981,18.96263197229429,1.35772,1.20726,0.0
982,18.981961872367986,1.35796,1.20724,0.0
983,19.00129177244168,1.35826,1.20717,0.0
984,19.02062167251537,1.35862,1.20695,0.0
985,19.039951572589068,1.35902,1.20683,0.0
986,19.05928147266276,1.35945,1.20677,0.0
987,19.078611372736457,1.35963,1.20693,0.0
988,19.09794127281015,1.35896,1.20736,0.0
989,19.117271172883846,1.35677,1.20794,0.0
990,19.13660107295754,1.35252,1.20892,0.0
991,19.155930973031236,1.34626,1.21047,0.0
992,19.17526087310493,1.33871,1.2119,0.0
993,19.194590773178625,1.33019,1.21316,0.0
994,19.213920673252318,1.32142,1.21368,0.0
995,19.233250573326014,1.31215,1.21371,0.0
996,19.252580473399707,1.30264,1.21378,0.0
997,19.271910373473403,1.29316,1.2136,0.0
998,19.291240273547096,1.2739,1.21327,0.0
999,19.31057017362079,1.26387,1.21345,0.0
1000,19.329900073694485,1.2535,1.21344,0.0
1001,19.34922997376818,1.24202,1.21336,0.0
1002,19.368559873841875,1.24202,1.21336,0.0
1003,19.387889773915568,1.21657,1.21319,0.0
1004,19.407219673989264,1.2022,1.21274,0.0
1005,19.426549574062957,1.18683,1.21273,0.0
1006,19.445879474136653,1.17063,1.2124,0.0
1007,19.465209374210346,1.15355,1.21208,0.0
1008,19.484539274284042,1.13609,1.21149,0.0
1009,19.503869174357735,1.11788,1.21117,0.0
1010,19.52319907443143,1.09907,1.21094,0.0
1011,19.542528974505124,1.08002,1.2097,0.0
1012,19.561858874578817,1.06027,1.20924,0.0
1013,19.581188774652514,1.03999,1.20899,0.0
1014,19.600518674726207,1.01981,1.20895,0.0
1015,19.619848574799903,0.99933,1.20822,0.0
1016,19.639178474873596,0.97798,1.20726,0.0
1017,19.658508374947292,0.95554,1.20593,0.0
1018,19.677838275020985,0.93206,1.20449,0.0
1019,19.69716817509468,0.90844,1.20361,0.0
1020,19.716498075168374,0.88417,1.2034,0.0
1021,19.73582797524207,0.8584,1.20314,0.0
1022,19.755157875315764,0.80449,1.20102,0.0
1023,19.77448777538946,0.77701,1.20077,0.0
1024,19.793817675463153,0.74979,1.19964,0.0
1025,19.813147575536846,0.72225,1.19888,0.0
1026,19.832477475610542,0.69431,1.19759,0.0
1027,19.851807375684235,0.66664,1.19692,0.0
1028,19.87113727575793,0.63925,1.19613,0.0
1029,19.890467175831624,0.61318,1.19467,0.0
1030,19.90979707590532,0.58957,1.19262,0.0
1031,19.929126975979013,0.56801,1.18988,0.0
1032,19.94845687605271,0.54867,1.18846,0.0
1033,19.967786776126403,0.53062,1.18794,0.0
1034,19.9871166762001,0.51288,1.18785,0.0
1035,20.00644657627379,0.49574,1.18835,0.0
1036,20.025776476347488,0.47906,1.18818,0.0
1037,20.04510637642118,0.46235,1.18813,0.0
1038,20.064436276494874,0.44529,1.18769,0.0
1039,20.08376617656857,0.42834,1.18723,0.0
1040,20.103096076642263,0.41137,1.18694,0.0
1041,20.12242597671596,0.39435,1.18611,0.0
1042,20.141755876789652,0.37791,1.18574,0.0
1043,20.16108577686335,0.36239,1.18517,0.0
1044,20.18041567693704,0.348,1.18443,0.0
1045,20.199745577010738,0.33485,1.18376,0.0
1046,20.21907547708443,0.30118,1.18264,0.0
1047,20.238405377158127,0.29108,1.18233,0.0
1048,20.25773527723182,0.28106,1.1823,0.0
1049,20.277065177305516,0.27097,1.18204,0.0
1050,20.29639507737921,0.26062,1.18171,0.0
1051,20.315724977452902,0.25003,1.18166,0.0
1052,20.3350548775266,0.23933,1.1814,0.0
1053,20.35438477760029,0.22873,1.18096,0.0
1054,20.373714677673988,0.21867,1.18078,0.0
1055,20.39304457774768,0.20928,1.18044,0.0
1056,20.412374477821377,0.20127,1.18061,0.0
1057,20.43170437789507,0.19441,1.18009,0.0
1058,20.451034277968766,0.18859,1.17966,0.0
1059,20.47036417804246,0.18414,1.17961,0.0
1060,20.489694078116155,0.18055,1.17956,0.0
1061,20.50902397818985,0.17722,1.17942,0.0
1062,20.528353878263545,0.174,1.17941,0.0
1063,20.547683778337237,0.17052,1.17936,0.0
1064,20.567013678410934,0.16653,1.1792,0.0
1065,20.586343578484627,0.16159,1.17932,0.0
1066,20.60567347855832,0.1557,1.17903,0.0
1067,20.625003378632016,0.149,1.17832,0.0
1068,20.64433327870571,0.14206,1.17769,0.0
1069,20.663663178779405,0.13515,1.1774,0.0
1070,20.682993078853098,0.12905,1.17699,0.0
1071,20.702322978926794,0.12393,1.17642,0.0
1072,20.721652879000487,0.12025,1.17599,0.0
1073,20.740982779074184,0.11819,1.17572,0.0
1074,20.760312679147876,0.11649,1.17571,0.0
1075,20.779642579221573,0.11458,1.17598,0.0
1076,20.798972479295266,0.11267,1.17637,0.0
1077,20.818302379368962,0.11081,1.17643,0.0
1078,20.837632279442655,0.10895,1.17651,0.0
1079,20.856962179516348,0.10717,1.17637,0.0
1080,20.876292079590044,0.10544,1.17609,0.0
1081,20.895621979663737,0.10368,1.17587,0.0
1082,20.914951879737433,0.10197,1.17571,0.0
1083,20.934281779811126,0.10033,1.17561,0.0
1084,20.953611679884823,0.09884,1.17554,0.0
1085,20.972941579958515,0.09755,1.17549,0.0
1086,20.992271480032212,0.09636,1.17545,0.0
1087,21.011601380105905,0.09518,1.17534,0.0
1088,21.0309312801796,0.0941,1.17533,0.0
1089,21.050261180253294,0.09313,1.17534,0.0
1090,21.06959108032699,0.09222,1.17534,0.0
1091,21.088920980400683,0.09134,1.17525,0.0
1092,21.108250880474376,0.09065,1.17504,0.0
1093,21.127580780548072,0.08993,1.17494,0.0
1094,21.146910680621765,0.08829,1.17485,0.0
1095,21.16624058069546,0.08751,1.17481,0.0
1096,21.185570480769154,0.08679,1.17462,0.0
1097,21.20490038084285,0.08626,1.17446,0.0
1098,21.224230280916544,0.08586,1.17439,0.0
1099,21.24356018099024,0.08551,1.1744,0.0
1100,21.262890081063933,0.08533,1.17443,0.0
1101,21.28221998113763,0.08522,1.17446,0.0
1102,21.301549881211322,0.08525,1.17451,0.0
1103,21.32087978128502,0.08543,1.17453,0.0
1104,21.34020968135871,0.08568,1.17455,0.0
1105,21.359539581432404,0.08601,1.17462,0.0
1106,21.3788694815061,0.08641,1.17467,0.0
1107,21.398199381579794,0.08681,1.1747,0.0
1108,21.41752928165349,0.0872,1.17466,0.0
1109,21.436859181727183,0.08775,1.1747,0.0
1110,21.45618908180088,0.08831,1.17475,0.0
1111,21.475518981874572,0.08889,1.17482,0.0
1112,21.49484888194827,0.08941,1.17498,0.0
1113,21.51417878202196,0.08992,1.17517,0.0
1114,21.533508682095658,0.09037,1.1754,0.0
1115,21.55283858216935,0.09081,1.17568,0.0
1116,21.572168482243047,0.09124,1.17587,0.0
1117,21.59149838231674,0.09162,1.17613,0.0
1118,21.610828282390436,0.09194,1.17646,0.0
1119,21.63015818246413,0.09214,1.17678,0.0
1120,21.64948808253782,0.09236,1.177,0.0
1121,21.668817982611518,0.09257,1.17704,0.0
1122,21.68814788268521,0.09289,1.17703,0.0
1123,21.707477782758907,0.09317,1.17698,0.0
1124,21.7268076828326,0.0934,1.17699,0.0
1125,21.746137582906297,0.09367,1.17706,0.0
1126,21.76546748297999,0.09363,1.17706,0.0
1127,21.784797383053686,0.09299,1.1767,0.0
1128,21.80412728312738,0.09174,1.17577,0.0
1129,21.823457183201075,0.08997,1.17372,0.0
1130,21.842787083274768,0.08548,1.164,0.0
1131,21.862116983348464,0.08414,1.15604,0.0
1132,21.881446883422157,0.08414,1.15604,0.0
1133,21.90077678349585,0.08266,1.1377,0.0
1134,21.920106683569546,0.08229,1.1191,0.0
1135,21.93943658364324,0.08206,1.11,0.0
1136,21.958766483716936,0.08218,1.10067,0.0
1137,21.97809638379063,0.08235,1.09082,0.0
1138,21.997426283864325,0.08223,1.08027,0.0
1139,22.016756183938018,0.08222,1.06831,0.0
1140,22.036086084011714,0.08172,1.05598,0.0
1141,22.055415984085407,0.08082,1.04228,0.0
1142,22.074745884159103,0.08035,1.02791,0.0
1143,22.094075784232796,0.07966,1.01298,0.0
1144,22.113405684306493,0.0789,0.99701,0.0
1145,22.132735584380185,0.07917,0.98059,0.0
1146,22.15206548445388,0.07926,0.96412,0.0
1147,22.171395384527575,0.08004,0.94686,0.0
1148,22.190725284601267,0.08069,0.92901,0.0
1149,22.210055184674964,0.08084,0.91061,0.0
1150,22.229385084748657,0.08109,0.89059,0.0
1151,22.248714984822353,0.08152,0.8695,0.0
1152,22.268044884896046,0.08261,0.84835,0.0
1153,22.287374784969742,0.084,0.827,0.0
1154,22.306704685043435,0.08564,0.80507,0.0
1155,22.32603458511713,0.08695,0.78255,0.0
1156,22.345364485190824,0.08827,0.75909,0.0
1157,22.36469438526452,0.08955,0.73423,0.0
1158,22.384024285338214,0.09093,0.70859,0.0
1159,22.403354185411906,0.09203,0.68302,0.0
1160,22.422684085485603,0.09148,0.65704,0.0
1161,22.442013985559296,0.09079,0.63058,0.0
1162,22.461343885632992,0.09135,0.60373,0.0
1163,22.480673785706685,0.09096,0.57632,0.0
1164,22.50000368578038,0.092,0.54861,0.0
1165,22.519333585854074,0.09289,0.52041,0.0
1166,22.53866348592777,0.09362,0.49211,0.0
1167,22.557993386001463,0.09351,0.46528,0.0
1168,22.57732328607516,0.09388,0.44008,0.0
1169,22.596653186148853,0.09449,0.41691,0.0
1170,22.61598308622255,0.09473,0.39594,0.0
1171,22.635312986296242,0.09464,0.37697,0.0
1172,22.65464288636994,0.0951,0.35965,0.0
1173,22.67397278644363,0.09523,0.34385,0.0
1174,22.693302686517324,0.09542,0.32798,0.0
1175,22.71263258659102,0.09526,0.31243,0.0
1176,22.731962486664713,0.0952,0.29639,0.0
1177,22.75129238673841,0.09528,0.28072,0.0
1178,22.770622286812102,0.09524,0.2647,0.0
1179,22.7899521868858,0.09533,0.24887,0.0
1180,22.80928208695949,0.09533,0.23347,0.0
1181,22.828611987033188,0.09542,0.21868,0.0
1182,22.84794188710688,0.09515,0.2044,0.0
1183,22.867271787180577,0.09508,0.1912,0.0
1184,22.88660168725427,0.0952,0.17878,0.0
1185,22.905931587327967,0.09516,0.16693,0.0
1186,22.92526148740166,0.09517,0.15552,0.0
1187,22.944591387475352,0.0951,0.14459,0.0
1188,22.96392128754905,0.09508,0.13382,0.0
1189,22.98325118762274,0.09503,0.12327,0.0
1190,23.002581087696438,0.09519,0.11296,0.0
1191,23.02191098777013,0.09549,0.10271,0.0
1192,23.041240887843827,0.09552,0.09257,0.0
1193,23.06057078791752,0.09549,0.08273,0.0
1194,23.079900687991216,0.09552,0.07315,0.0
1195,23.09923058806491,0.09575,0.06458,0.0
1196,23.118560488138606,0.0959,0.05642,0.0
1197,23.1378903882123,0.09591,0.04857,0.0
1198,23.157220288285995,0.09624,0.04174,0.0
1199,23.176550188359688,0.09659,0.03535,0.0
1200,23.19588008843338,0.0969,0.02879,0.0
1201,23.215209988507077,0.09725,0.02261,0.0
1202,23.23453988858077,0.09751,0.01706,0.0
1203,23.253869788654466,0.09786,0.01156,0.0
1204,23.27319968872816,0.09795,0.00621,0.0
1205,23.292529588801855,0.09813,0.00129,0.0
1206,23.311859488875548,0.09814,-0.0031,0.0
1207,23.331189388949245,0.09831,-0.00739,0.0
1208,23.350519289022937,0.09843,-0.01148,0.0
1209,23.369849189096634,0.09861,-0.01541,0.0
1210,23.389179089170327,0.09892,-0.01926,0.0
1211,23.408508989244023,0.09937,-0.02246,0.0
1212,23.427838889317716,0.10014,-0.02527,0.0
1213,23.44716878939141,0.1009,-0.0281,0.0
1214,23.466498689465105,0.10158,-0.03095,0.0
1215,23.485828589538798,0.10238,-0.03408,0.0
1216,23.505158489612494,0.10312,-0.03751,0.0
1217,23.524488389686187,0.10357,-0.04095,0.0
1218,23.543818289759884,0.1038,-0.04428,0.0
1219,23.563148189833576,0.104,-0.04714,0.0
1220,23.582478089907273,0.10396,-0.04962,0.0
1221,23.601807989980966,0.1039,-0.05182,0.0
1222,23.621137890054662,0.10394,-0.05374,0.0
1223,23.640467790128355,0.10397,-0.05555,0.0
1224,23.65979769020205,0.10405,-0.05711,0.0
1225,23.679127590275744,0.10417,-0.05848,0.0
1226,23.69845749034944,0.10438,-0.05956,0.0
1227,23.717787390423133,0.10477,-0.06032,0.0
1228,23.737117290496826,0.10531,-0.06086,0.0
1229,23.756447190570523,0.10577,-0.06116,0.0
1230,23.775777090644215,0.10626,-0.06128,0.0
1231,23.795106990717912,0.10681,-0.06135,0.0
1232,23.814436890791605,0.10732,-0.06144,0.0
1233,23.8337667908653,0.10788,-0.06166,0.0
1234,23.853096690938994,0.10842,-0.06181,0.0
1235,23.87242659101269,0.10892,-0.06194,0.0
1236,23.891756491086383,0.10945,-0.06207,0.0
1237,23.91108639116008,0.11005,-0.06216,0.0
1238,23.930416291233772,0.11062,-0.06216,0.0
1239,23.94974619130747,0.1112,-0.06216,0.0
1240,23.96907609138116,0.11181,-0.06215,0.0
1241,23.988405991454854,0.11298,-0.06213,0.0
1242,24.00773589152855,0.11363,-0.06212,0.0
1243,24.027065791602244,0.11419,-0.06208,0.0
1244,24.04639569167594,0.1147,-0.06209,0.0
1245,24.065725591749633,0.11521,-0.06213,0.0
1246,24.08505549182333,0.11573,-0.0621,0.0
1247,24.104385391897022,0.1162,-0.06205,0.0
1248,24.12371529197072,0.11669,-0.06206,0.0
1249,24.14304519204441,0.11714,-0.06203,0.0
1250,24.162375092118108,0.11751,-0.06195,0.0
1251,24.1817049921918,0.11777,-0.06183,0.0
1252,24.201034892265497,0.11805,-0.06175,0.0
1253,24.22036479233919,0.11822,-0.06169,0.0
1254,24.239694692412883,0.11835,-0.06169,0.0
1255,24.25902459248658,0.11841,-0.0617,0.0
1256,24.278354492560272,0.11838,-0.06174,0.0
1257,24.29768439263397,0.11838,-0.06174,0.0
1258,24.31701429270766,0.11797,-0.06179,0.0
1259,24.336344192781358,0.11771,-0.06176,0.0
1260,24.35567409285505,0.11752,-0.06178,0.0
1261,24.375003992928747,0.11738,-0.06175,0.0
1262,24.39433389300244,0.11731,-0.06177,0.0
1263,24.413663793076136,0.11733,-0.06186,0.0
1264,24.43299369314983,0.11742,-0.06193,0.0
1265,24.452323593223525,0.11753,-0.06202,0.0
1266,24.471653493297218,0.11764,-0.06211,0.0
1267,24.49098339337091,0.11776,-0.0621,0.0
1268,24.510313293444607,0.11789,-0.06204,0.0
1269,24.5296431935183,0.11796,-0.06203,0.0
1270,24.548973093591997,0.11801,-0.06207,0.0
1271,24.56830299366569,0.11791,-0.06217,0.0
1272,24.587632893739386,0.11812,-0.06237,0.0
1273,24.60696279381308,0.11911,-0.06255,0.0
1274,24.626292693886775,0.12117,-0.06289,0.0
1275,24.645622593960468,0.12446,-0.06341,0.0
1276,24.664952494034164,0.12945,-0.06423,0.0
1277,24.684282394107857,0.13637,-0.06505,0.0
1278,24.703612294181553,0.14479,-0.06599,0.0
1279,24.722942194255246,0.15405,-0.06672,0.0
1280,24.74227209432894,0.16353,-0.06728,0.0
1281,24.761601994402636,0.17294,-0.06772,0.0
1282,24.78093189447633,0.18248,-0.06839,0.0
1283,24.800261794550025,0.19183,-0.06898,0.0
1284,24.819591694623718,0.20136,-0.06943,0.0
1285,24.838921594697414,0.21105,-0.06987,0.0
1286,24.858251494771107,0.22109,-0.07063,0.0
1287,24.877581394844803,0.23189,-0.07119,0.0
1288,24.896911294918496,0.24378,-0.07161,0.0
1289,24.916241194992192,0.25643,-0.07246,0.0
1290,24.935571095065885,0.27029,-0.07297,0.0
1291,24.95490099513958,0.28564,-0.07396,0.0
1292,24.974230895213275,0.30184,-0.07462,0.0
1293,24.99356079528697,0.31871,-0.07523,0.0
1294,25.012890695360664,0.33644,-0.07525,0.0
1295,25.032220595434357,0.35438,-0.07628,0.0
1296,25.051550495508053,0.37283,-0.07646,0.0
1297,25.070880395581746,0.39199,-0.07721,0.0
1298,25.090210295655442,0.41118,-0.0784,0.0
1299,25.109540195729135,0.43071,-0.07829,0.0
1300,25.12887009580283,0.45087,-0.07789,0.0
1301,25.148199995876524,0.47135,-0.07904,0.0
1302,25.16752989595022,0.49242,-0.0809,0.0
1303,25.186859796023914,0.51412,-0.08245,0.0
1304,25.20618969609761,0.53652,-0.08405,0.0
1305,25.225519596171303,0.55983,-0.08561,0.0
1306,25.244849496245,0.58441,-0.08733,0.0
1307,25.264179396318692,0.61022,-0.08917,0.0
1308,25.283509296392385,0.63614,-0.0901,0.0
1309,25.30283919646608,0.66217,-0.08935,0.0
1310,25.322169096539774,0.68804,-0.08863,0.0
1311,25.34149899661347,0.7144,-0.08856,0.0
1312,25.360828896687163,0.74079,-0.08872,0.0
1313,25.38015879676086,0.76667,-0.08875,0.0
1314,25.399488696834553,0.7923,-0.08891,0.0
1315,25.41881859690825,0.81755,-0.08953,0.0
1316,25.438148496981942,0.84182,-0.09032,0.0
1317,25.457478397055638,0.86467,-0.09115,0.0
1318,25.47680829712933,0.88585,-0.09169,0.0
1319,25.496138197203027,0.90445,-0.09209,0.0
1320,25.51546809727672,0.92187,-0.0925,0.0
1321,25.534797997350413,0.93839,-0.09251,0.0
1322,25.55412789742411,0.95404,-0.09318,0.0
1323,25.573457797497802,0.96977,-0.09347,0.0
1324,25.5927876975715,0.98494,-0.09355,0.0
1325,25.61211759764519,1.00039,-0.09359,0.0
1326,25.631447497718888,1.01541,-0.09402,0.0
1327,25.65077739779258,1.03056,-0.09433,0.0
1328,25.670107297866277,1.0456,-0.09492,0.0
1329,25.68943719793997,1.06035,-0.09546,0.0
1330,25.708767098013666,1.07469,-0.09611,0.0
1331,25.72809699808736,1.08837,-0.09647,0.0
1332,25.747426898161056,1.10146,-0.09698,0.0
1333,25.76675679823475,1.12467,-0.0978,0.0
1334,25.78608669830844,1.13511,-0.09816,0.0
1335,25.805416598382138,1.14497,-0.09859,0.0
1336,25.82474649845583,1.14497,-0.09859,0.0
1337,25.844076398529527,1.16329,-0.09928,0.0
1338,25.86340629860322,1.16329,-0.09928,0.0
1339,25.882736198676916,1.18126,-0.09956,0.0
1340,25.90206609875061,1.19025,-0.09972,0.0
1341,25.921395998824305,1.19918,-0.09981,0.0
1342,25.940725898898,1.20806,-0.1001,0.0
1343,25.960055798971695,1.21647,-0.10003,0.0
1344,25.979385699045388,1.22437,-0.10007,0.0
1345,25.998715599119084,1.23158,-0.10017,0.0
1346,26.018045499192777,1.23792,-0.1001,0.0
1347,26.037375399266473,1.24354,-0.10014,0.0
1348,26.056705299340166,1.2488,-0.10024,0.0
1349,26.07603519941386,1.2535,-0.10014,0.0
1350,26.095365099487555,1.25791,-0.10011,0.0
1351,26.114694999561248,1.26219,-0.09996,0.0
1352,26.134024899634944,1.26671,-0.10018,0.0
1353,26.153354799708637,1.27161,-0.10032,0.0
1354,26.172684699782334,1.27672,-0.10043,0.0
1355,26.192014599856027,1.28147,-0.10058,0.0
1356,26.211344499929723,1.28595,-0.10067,0.0
1357,26.230674400003416,1.29008,-0.10079,0.0
1358,26.250004300077112,1.29374,-0.10076,0.0
1359,26.269334200150805,1.29685,-0.10079,0.0
1360,26.2886641002245,1.29922,-0.10082,0.0
1361,26.307994000298194,1.30082,-0.10081,0.0
1362,26.327323900371887,1.30291,-0.101,0.0
1363,26.346653800445583,1.30399,-0.10116,0.0
1364,26.365983700519276,1.30546,-0.10137,0.0
1365,26.385313600592973,1.30746,-0.10175,0.0
1366,26.404643500666666,1.31001,-0.10214,0.0
1367,26.423973400740362,1.31305,-0.10236,0.0
1368,26.443303300814055,1.31637,-0.10237,0.0
1369,26.46263320088775,1.31954,-0.10243,0.0
1370,26.481963100961444,1.32247,-0.10251,0.0
1371,26.50129300103514,1.3251,-0.10268,0.0
1372,26.520622901108833,1.32761,-0.10287,0.0
1373,26.53995280118253,1.33003,-0.10294,0.0
1374,26.559282701256222,1.3325,-0.10298,0.0
1375,26.578612601329915,1.33497,-0.10302,0.0
1376,26.59794250140361,1.33739,-0.10322,0.0
1377,26.617272401477305,1.3398,-0.10339,0.0
1378,26.636602301551,1.34219,-0.10346,0.0
1379,26.655932201624694,1.34447,-0.10349,0.0
1380,26.67526210169839,1.34667,-0.1036,0.0
1381,26.694592001772083,1.34879,-0.10369,0.0
1382,26.71392190184578,1.35076,-0.10392,0.0
1383,26.733251801919472,1.35265,-0.10419,0.0
1384,26.75258170199317,1.35448,-0.10434,0.0
1385,26.77191160206686,1.3563,-0.10423,0.0
1386,26.791241502140558,1.358,-0.10401,0.0
1387,26.81057140221425,1.35959,-0.10399,0.0
1388,26.829901302287944,1.36122,-0.10408,0.0
1389,26.84923120236164,1.36286,-0.10414,0.0
1390,26.868561102435333,1.36454,-0.10413,0.0
1391,26.88789100250903,1.36625,-0.10405,0.0
1392,26.907220902582722,1.36793,-0.10398,0.0
1393,26.92655080265642,1.36955,-0.10395,0.0
1394,26.94588070273011,1.37113,-0.10391,0.0
1395,26.965210602803808,1.37269,-0.10393,0.0
1396,26.9845405028775,1.37424,-0.10407,0.0
1397,27.003870402951197,1.37571,-0.10433,0.0
1398,27.02320030302489,1.37697,-0.10464,0.0
1399,27.042530203098586,1.37796,-0.10482,0.0
1400,27.06186010317228,1.37872,-0.10477,0.0
1401,27.081190003245975,1.37963,-0.1046,0.0
1402,27.100519903319668,1.37985,-0.1046,0.0
1403,27.11984980339336,1.38003,-0.10463,0.0
1404,27.139179703467057,1.38003,-0.10463,0.0
1405,27.15850960354075,1.38014,-0.10467,0.0
1406,27.177839503614447,1.38011,-0.10483,0.0
1407,27.19716940368814,1.38003,-0.10485,0.0
1408,27.216499303761836,1.37991,-0.10486,0.0
1409,27.23582920383553,1.37971,-0.10486,0.0
1410,27.255159103909225,1.37952,-0.10478,0.0
1411,27.274489003982918,1.37933,-0.1047,0.0
1412,27.293818904056614,1.37914,-0.10466,0.0
1413,27.313148804130307,1.3789,-0.10465,0.0
1414,27.332478704204004,1.37854,-0.10466,0.0
1415,27.351808604277696,1.37812,-0.10461,0.0
1416,27.37113850435139,1.37759,-0.10453,0.0
1417,27.390468404425086,1.37682,-0.10449,0.0
1418,27.40979830449878,1.37598,-0.10448,0.0
1419,27.429128204572475,1.37492,-0.10443,0.0
1420,27.448458104646168,1.37382,-0.10434,0.0
1421,27.467788004719864,1.37268,-0.10435,0.0
1422,27.487117904793557,1.37147,-0.10409,0.0
1423,27.506447804867253,1.37026,-0.10327,0.0
1424,27.525777704940946,1.36892,-0.1017,0.0
1425,27.545107605014643,1.36763,-0.09872,0.0
1426,27.564437505088335,1.36626,-0.09365,0.0
1427,27.583767405162032,1.36524,-0.08609,0.0
1428,27.603097305235725,1.36482,-0.07745,0.0
1429,27.622427205309418,1.36387,-0.06826,0.0
1430,27.641757105383114,1.36325,-0.05879,0.0
1431,27.661087005456807,1.36167,-0.03913,0.0
1432,27.680416905530503,1.36101,-0.02929,0.0
1433,27.699746805604196,1.36066,-0.01926,0.0
1434,27.719076705677892,1.36078,-0.0088,0.0
1435,27.738406605751585,1.36078,0.00232,0.0
1436,27.75773650582528,1.36116,0.01442,0.0
1437,27.777066405898974,1.36118,0.02728,0.0
1438,27.79639630597267,1.36196,0.04119,0.0
1439,27.815726206046364,1.3619,0.05583,0.0
1440,27.83505610612006,1.36192,0.07125,0.0
1441,27.854386006193753,1.36194,0.08787,0.0
1442,27.873715906267446,1.36236,0.10525,0.0
1443,27.893045806341142,1.36267,0.12308,0.0
1444,27.912375706414835,1.36345,0.14147,0.0
1445,27.93170560648853,1.36419,0.16047,0.0
1446,27.951035506562224,1.36483,0.18056,0.0
1447,27.97036540663592,1.36553,0.20067,0.0
1448,27.989695306709613,1.36686,0.22069,0.0
1449,28.00902520678331,1.36851,0.24152,0.0
1450,28.028355106857003,1.36976,0.26336,0.0
1451,28.0476850069307,1.37104,0.28654,0.0
1452,28.067014907004392,1.37251,0.31109,0.0
1453,28.08634480707809,1.37425,0.33631,0.0
1454,28.10567470715178,1.37613,0.36127,0.0
1455,28.125004607225478,1.37869,0.41179,0.0
1456,28.14433450729917,1.3788,0.43834,0.0
1457,28.163664407372863,1.3788,0.43834,0.0
1458,28.18299430744656,1.38185,0.49261,0.0
1459,28.202324207520252,1.38301,0.52002,0.0
1460,28.22165410759395,1.38414,0.5478,0.0
1461,28.24098400766764,1.38553,0.57561,0.0
1462,28.260313907741338,1.38553,0.57561,0.0
1463,28.27964380781503,1.38861,0.62838,0.0
1464,28.298973707888727,1.39023,0.65208,0.0
1465,28.31830360796242,1.39173,0.67353,0.0
1466,28.337633508036117,1.39313,0.69263,0.0
1467,28.35696340810981,1.39313,0.69263,0.0
1468,28.376293308183506,1.39475,0.72752,0.0
1469,28.3956232082572,1.39516,0.74362,0.0
1470,28.41495310833089,1.39545,0.75939,0.0
1471,28.434283008404588,1.39568,0.77531,0.0
1472,28.45361290847828,1.39602,0.79106,0.0
1473,28.472942808551977,1.39651,0.8068,0.0
1474,28.49227270862567,1.3971,0.82248,0.0
1475,28.511602608699366,1.39771,0.83791,0.0
1476,28.53093250877306,1.39845,0.85285,0.0
1477,28.550262408846756,1.39901,0.86715,0.0
1478,28.56959230892045,1.39941,0.88074,0.0
1479,28.588922208994145,1.39941,0.88074,0.0
1480,28.608252109067838,1.39998,0.90567,0.0
1481,28.627582009141534,1.40004,0.91729,0.0
1482,28.646911909215227,1.40004,0.92844,0.0
1483,28.66624180928892,1.39995,0.9392,0.0
1484,28.685571709362616,1.40013,0.94964,0.0
1485,28.70490160943631,1.40034,0.95989,0.0
1486,28.724231509510005,1.40062,0.97009,0.0
1487,28.743561409583698,1.40187,0.98997,0.0
1488,28.762891309657395,1.40267,0.99949,0.0
1489,28.782221209731087,1.40295,1.00826,0.0
1490,28.801551109804784,1.40338,1.0167,0.0
1491,28.820881009878477,1.40368,1.02479,0.0
1492,28.840210909952173,1.40347,1.03206,0.0
1493,28.859540810025866,1.40363,1.03919,0.0
1494,28.878870710099562,1.40387,1.04601,0.0
1495,28.898200610173255,1.40371,1.05188,0.0
1496,28.917530510246948,1.40387,1.05746,0.0
1497,28.936860410320644,1.40434,1.06292,0.0
1498,28.956190310394337,1.40451,1.06748,0.0
1499,28.975520210468034,1.40481,1.07164,0.0
1500,28.994850110541726,1.40521,1.07539,0.0
1501,29.014180010615423,1.40586,1.07913,0.0
1502,29.033509910689116,1.4064,1.08349,0.0
1503,29.052839810762812,1.40679,1.0881,0.0
1504,29.072169710836505,1.40688,1.09273,0.0
1505,29.0914996109102,1.40685,1.09733,0.0
1506,29.110829510983894,1.40667,1.10181,0.0
1507,29.13015941105759,1.40634,1.10616,0.0
1508,29.149489311131283,1.40645,1.11423,0.0
1509,29.16881921120498,1.40663,1.11725,0.0
1510,29.188149111278673,1.40713,1.11956,0.0
1511,29.207479011352365,1.40781,1.12147,0.0
1512,29.226808911426062,1.40821,1.12292,0.0
1513,29.246138811499755,1.40864,1.12415,0.0
1514,29.26546871157345,1.40893,1.12502,0.0
1515,29.284798611647144,1.40917,1.12575,0.0
1516,29.30412851172084,1.40966,1.12636,0.0
1517,29.323458411794533,1.41033,1.1269,0.0
1518,29.34278831186823,1.41107,1.12728,0.0
1519,29.362118211941922,1.41191,1.12756,0.0
1520,29.38144811201562,1.41281,1.12767,0.0
1521,29.40077801208931,1.41384,1.12779,0.0
1522,29.420107912163008,1.41502,1.12798,0.0
1523,29.4394378122367,1.41628,1.12813,0.0
1524,29.458767712310394,1.41765,1.12821,0.0
1525,29.47809761238409,1.41902,1.12828,0.0
1526,29.497427512457783,1.42033,1.12842,0.0
1527,29.51675741253148,1.42172,1.12848,0.0
1528,29.536087312605172,1.42305,1.12852,0.0
1529,29.55541721267887,1.42433,1.12858,0.0
1530,29.57474711275256,1.4255,1.12864,0.0
1531,29.594077012826258,1.42661,1.1287,0.0
1532,29.61340691289995,1.42758,1.12886,0.0
1533,29.632736812973647,1.42904,1.1289,0.0
1534,29.65206671304734,1.42955,1.12874,0.0
1535,29.671396613121036,1.42991,1.12869,0.0
1536,29.69072651319473,1.43013,1.12863,0.0
1537,29.710056413268422,1.43027,1.12858,0.0
1538,29.72938631334212,1.43027,1.12862,0.0
1539,29.74871621341581,1.4302,1.12866,0.0
1540,29.768046113489508,1.43006,1.12864,0.0
1541,29.7873760135632,1.42979,1.12867,0.0
1542,29.806705913636897,1.42939,1.12869,0.0
1543,29.82603581371059,1.42889,1.12868,0.0
1544,29.845365713784286,1.4283,1.12871,0.0
1545,29.86469561385798,1.42764,1.12871,0.0
1546,29.884025513931675,1.42692,1.12872,0.0
1547,29.903355414005368,1.42612,1.12866,0.0
1548,29.922685314079065,1.42528,1.12863,0.0
1549,29.942015214152757,1.4244,1.12865,0.0
1550,29.96134511422645,1.42361,1.12873,0.0
1551,29.980675014300147,1.42291,1.12878,0.0
1552,30.00000491437384,1.42219,1.1288,0.0
1553,30.019334814447536,1.42151,1.12878,0.0
1554,30.03866471452123,1.42098,1.12882,0.0
1555,30.057994614594925,1.42058,1.12885,0.0
1556,30.077324514668618,1.42026,1.12896,0.0
1557,30.096654414742314,1.42008,1.12905,0.0
1558,30.115984314816007,1.4199,1.12927,0.0
1559,30.135314214889704,1.41983,1.12933,0.0
1560,30.154644114963396,1.41987,1.12935,0.0
1561,30.173974015037093,1.42009,1.12934,0.0
1562,30.193303915110786,1.42013,1.12946,0.0
1563,30.21263381518448,1.41953,1.12973,0.0
1564,30.231963715258175,1.41758,1.13025,0.0
1565,30.251293615331868,1.4139,1.13107,0.0
1566,30.270623515405564,1.4081,1.1324,0.0
1567,30.289953415479257,1.40077,1.13386,0.0
1568,30.309283315552953,1.3921,1.13478,0.0
1569,30.328613215626646,1.3825,1.13571,0.0
1570,30.347943115700343,1.37292,1.13601,0.0
1571,30.367273015774035,1.36333,1.13656,0.0
1572,30.38660291584773,1.35369,1.13715,0.0
1573,30.405932815921425,1.34412,1.13755,0.0
1574,30.42526271599512,1.33444,1.13826,0.0
1575,30.444592616068814,1.32435,1.13828,0.0
1576,30.46392251614251,1.31384,1.13881,0.0
1577,30.483252416216203,1.30275,1.1393,0.0
1578,30.502582316289896,1.29029,1.13993,0.0
1579,30.521912216363592,1.27664,1.13998,0.0
1580,30.541242116437285,1.26206,1.14032,0.0
1581,30.56057201651098,1.24678,1.14061,0.0
1582,30.579901916584674,1.23051,1.14055,0.0
1583,30.59923181665837,1.19623,1.14151,0.0
1584,30.618561716732064,1.17835,1.14126,0.0
1585,30.63789161680576,1.16007,1.1414,0.0
1586,30.657221516879453,1.14097,1.1419,0.0
1587,30.67655141695315,1.1216,1.14193,0.0
1588,30.695881317026842,1.10182,1.14208,0.0
1589,30.71521121710054,1.081,1.14296,0.0
1590,30.73454111717423,1.05913,1.14375,0.0
1591,30.753871017247924,1.03618,1.14379,0.0
1592,30.77320091732162,1.01227,1.14328,0.0
1593,30.792530817395313,0.98757,1.14293,0.0
1594,30.81186071746901,0.96211,1.14244,0.0
1595,30.831190617542703,0.93639,1.14231,0.0
1596,30.8505205176164,0.91099,1.14216,0.0
1597,30.869850417690092,0.88454,1.14212,0.0
1598,30.88918031776379,0.8568,1.14236,0.0
1599,30.90851021783748,0.82972,1.14221,0.0
1600,30.927840117911177,0.80222,1.14243,0.0
1601,30.94717001798487,0.77448,1.14282,0.0
1602,30.966499918058567,0.74631,1.14319,0.0
1603,30.98582981813226,0.71852,1.14355,0.0
1604,31.005159718205952,0.69182,1.14281,0.0
1605,31.02448961827965,0.66621,1.14239,0.0
1606,31.04381951835334,0.64224,1.14211,0.0
1607,31.063149418427038,0.62044,1.14162,0.0
1608,31.08247931850073,0.60072,1.14135,0.0
1609,31.101809218574427,0.58297,1.14093,0.0
1610,31.12113911864812,0.56595,1.14103,0.0
1611,31.140469018721816,0.54922,1.14244,0.0
1612,31.15979891879551,0.53258,1.14292,0.0
1613,31.179128818869206,0.51602,1.14345,0.0
1614,31.1984587189429,0.49945,1.14372,0.0
1615,31.217788619016595,0.4827,1.14365,0.0
1616,31.237118519090288,0.44973,1.1442,0.0
1617,31.25644841916398,0.43389,1.14453,0.0
1618,31.275778319237677,0.41878,1.14473,0.0
1619,31.29510821931137,0.40468,1.14474,0.0
1620,31.314438119385066,0.39182,1.14468,0.0
1621,31.33376801945876,0.39182,1.14468,0.0
1622,31.353097919532456,0.3693,1.14476,0.0
1623,31.37242781960615,0.3693,1.14476,0.0
1624,31.391757719679845,0.34916,1.14483,0.0
1625,31.411087619753538,0.33933,1.14502,0.0
1626,31.430417519827234,0.32941,1.14508,0.0
1627,31.449747419900927,0.31921,1.14527,0.0
1628,31.469077319974623,0.30894,1.14523,0.0
1629,31.488407220048316,0.29852,1.1455,0.0
1630,31.507737120122012,0.28842,1.14559,0.0
1631,31.527067020195705,0.27862,1.14552,0.0
1632,31.546396920269398,0.26969,1.1453,0.0
1633,31.565726820343095,0.26178,1.14531,0.0
1634,31.585056720416787,0.25482,1.14551,0.0
1635,31.604386620490484,0.24912,1.14563,0.0
1636,31.623716520564177,0.24443,1.14602,0.0
1637,31.643046420637873,0.24044,1.14628,0.0
1638,31.662376320711566,0.23675,1.14671,0.0
1639,31.681706220785262,0.23326,1.14693,0.0
1640,31.701036120858955,0.22954,1.14676,0.0
1641,31.72036602093265,0.22509,1.14662,0.0
1642,31.739695921006344,0.22008,1.1467,0.0
1643,31.75902582108004,0.21434,1.14669,0.0
1644,31.778355721153734,0.20823,1.14653,0.0
1645,31.797685621227426,0.20201,1.14644,0.0
1646,31.817015521301123,0.19609,1.1465,0.0
1647,31.836345421374816,0.1907,1.14642,0.0
1648,31.855675321448512,0.18639,1.14634,0.0
1649,31.875005221522205,0.18343,1.14633,0.0
1650,31.8943351215959,0.18153,1.14621,0.0
1651,31.913665021669594,0.17974,1.14642,0.0
1652,31.93299492174329,0.17781,1.14663,0.0
1653,31.952324821816983,0.17586,1.14688,0.0
1654,31.97165472189068,0.17189,1.14695,0.0
1655,31.990984621964373,0.17189,1.14695,0.0
1656,32.010314522038065,0.16833,1.1468,0.0
1657,32.029644422111765,0.16677,1.14674,0.0
1658,32.04897432218546,0.16534,1.14666,0.0
1659,32.06830422225915,0.16405,1.1465,0.0
1660,32.087634122332844,0.16278,1.1463,0.0
1661,32.10696402240654,0.16173,1.14608,0.0
1662,32.12629392248024,0.16075,1.14579,0.0
1663,32.14562382255393,0.15988,1.14568,0.0
1664,32.16495372262762,0.15911,1.14563,0.0
1665,32.184283622701315,0.15835,1.14569,0.0
1666,32.203613522775015,0.15764,1.14578,0.0
1667,32.22294342284871,0.15698,1.14593,0.0
1668,32.2422733229224,0.15628,1.14601,0.0
1669,32.261603222996094,0.15552,1.14613,0.0
1670,32.280933123069794,0.15468,1.14621,0.0
1671,32.300263023143486,0.15379,1.14625,0.0
1672,32.31959292321718,0.1529,1.14634,0.0
1673,32.33892282329087,0.15198,1.14646,0.0
1674,32.358252723364565,0.15101,1.14653,0.0
1675,32.377582623438265,0.15019,1.14649,0.0
1676,32.39691252351196,0.14956,1.14647,0.0
1677,32.41624242358565,0.14911,1.14654,0.0
1678,32.43557232365934,0.14869,1.14664,0.0
1679,32.45490222373304,0.14862,1.14671,0.0
1680,32.474232123806736,0.14864,1.14668,0.0
1681,32.49356202388043,0.14882,1.14665,0.0
1682,32.51289192395412,0.14915,1.14666,0.0
1683,32.53222182402782,0.14953,1.14664,0.0
1684,32.551551724101515,0.15008,1.14662,0.0
1685,32.57088162417521,0.1507,1.14666,0.0
1686,32.5902115242489,0.15135,1.14668,0.0
1687,32.60954142432259,0.15209,1.14673,0.0
1688,32.62887132439629,0.15275,1.14682,0.0
1689,32.648201224469986,0.1534,1.14697,0.0
1690,32.66753112454368,0.1539,1.147,0.0
1691,32.68686102461737,0.15425,1.14707,0.0
1692,32.70619092469107,0.1544,1.14706,0.0
1693,32.725520824764764,0.15434,1.1471,0.0
1694,32.74485072483846,0.15413,1.14715,0.0
1695,32.76418062491215,0.15389,1.14717,0.0
1696,32.78351052498585,0.15347,1.1472,0.0
1697,32.80284042505954,0.15291,1.14723,0.0
1698,32.822170325133236,0.15235,1.14724,0.0
1699,32.84150022520693,0.15235,1.14724,0.0
1700,32.86083012528062,0.1514,1.14729,0.0
1701,32.88016002535432,0.15108,1.14725,0.0
1702,32.899489925428014,0.15079,1.14715,0.0
1703,32.91881982550171,0.15015,1.14671,0.0
1704,32.9381497255754,0.14922,1.14581,0.0
1705,32.9574796256491,0.14796,1.14402,0.0
1706,32.97680952572279,0.14624,1.14061,0.0
1707,32.996139425796486,0.144,1.13528,0.0
1708,33.01546932587018,0.14234,1.12797,0.0
1709,33.03479922594388,0.14118,1.11918,0.0
1710,33.05412912601757,0.1399,1.10979,0.0
1711,33.073459026091264,0.13875,1.09965,0.0
1712,33.09278892616496,0.13786,1.08948,0.0
1713,33.11211882623865,0.13728,1.07977,0.0
1714,33.13144872631235,0.13687,1.07041,0.0
1715,33.15077862638604,0.13658,1.06056,0.0
1716,33.170108526459735,0.13625,1.05034,0.0
1717,33.18943842653343,0.13598,1.03944,0.0
1718,33.20876832660713,0.13562,1.02697,0.0
1719,33.22809822668082,0.13489,1.01362,0.0
1720,33.247428126754514,0.13391,0.99952,0.0
1721,33.26675802682821,0.13347,0.9843,0.0
1722,33.28608792690191,0.1327,0.96828,0.0
1723,33.3054178269756,0.13265,0.95134,0.0
1724,33.32474772704929,0.13109,0.91545,0.0
1725,33.344077627122985,0.1305,0.89719,0.0
1726,33.36340752719668,0.1302,0.87807,0.0
1727,33.38273742727038,0.13064,0.85852,0.0
1728,33.40206732734407,0.13127,0.83853,0.0
1729,33.42139722741776,0.13091,0.81795,0.0
1730,33.440727127491456,0.13004,0.79711,0.0
1731,33.460057027565156,0.12937,0.77565,0.0
1732,33.47938692763885,0.12899,0.75339,0.0
1733,33.49871682771254,0.1286,0.72993,0.0
1734,33.518046727786235,0.12891,0.70488,0.0
1735,33.537376627859935,0.12864,0.67881,0.0
1736,33.55670652793363,0.12848,0.65311,0.0
1737,33.57603642800732,0.12806,0.62673,0.0
1738,33.59536632808101,0.12806,0.62673,0.0
1739,33.614696228154706,0.12747,0.57293,0.0
1740,33.634026128228406,0.1274,0.54531,0.0
1741,33.6533560283021,0.12766,0.51749,0.0
1742,33.67268592837579,0.12843,0.49009,0.0
1743,33.692015828449485,0.12834,0.46207,0.0
1744,33.711345728523185,0.12858,0.43544,0.0
1745,33.73067562859688,0.12898,0.41057,0.0
1746,33.75000552867057,0.12923,0.38755,0.0
1747,33.76933542874426,0.129,0.36659,0.0
1748,33.78866532881796,0.12912,0.34768,0.0
1749,33.807995228891656,0.1292,0.33041,0.0
1750,33.82732512896535,0.12952,0.31442,0.0
1751,33.84665502903904,0.12936,0.29859,0.0
1752,33.865984929112734,0.12907,0.28325,0.0
1753,33.885314829186434,0.12878,0.26732,0.0
1754,33.90464472926013,0.12796,0.25135,0.0
1755,33.92397462933382,0.1279,0.23521,0.0
1756,33.94330452940751,0.12732,0.21921,0.0
1757,33.96263442948121,0.12708,0.20332,0.0
1758,33.981964329554906,0.12681,0.18822,0.0
1759,34.0012942296286,0.12649,0.17397,0.0
1760,34.02062412970229,0.1262,0.1605,0.0
1761,34.03995402977599,0.12587,0.148,0.0
1762,34.059283929849684,0.12547,0.13597,0.0
1763,34.07861382992338,0.12507,0.1246,0.0
1764,34.09794372999707,0.12476,0.11349,0.0
1765,34.11727363007077,0.12443,0.10283,0.0
1766,34.13660353014446,0.12373,0.08193,0.0
1767,34.155933430218155,0.12373,0.08193,0.0
1768,34.17526333029185,0.12352,0.06142,0.0
1769,34.19459323036554,0.12352,0.06142,0.0
1770,34.21392313043924,0.12352,0.04233,0.0
1771,34.233253030512934,0.12358,0.03344,0.0
1772,34.25258293058663,0.12358,0.03344,0.0
1773,34.27191283066032,0.1237,0.01789,0.0
1774,34.29124273073402,0.1237,0.01789,0.0
1775,34.31057263080771,0.12367,0.00393,0.0
1776,34.329902530881405,0.12366,-0.00223,0.0
1777,34.3492324309551,0.12365,-0.00806,0.0
1778,34.3685623310288,0.12379,-0.01411,0.0
1779,34.38789223110249,0.12366,-0.02001,0.0
1780,34.407222131176184,0.12352,-0.02538,0.0
1781,34.42655203124988,0.12371,-0.03023,0.0
1782,34.44588193132357,0.12397,-0.03483,0.0
1783,34.46521183139727,0.1241,-0.03944,0.0
1784,34.48454173147096,0.12448,-0.04371,0.0
1785,34.503871631544655,0.12482,-0.04747,0.0
1786,34.52320153161835,0.12514,-0.05106,0.0
1787,34.54253143169205,0.12549,-0.05462,0.0
1788,34.56186133176574,0.12556,-0.05818,0.0
1789,34.58119123183943,0.1256,-0.06175,0.0
1790,34.600521131913126,0.12559,-0.06524,0.0
1791,34.619851031986826,0.1256,-0.06812,0.0
1792,34.63918093206052,0.12552,-0.07042,0.0
1793,34.65851083213421,0.12548,-0.07257,0.0
1794,34.677840732207905,0.12555,-0.07483,0.0
1795,34.6971706322816,0.12559,-0.07722,0.0
1796,34.7165005323553,0.12562,-0.07948,0.0
1797,34.73583043242899,0.12568,-0.08146,0.0
1798,34.75516033250268,0.12573,-0.08316,0.0
1799,34.774490232576376,0.12593,-0.08466,0.0
1800,34.793820132650076,0.12612,-0.08603,0.0
1801,34.81315003272377,0.12625,-0.08728,0.0
1802,34.83247993279746,0.12621,-0.08817,0.0
1803,34.851809832871155,0.1261,-0.08853,0.0
1804,34.871139732944854,0.12568,-0.08802,0.0
1805,34.89046963301855,0.1255,-0.08745,0.0
1806,34.90979953309224,0.1255,-0.08745,0.0
1807,34.92912943316593,0.12508,-0.08649,0.0
1808,34.948459333239626,0.1248,-0.08618,0.0
1809,34.967789233313326,0.12453,-0.086,0.0
1810,34.98711913338702,0.12439,-0.08602,0.0
1811,35.00644903346071,0.12427,-0.08621,0.0
1812,35.025778933534404,0.12425,-0.08629,0.0
1813,35.045108833608104,0.12435,-0.08624,0.0
1814,35.0644387336818,0.12454,-0.08623,0.0
1815,35.08376863375549,0.12476,-0.08622,0.0
1816,35.10309853382918,0.12504,-0.08623,0.0
1817,35.12242843390288,0.12523,-0.08616,0.0
1818,35.141758333976576,0.1254,-0.08608,0.0
1819,35.16108823405027,0.12551,-0.08601,0.0
1820,35.18041813412396,0.12556,-0.08598,0.0
1821,35.199748034197654,0.12552,-0.08601,0.0
1822,35.219077934271354,0.12545,-0.08599,0.0
1823,35.23840783434505,0.12539,-0.08597,0.0
1824,35.25773773441874,0.12527,-0.08587,0.0
1825,35.27706763449243,0.12523,-0.08581,0.0
1826,35.29639753456613,0.12524,-0.08575,0.0
1827,35.315727434639825,0.12531,-0.08574,0.0
1828,35.33505733471352,0.12542,-0.08569,0.0
1829,35.35438723478721,0.12556,-0.08565,0.0
1830,35.37371713486091,0.12568,-0.0856,0.0
1831,35.393047034934604,0.12576,-0.08558,0.0
1832,35.4123769350083,0.12582,-0.08566,0.0
1833,35.43170683508199,0.12584,-0.08574,0.0
1834,35.45103673515568,0.12582,-0.08581,0.0
1835,35.47036663522938,0.12577,-0.08587,0.0
1836,35.489696535303075,0.12572,-0.08593,0.0
1837,35.50902643537677,0.12569,-0.08597,0.0
1838,35.52835633545046,0.12568,-0.08603,0.0
1839,35.54768623552416,0.1257,-0.08607,0.0
1840,35.567016135597854,0.12574,-0.08612,0.0
1841,35.586346035671546,0.12577,-0.08614,0.0
1842,35.60567593574524,0.12581,-0.08617,0.0
