,x,y,z
0,0.0,0.0,0.0
1,-0.0,-0.0,0.0
2,-0.0,1e-05,0.0
3,-2e-05,3e-05,0.0
4,-3e-05,3e-05,0.0
5,-4e-05,5e-05,0.0
6,-5e-05,5e-05,0.0
7,-6e-05,5e-05,0.0
8,-5e-05,5e-05,0.0
9,-6e-05,5e-05,0.0
10,-6e-05,4e-05,0.0
11,-7e-05,3e-05,0.0
12,-7e-05,4e-05,0.0
13,-6e-05,5e-05,0.0
14,-6e-05,6e-05,0.0
15,-8e-05,9e-05,0.0
16,-8e-05,0.00011,0.0
17,-8e-05,9e-05,0.0
18,-8e-05,8e-05,0.0
19,-7e-05,6e-05,0.0
20,-8e-05,4e-05,0.0
21,-8e-05,3e-05,0.0
22,-6e-05,9e-05,0.0
23,-7e-05,9e-05,0.0
24,-7e-05,9e-05,0.0
25,-7e-05,9e-05,0.0
26,-7e-05,9e-05,0.0
27,-6e-05,0.0001,0.0
28,-5e-05,8e-05,0.0
29,-4e-05,6e-05,0.0
30,-4e-05,6e-05,0.0
31,-5e-05,7e-05,0.0
32,-6e-05,9e-05,0.0
33,-6e-05,9e-05,0.0
34,-7e-05,9e-05,0.0
35,-8e-05,9e-05,0.0
36,-8e-05,9e-05,0.0
37,-8e-05,9e-05,0.0
38,-8e-05,8e-05,0.0
39,-8e-05,7e-05,0.0
40,-7e-05,6e-05,0.0
41,-6e-05,4e-05,0.0
42,-5e-05,1e-05,0.0
43,-5e-05,-1e-05,0.0
44,-4e-05,1e-05,0.0
45,-5e-05,-1e-05,0.0
46,-6e-05,-2e-05,0.0
47,-6e-05,0.0,0.0
48,-5e-05,2e-05,0.0
49,-5e-05,3e-05,0.0
50,-6e-05,3e-05,0.0
51,-6e-05,4e-05,0.0
52,-7e-05,1e-05,0.0
53,-7e-05,1e-05,0.0
54,-7e-05,-0.0,0.0
55,-7e-05,0.0,0.0
56,-7e-05,2e-05,0.0
57,-6e-05,1e-05,0.0
58,-5e-05,2e-05,0.0
59,-6e-05,1e-05,0.0
60,-6e-05,1e-05,0.0
61,-6e-05,-1e-05,0.0
62,-5e-05,-2e-05,0.0
63,-5e-05,-2e-05,0.0
64,-4e-05,-2e-05,0.0
65,-4e-05,-2e-05,0.0
66,-3e-05,-3e-05,0.0
67,-4e-05,-3e-05,0.0
68,-1e-05,-3e-05,0.0
69,-0.0001,-3e-05,0.0
70,-0.00018,6e-05,0.0
71,-0.00023,0.00017,0.0
72,-0.00024,0.00018,0.0
73,-0.00013,0.00018,0.0
74,0.00053,0.00014,0.0
75,0.0021,0.0,0.0
76,0.00489,-0.00022,0.0
77,0.00936,-0.00057,0.0
78,0.01556,-0.00101,0.0
79,0.02374,-0.00134,0.0
80,0.03293,-0.00153,0.0
81,0.04232,-0.00136,0.0
82,0.05208,-0.00152,0.0
83,0.0618,-0.00202,0.0
84,0.07075,-0.0022,0.0
85,0.07905,-0.00228,0.0
86,0.08627,-0.00271,0.0
87,0.09224,-0.0028,0.0
88,0.09744,-0.00303,0.0
89,0.10727,-0.00336,0.0
90,0.10727,-0.00336,0.0
91,0.11948,-0.00337,0.0
92,0.11948,-0.00337,0.0
93,0.13543,-0.00377,0.0
94,0.14487,-0.00385,0.0
95,0.15442,-0.0039,0.0
96,0.16409,-0.0041,0.0
97,0.16409,-0.0041,0.0
98,0.18148,-0.00453,0.0
99,0.18888,-0.00467,0.0
100,0.19556,-0.00496,0.0
101,0.20142,-0.00513,0.0
102,0.20719,-0.0053,0.0
103,0.21347,-0.00573,0.0
104,0.2203,-0.00603,0.0
105,0.22807,-0.00612,0.0
106,0.23691,-0.00628,0.0
107,0.24636,-0.00657,0.0
108,0.25617,-0.00676,0.0
109,0.26591,-0.00726,0.0
110,0.2754,-0.00756,0.0
111,0.28407,-0.00782,0.0
112,0.29191,-0.00801,0.0
113,0.2992,-0.00814,0.0
114,0.30592,-0.00835,0.0
115,0.31233,-0.00829,0.0
116,0.31907,-0.00831,0.0
117,0.32621,-0.00845,0.0
118,0.33358,-0.00847,0.0
119,0.342,-0.00857,0.0
120,0.35118,-0.00883,0.0
121,0.36052,-0.00884,0.0
122,0.37031,-0.00868,0.0
123,0.37982,-0.00883,0.0
124,0.38863,-0.00884,0.0
125,0.39704,-0.00878,0.0
126,0.40477,-0.00893,0.0
127,0.4118,-0.00919,0.0
128,0.42564,-0.00947,0.0
129,0.43262,-0.00975,0.0
130,0.44016,-0.00985,0.0
131,0.44847,-0.00993,0.0
132,0.45737,-0.01,0.0
133,0.46648,-0.00995,0.0
134,0.47594,-0.00988,0.0
135,0.48532,-0.01008,0.0
136,0.49439,-0.00997,0.0
137,0.50311,-0.00994,0.0
138,0.52581,-0.01006,0.0
139,0.52581,-0.01006,0.0
140,0.53997,-0.01053,0.0
141,0.54765,-0.01034,0.0
142,0.55591,-0.01043,0.0
143,0.56459,-0.01032,0.0
144,0.57363,-0.01025,0.0
145,0.58293,-0.0102,0.0
146,0.59223,-0.01008,0.0
147,0.60135,-0.01006,0.0
148,0.61021,-0.01002,0.0
149,0.61848,-0.01011,0.0
150,0.62639,-0.01016,0.0
151,0.63395,-0.01018,0.0
152,0.64105,-0.01037,0.0
153,0.64835,-0.01042,0.0
154,0.65592,-0.01037,0.0
155,0.66359,-0.01068,0.0
156,0.67187,-0.0108,0.0
157,0.6805,-0.01094,0.0
158,0.68933,-0.01088,0.0
159,0.69843,-0.01077,0.0
160,0.70743,-0.01099,0.0
161,0.71611,-0.01105,0.0
162,0.72449,-0.0109,0.0
163,0.73246,-0.0111,0.0
164,0.74002,-0.0112,0.0
165,0.74736,-0.01112,0.0
166,0.75464,-0.01128,0.0
167,0.76198,-0.01155,0.0
168,0.76965,-0.01163,0.0
169,0.7778,-0.0117,0.0
170,0.7862,-0.01173,0.0
171,0.79478,-0.01177,0.0
172,0.80376,-0.01172,0.0
173,0.81267,-0.01185,0.0
174,0.8213,-0.01185,0.0
175,0.82977,-0.01196,0.0
176,0.83768,-0.01243,0.0
177,0.84513,-0.01266,0.0
178,0.85272,-0.01273,0.0
179,0.86002,-0.01313,0.0
180,0.86728,-0.01335,0.0
181,0.87496,-0.01329,0.0
182,0.88289,-0.01354,0.0
183,0.89966,-0.01377,0.0
184,0.90843,-0.01403,0.0
185,0.91722,-0.0142,0.0
186,0.92586,-0.01429,0.0
187,0.9346,-0.01432,0.0
188,0.94296,-0.01448,0.0
189,0.95076,-0.01482,0.0
190,0.95858,-0.01488,0.0
191,0.96609,-0.01513,0.0
192,0.97317,-0.01531,0.0
193,0.98071,-0.01535,0.0
194,0.98847,-0.01557,0.0
195,0.99631,-0.01573,0.0
196,1.00459,-0.01582,0.0
197,1.01319,-0.01605,0.0
198,1.02187,-0.0162,0.0
199,1.03063,-0.01613,0.0
200,1.03939,-0.01633,0.0
201,1.0478,-0.01654,0.0
202,1.05577,-0.0166,0.0
203,1.06339,-0.01681,0.0
204,1.07009,-0.01716,0.0
205,1.07583,-0.01752,0.0
206,1.08104,-0.01766,0.0
207,1.08598,-0.0178,0.0
208,1.09045,-0.01799,0.0
209,1.09932,-0.01837,0.0
210,1.10418,-0.019,0.0
211,1.10952,-0.01924,0.0
212,1.11542,-0.0194,0.0
213,1.12123,-0.01942,0.0
214,1.12674,-0.01967,0.0
215,1.13175,-0.01983,0.0
216,1.13603,-0.02003,0.0
217,1.13944,-0.02011,0.0
218,1.14218,-0.02028,0.0
219,1.14437,-0.02051,0.0
220,1.14619,-0.02084,0.0
221,1.14796,-0.02124,0.0
222,1.15002,-0.02144,0.0
223,1.15272,-0.02162,0.0
224,1.15599,-0.02178,0.0
225,1.15955,-0.02174,0.0
226,1.16316,-0.02163,0.0
227,1.16659,-0.02174,0.0
228,1.16956,-0.022,0.0
229,1.17234,-0.02223,0.0
230,1.17501,-0.02238,0.0
231,1.17768,-0.02256,0.0
232,1.18026,-0.02245,0.0
233,1.18277,-0.02221,0.0
234,1.18525,-0.02187,0.0
235,1.18766,-0.02163,0.0
236,1.18996,-0.02148,0.0
237,1.19222,-0.02148,0.0
238,1.19443,-0.02163,0.0
239,1.19655,-0.02193,0.0
240,1.19853,-0.02233,0.0
241,1.20047,-0.02263,0.0
242,1.20238,-0.02275,0.0
243,1.2043,-0.02271,0.0
244,1.20626,-0.02256,0.0
245,1.21008,-0.02238,0.0
246,1.21183,-0.0222,0.0
247,1.21346,-0.02198,0.0
248,1.21499,-0.02177,0.0
249,1.21645,-0.02159,0.0
250,1.21786,-0.02151,0.0
251,1.21918,-0.02159,0.0
252,1.22039,-0.02184,0.0
253,1.22151,-0.02213,0.0
254,1.22258,-0.02227,0.0
255,1.22357,-0.02224,0.0
256,1.22451,-0.02211,0.0
257,1.22539,-0.02197,0.0
258,1.22625,-0.0219,0.0
259,1.22716,-0.0219,0.0
260,1.22805,-0.02191,0.0
261,1.22901,-0.02189,0.0
262,1.22993,-0.02194,0.0
263,1.23076,-0.02199,0.0
264,1.23159,-0.02207,0.0
265,1.23234,-0.02217,0.0
266,1.23311,-0.02228,0.0
267,1.23389,-0.02235,0.0
268,1.23468,-0.02227,0.0
269,1.23531,-0.02222,0.0
270,1.23586,-0.02206,0.0
271,1.2363,-0.02175,0.0
272,1.23655,-0.0214,0.0
273,1.23673,-0.02106,0.0
274,1.23689,-0.02089,0.0
275,1.23701,-0.02092,0.0
276,1.23709,-0.02113,0.0
277,1.23699,-0.02135,0.0
278,1.23686,-0.02141,0.0
279,1.23649,-0.02143,0.0
280,1.23589,-0.02104,0.0
281,1.23494,-0.02011,0.0
282,1.23358,-0.01848,0.0
283,1.23202,-0.01556,0.0
284,1.23019,-0.01055,0.0
285,1.22846,-0.00385,0.0
286,1.22765,0.00441,0.0
287,1.22743,0.01362,0.0
288,1.22747,0.02353,0.0
289,1.22746,0.03317,0.0
290,1.22701,0.04264,0.0
291,1.22658,0.05119,0.0
292,1.22647,0.0591,0.0
293,1.22633,0.06661,0.0
294,1.22627,0.07314,0.0
295,1.22606,0.07904,0.0
296,1.22606,0.08489,0.0
297,1.22596,0.09064,0.0
298,1.22565,0.09664,0.0
299,1.22532,0.10366,0.0
300,1.225,0.11135,0.0
301,1.22469,0.11945,0.0
302,1.22419,0.12807,0.0
303,1.22374,0.13672,0.0
304,1.22329,0.14538,0.0
305,1.22311,0.15375,0.0
306,1.22304,0.16189,0.0
307,1.22281,0.16952,0.0
308,1.22303,0.17653,0.0
309,1.2234,0.18357,0.0
310,1.22371,0.19065,0.0
311,1.22382,0.19759,0.0
312,1.22381,0.20521,0.0
313,1.2237,0.21356,0.0
314,1.22319,0.22181,0.0
315,1.22251,0.23054,0.0
316,1.22223,0.23972,0.0
317,1.22176,0.24882,0.0
318,1.22117,0.25772,0.0
319,1.2211,0.26651,0.0
320,1.22111,0.27485,0.0
321,1.22138,0.28274,0.0
322,1.22186,0.29064,0.0
323,1.22227,0.29842,0.0
324,1.22261,0.30623,0.0
325,1.22297,0.31456,0.0
326,1.22304,0.32305,0.0
327,1.22269,0.33193,0.0
328,1.22249,0.34116,0.0
329,1.22225,0.35007,0.0
330,1.22188,0.35895,0.0
331,1.22179,0.36791,0.0
332,1.22193,0.37667,0.0
333,1.22215,0.38553,0.0
334,1.22277,0.40266,0.0
335,1.2232,0.41123,0.0
336,1.2236,0.41979,0.0
337,1.2236,0.41979,0.0
338,1.22442,0.43741,0.0
339,1.22457,0.44635,0.0
340,1.22495,0.45542,0.0
341,1.22485,0.46443,0.0
342,1.22465,0.47371,0.0
343,1.22472,0.48302,0.0
344,1.22455,0.49215,0.0
345,1.22452,0.50128,0.0
346,1.22471,0.51046,0.0
347,1.22501,0.51933,0.0
348,1.22554,0.52832,0.0
349,1.2261,0.53738,0.0
350,1.22635,0.54622,0.0
351,1.22666,0.55548,0.0
352,1.22701,0.5649,0.0
353,1.22695,0.57414,0.0
354,1.22698,0.58357,0.0
355,1.22698,0.58357,0.0
356,1.22689,0.60248,0.0
357,1.22679,0.61212,0.0
358,1.22691,0.62164,0.0
359,1.22694,0.63097,0.0
360,1.22743,0.64052,0.0
361,1.22796,0.64989,0.0
362,1.22848,0.65921,0.0
363,1.22947,0.67751,0.0
364,1.22985,0.68705,0.0
365,1.23007,0.69649,0.0
366,1.23008,0.70613,0.0
367,1.23008,0.71606,0.0
368,1.23006,0.72589,0.0
369,1.23008,0.73581,0.0
370,1.23021,0.74557,0.0
371,1.23048,0.75507,0.0
372,1.23073,0.7647,0.0
373,1.23128,0.77426,0.0
374,1.23191,0.78382,0.0
375,1.23245,0.79345,0.0
376,1.23312,0.80298,0.0
377,1.23359,0.81258,0.0
378,1.23416,0.82221,0.0
379,1.23437,0.8317,0.0
380,1.23472,0.84169,0.0
381,1.23505,0.85173,0.0
382,1.2353,0.86153,0.0
383,1.23563,0.87147,0.0
384,1.23595,0.88119,0.0
385,1.23642,0.89087,0.0
386,1.23692,0.90044,0.0
387,1.23771,0.91002,0.0
388,1.23835,0.91972,0.0
389,1.23912,0.92915,0.0
390,1.23993,0.93883,0.0
391,1.24075,0.94868,0.0
392,1.24172,0.95851,0.0
393,1.24242,0.96826,0.0
394,1.24337,0.9781,0.0
395,1.24408,0.98774,0.0
396,1.24505,0.99784,0.0
397,1.24587,1.00766,0.0
398,1.24671,1.01737,0.0
399,1.2478,1.02702,0.0
400,1.24885,1.03653,0.0
401,1.25007,1.04607,0.0
402,1.2512,1.05507,0.0
403,1.25215,1.06344,0.0
404,1.25315,1.07112,0.0
405,1.25389,1.078,0.0
406,1.2544,1.0843,0.0
407,1.255,1.09012,0.0
408,1.25551,1.09576,0.0
409,1.25608,1.10666,0.0
410,1.25668,1.11238,0.0
411,1.25758,1.11879,0.0
412,1.25841,1.12524,0.0
413,1.25907,1.13111,0.0
414,1.26006,1.13666,0.0
415,1.26123,1.14196,0.0
416,1.26222,1.14671,0.0
417,1.26281,1.1505,0.0
418,1.26317,1.15324,0.0
419,1.26367,1.15548,0.0
420,1.26419,1.15754,0.0
421,1.26471,1.15942,0.0
422,1.26524,1.16113,0.0
423,1.26582,1.16271,0.0
424,1.26628,1.16397,0.0
425,1.26683,1.16485,0.0
426,1.26734,1.16553,0.0
427,1.26783,1.16599,0.0
428,1.26842,1.1663,0.0
429,1.26898,1.16669,0.0
430,1.26954,1.16711,0.0
431,1.2702,1.16757,0.0
432,1.27085,1.16797,0.0
433,1.27154,1.1683,0.0
434,1.2722,1.16858,0.0
435,1.2728,1.16875,0.0
436,1.27348,1.16878,0.0
437,1.27407,1.16873,0.0
438,1.27458,1.16867,0.0
439,1.27505,1.16864,0.0
440,1.27556,1.16858,0.0
441,1.27601,1.16857,0.0
442,1.27649,1.16856,0.0
443,1.27692,1.16854,0.0
444,1.27728,1.16854,0.0
445,1.27757,1.16858,0.0
446,1.27773,1.16866,0.0
447,1.27782,1.16874,0.0
448,1.27777,1.1688,0.0
449,1.27762,1.16888,0.0
450,1.27742,1.16893,0.0
451,1.27726,1.16896,0.0
452,1.27712,1.16893,0.0
453,1.27696,1.16885,0.0
454,1.27686,1.16885,0.0
455,1.2768,1.16888,0.0
456,1.27676,1.16891,0.0
457,1.27672,1.16894,0.0
458,1.27677,1.1689,0.0
459,1.27683,1.16886,0.0
460,1.27689,1.16883,0.0
461,1.27696,1.16878,0.0
462,1.27708,1.16873,0.0
463,1.27716,1.16867,0.0
464,1.27732,1.16874,0.0
465,1.27736,1.16873,0.0
466,1.2774,1.16866,0.0
467,1.27742,1.16856,0.0
468,1.27747,1.16845,0.0
469,1.27751,1.1684,0.0
470,1.27753,1.1684,0.0
471,1.27757,1.16839,0.0
472,1.27748,1.1685,0.0
473,1.27686,1.16888,0.0
474,1.27522,1.16947,0.0
475,1.27212,1.17049,0.0
476,1.26742,1.17178,0.0
477,1.26071,1.17321,0.0
478,1.25309,1.17441,0.0
479,1.24472,1.17506,0.0
480,1.23596,1.17571,0.0
481,1.22705,1.17609,0.0
482,1.2179,1.17596,0.0
483,1.20878,1.17608,0.0
484,1.2003,1.17635,0.0
485,1.19239,1.17631,0.0
486,1.18518,1.17623,0.0
487,1.17902,1.17665,0.0
488,1.17337,1.17708,0.0
489,1.16773,1.17714,0.0
490,1.16185,1.17722,0.0
491,1.15549,1.17737,0.0
492,1.14829,1.17717,0.0
493,1.14008,1.1767,0.0
494,1.13088,1.17656,0.0
495,1.11144,1.1765,0.0
496,1.10176,1.17611,0.0
497,1.09269,1.17602,0.0
498,1.08434,1.17563,0.0
499,1.07674,1.17571,0.0
500,1.06968,1.17595,0.0
501,1.06296,1.17578,0.0
502,1.05614,1.17574,0.0
503,1.04882,1.17592,0.0
504,1.04096,1.17582,0.0
505,1.03235,1.1756,0.0
506,1.02308,1.17557,0.0
507,1.01322,1.17577,0.0
508,1.00297,1.17533,0.0
509,0.99295,1.17508,0.0
510,0.98317,1.17509,0.0
511,0.97413,1.17499,0.0
512,0.9657,1.17506,0.0
513,0.95769,1.17504,0.0
514,0.95013,1.17472,0.0
515,0.94273,1.17478,0.0
516,0.93501,1.17485,0.0
517,0.92694,1.1746,0.0
518,0.91825,1.17462,0.0
519,0.90904,1.175,0.0
520,0.88898,1.17437,0.0
521,0.87872,1.17452,0.0
522,0.86841,1.17425,0.0
523,0.85858,1.17422,0.0
524,0.8494,1.17426,0.0
525,0.84061,1.17382,0.0
526,0.83231,1.17372,0.0
527,0.8242,1.1734,0.0
528,0.81606,1.17303,0.0
529,0.80785,1.17308,0.0
530,0.7991,1.17289,0.0
531,0.78973,1.17224,0.0
532,0.77983,1.17215,0.0
533,0.76965,1.17224,0.0
534,0.75908,1.17198,0.0
535,0.74851,1.17188,0.0
536,0.73821,1.1718,0.0
537,0.72828,1.1715,0.0
538,0.71894,1.17127,0.0
539,0.70991,1.1712,0.0
540,0.70148,1.17148,0.0
541,0.69279,1.17124,0.0
542,0.68412,1.17086,0.0
543,0.6753,1.17109,0.0
544,0.66605,1.17095,0.0
545,0.65624,1.17061,0.0
546,0.64584,1.17074,0.0
547,0.63525,1.17065,0.0
548,0.62453,1.17037,0.0
549,0.61394,1.17035,0.0
550,0.59402,1.16978,0.0
551,0.58472,1.16949,0.0
552,0.5758,1.1693,0.0
553,0.56711,1.16924,0.0
554,0.55827,1.16882,0.0
555,0.5494,1.16892,0.0
556,0.54007,1.16919,0.0
557,0.53023,1.16892,0.0
558,0.52003,1.16865,0.0
559,0.5093,1.16858,0.0
560,0.49851,1.16827,0.0
561,0.48771,1.16818,0.0
562,0.47714,1.1681,0.0
563,0.46677,1.16796,0.0
564,0.45687,1.16775,0.0
565,0.44732,1.16747,0.0
566,0.43814,1.16749,0.0
567,0.42891,1.16705,0.0
568,0.41968,1.16682,0.0
569,0.41039,1.16672,0.0
570,0.40076,1.16649,0.0
571,0.39067,1.16601,0.0
572,0.38005,1.16592,0.0
573,0.3693,1.16549,0.0
574,0.3583,1.16503,0.0
575,0.34738,1.16476,0.0
576,0.33643,1.16451,0.0
577,0.32588,1.16417,0.0
578,0.3158,1.16352,0.0
579,0.3061,1.16339,0.0
580,0.28727,1.16243,0.0
581,0.27795,1.1621,0.0
582,0.26832,1.16165,0.0
583,0.26832,1.16165,0.0
584,0.24793,1.16098,0.0
585,0.23711,1.16073,0.0
586,0.22605,1.16034,0.0
587,0.21507,1.1601,0.0
588,0.20446,1.1596,0.0
589,0.19487,1.15896,0.0
590,0.18638,1.15816,0.0
591,0.17952,1.15777,0.0
592,0.17375,1.15739,0.0
593,0.16873,1.15704,0.0
594,0.164,1.15709,0.0
595,0.15943,1.15695,0.0
596,0.15443,1.15662,0.0
597,0.15443,1.15662,0.0
598,0.14244,1.15628,0.0
599,0.1356,1.15608,0.0
600,0.12839,1.15591,0.0
601,0.12116,1.1556,0.0
602,0.12116,1.1556,0.0
603,0.10899,1.15517,0.0
604,0.10472,1.15489,0.0
605,0.10172,1.15441,0.0
606,0.09995,1.15394,0.0
607,0.09839,1.15379,0.0
608,0.09676,1.1537,0.0
609,0.09511,1.15356,0.0
610,0.09339,1.15352,0.0
611,0.09171,1.15346,0.0
612,0.09012,1.15319,0.0
613,0.08868,1.15299,0.0
614,0.08733,1.15276,0.0
615,0.08598,1.15265,0.0
616,0.08463,1.15266,0.0
617,0.08335,1.15262,0.0
618,0.08214,1.1526,0.0
619,0.08102,1.15251,0.0
620,0.08002,1.15245,0.0
621,0.0791,1.15245,0.0
622,0.07824,1.15258,0.0
623,0.07739,1.15265,0.0
624,0.07661,1.15273,0.0
625,0.076,1.15276,0.0
626,0.07553,1.15279,0.0
627,0.07513,1.15282,0.0
628,0.07479,1.1528,0.0
629,0.07452,1.15277,0.0
630,0.07437,1.15275,0.0
631,0.0743,1.15272,0.0
632,0.07435,1.15262,0.0
633,0.07449,1.15258,0.0
634,0.0747,1.1526,0.0
635,0.07494,1.15262,0.0
636,0.07522,1.15266,0.0
637,0.07556,1.15271,0.0
638,0.07595,1.15274,0.0
639,0.07642,1.15271,0.0
640,0.07686,1.15266,0.0
641,0.07732,1.15267,0.0
642,0.07762,1.15266,0.0
643,0.07785,1.15257,0.0
644,0.07797,1.15256,0.0
645,0.07804,1.15252,0.0
646,0.07808,1.1525,0.0
647,0.07811,1.1525,0.0
648,0.07813,1.15249,0.0
649,0.07814,1.15246,0.0
650,0.07814,1.15243,0.0
651,0.07815,1.15241,0.0
652,0.07814,1.15241,0.0
653,0.07833,1.15244,0.0
654,0.07853,1.15246,0.0
655,0.07871,1.15245,0.0
656,0.07892,1.15237,0.0
657,0.07909,1.15237,0.0
658,0.07916,1.15234,0.0
659,0.07918,1.1523,0.0
660,0.07917,1.15226,0.0
661,0.07924,1.15194,0.0
662,0.07948,1.15096,0.0
663,0.08014,1.14887,0.0
664,0.08155,1.14516,0.0
665,0.08347,1.13976,0.0
666,0.08493,1.13237,0.0
667,0.08629,1.12334,0.0
668,0.08657,1.11386,0.0
669,0.0862,1.10387,0.0
670,0.08622,1.09447,0.0
671,0.08644,1.08525,0.0
672,0.08684,1.07665,0.0
673,0.08743,1.06909,0.0
674,0.08792,1.06215,0.0
675,0.08839,1.05574,0.0
676,0.08884,1.05007,0.0
677,0.0893,1.0445,0.0
678,0.08976,1.03845,0.0
679,0.09013,1.03207,0.0
680,0.0905,1.02508,0.0
681,0.09081,1.00879,0.0
682,0.09082,0.99992,0.0
683,0.09082,0.99122,0.0
684,0.09107,0.98293,0.0
685,0.09134,0.97507,0.0
686,0.09187,0.96778,0.0
687,0.09267,0.96067,0.0
688,0.09347,0.95347,0.0
689,0.09437,0.94639,0.0
690,0.09508,0.93924,0.0
691,0.09566,0.93135,0.0
692,0.09594,0.92301,0.0
693,0.0962,0.91475,0.0
694,0.09628,0.90593,0.0
695,0.09631,0.89671,0.0
696,0.09655,0.8879,0.0
697,0.0969,0.87896,0.0
698,0.09728,0.87001,0.0
699,0.09796,0.86139,0.0
700,0.09872,0.8533,0.0
701,0.09954,0.84501,0.0
702,0.10063,0.83705,0.0
703,0.10145,0.82937,0.0
704,0.10223,0.82097,0.0
705,0.10284,0.81213,0.0
706,0.10303,0.80322,0.0
707,0.10345,0.79407,0.0
708,0.10374,0.78458,0.0
709,0.10388,0.7753,0.0
710,0.10422,0.76625,0.0
711,0.10467,0.75706,0.0
712,0.10528,0.74831,0.0
713,0.10598,0.73966,0.0
714,0.10676,0.7306,0.0
715,0.10751,0.72205,0.0
716,0.1083,0.71357,0.0
717,0.10906,0.70452,0.0
718,0.10963,0.69545,0.0
719,0.11011,0.68631,0.0
720,0.11053,0.67655,0.0
721,0.11087,0.66692,0.0
722,0.11109,0.65744,0.0
723,0.11148,0.64757,0.0
724,0.11187,0.63826,0.0
725,0.11256,0.62915,0.0
726,0.11319,0.61974,0.0
727,0.11372,0.61063,0.0
728,0.11444,0.60161,0.0
729,0.11498,0.59225,0.0
730,0.11551,0.58303,0.0
731,0.11593,0.57356,0.0
732,0.11638,0.56381,0.0
733,0.11673,0.55409,0.0
734,0.11716,0.54391,0.0
735,0.11746,0.53398,0.0
736,0.11778,0.52408,0.0
737,0.11818,0.51439,0.0
738,0.11855,0.50495,0.0
739,0.11896,0.49547,0.0
740,0.11961,0.486,0.0
741,0.12022,0.47628,0.0
742,0.12082,0.46665,0.0
743,0.12126,0.45658,0.0
744,0.12158,0.44663,0.0
745,0.12208,0.43665,0.0
746,0.12248,0.42665,0.0
747,0.12283,0.41677,0.0
748,0.12318,0.40675,0.0
749,0.12342,0.3969,0.0
750,0.1236,0.38722,0.0
751,0.12387,0.37758,0.0
752,0.12401,0.36805,0.0
753,0.12408,0.35852,0.0
754,0.12449,0.34891,0.0
755,0.12477,0.33926,0.0
756,0.12517,0.32946,0.0
757,0.12554,0.31958,0.0
758,0.12578,0.30985,0.0
759,0.12613,0.29992,0.0
760,0.12623,0.28998,0.0
761,0.12645,0.27021,0.0
762,0.12657,0.26041,0.0
763,0.12671,0.25064,0.0
764,0.12687,0.24061,0.0
765,0.12694,0.23077,0.0
766,0.12699,0.22064,0.0
767,0.12705,0.21093,0.0
768,0.12706,0.20134,0.0
769,0.12712,0.1915,0.0
770,0.12691,0.18175,0.0
771,0.12696,0.17181,0.0
772,0.12697,0.16165,0.0
773,0.12682,0.15176,0.0
774,0.12668,0.14151,0.0
775,0.12627,0.13145,0.0
776,0.1261,0.12144,0.0
777,0.12574,0.1116,0.0
778,0.12529,0.10193,0.0
779,0.12482,0.09233,0.0
780,0.12428,0.08302,0.0
781,0.12378,0.07416,0.0
782,0.12342,0.06611,0.0
783,0.12317,0.05866,0.0
784,0.12307,0.05206,0.0
785,0.12317,0.04616,0.0
786,0.12353,0.04055,0.0
787,0.12361,0.03491,0.0
788,0.12349,0.02948,0.0
789,0.12301,0.01826,0.0
790,0.12249,0.01175,0.0
791,0.12169,0.00529,0.0
792,0.12086,-0.00062,0.0
793,0.12024,-0.00629,0.0
794,0.11963,-0.01185,0.0
795,0.1192,-0.01665,0.0
796,0.11927,-0.02014,0.0
797,0.11974,-0.02261,0.0
798,0.12045,-0.02452,0.0
799,0.1212,-0.02643,0.0
800,0.12179,-0.02846,0.0
801,0.12231,-0.03043,0.0
802,0.12272,-0.03235,0.0
803,0.12288,-0.03422,0.0
804,0.12305,-0.03575,0.0
805,0.12317,-0.03695,0.0
806,0.12328,-0.03793,0.0
807,0.12327,-0.03841,0.0
808,0.12331,-0.03835,0.0
809,0.12334,-0.0379,0.0
810,0.12335,-0.03734,0.0
811,0.12339,-0.03686,0.0
812,0.12331,-0.03643,0.0
813,0.1232,-0.03615,0.0
814,0.12314,-0.03595,0.0
815,0.12302,-0.0358,0.0
816,0.12283,-0.03565,0.0
817,0.12292,-0.03586,0.0
818,0.12291,-0.0361,0.0
819,0.12296,-0.03629,0.0
820,0.123,-0.03636,0.0
821,0.12311,-0.03644,0.0
822,0.12324,-0.03654,0.0
823,0.12336,-0.03655,0.0
824,0.1236,-0.03654,0.0
825,0.12374,-0.03652,0.0
826,0.12378,-0.03639,0.0
827,0.12385,-0.03627,0.0
828,0.12388,-0.0362,0.0
829,0.12385,-0.03619,0.0
830,0.12387,-0.03618,0.0
831,0.12369,-0.03623,0.0
832,0.12351,-0.03623,0.0
833,0.12339,-0.03626,0.0
834,0.12328,-0.03622,0.0
835,0.12318,-0.03619,0.0
836,0.12301,-0.03622,0.0
837,0.12284,-0.03617,0.0
838,0.12273,-0.03604,0.0
839,0.12265,-0.03596,0.0
840,0.12262,-0.03594,0.0
841,0.12259,-0.03594,0.0
842,0.12257,-0.03597,0.0
843,0.12255,-0.03601,0.0
844,0.12252,-0.03605,0.0
845,0.12252,-0.0361,0.0
846,0.1225,-0.03616,0.0
847,0.12248,-0.03619,0.0
848,0.1225,-0.03625,0.0
849,0.12254,-0.03631,0.0
850,0.12258,-0.03635,0.0
851,0.12266,-0.03643,0.0
852,0.12318,-0.03649,0.0
853,0.1246,-0.03655,0.0
854,0.12741,-0.03669,0.0
855,0.13196,-0.03685,0.0
856,0.13821,-0.03736,0.0
857,0.1459,-0.03846,0.0
858,0.15448,-0.03936,0.0
859,0.16365,-0.03926,0.0
860,0.17316,-0.03877,0.0
861,0.18278,-0.03848,0.0
862,0.19206,-0.03816,0.0
863,0.20105,-0.03772,0.0
864,0.2091,-0.03743,0.0
865,0.21619,-0.03738,0.0
866,0.22256,-0.0372,0.0
867,0.22837,-0.0369,0.0
868,0.23394,-0.03686,0.0
869,0.23962,-0.0368,0.0
870,0.24594,-0.03677,0.0
871,0.25306,-0.03654,0.0
872,0.26099,-0.03635,0.0
873,0.26964,-0.03596,0.0
874,0.27901,-0.03565,0.0
875,0.28828,-0.03541,0.0
876,0.29732,-0.0351,0.0
877,0.30599,-0.03444,0.0
878,0.31388,-0.03397,0.0
879,0.32084,-0.03367,0.0
880,0.32749,-0.03333,0.0
881,0.33383,-0.03304,0.0
882,0.33998,-0.03255,0.0
883,0.34666,-0.03198,0.0
884,0.35396,-0.03154,0.0
885,0.36214,-0.03107,0.0
886,0.37089,-0.03059,0.0
887,0.38017,-0.03012,0.0
888,0.38984,-0.02946,0.0
889,0.39906,-0.02905,0.0
890,0.40802,-0.0285,0.0
891,0.4166,-0.02806,0.0
892,0.42442,-0.02771,0.0
893,0.4318,-0.02737,0.0
894,0.43878,-0.02713,0.0
895,0.44554,-0.02676,0.0
896,0.45256,-0.02635,0.0
897,0.46797,-0.02551,0.0
898,0.47667,-0.0251,0.0
899,0.48578,-0.02465,0.0
900,0.49534,-0.0242,0.0
901,0.50487,-0.02357,0.0
902,0.51423,-0.02313,0.0
903,0.52318,-0.02264,0.0
904,0.53143,-0.02219,0.0
905,0.53922,-0.02169,0.0
906,0.54653,-0.02108,0.0
907,0.55369,-0.02052,0.0
908,0.56109,-0.02006,0.0
909,0.56877,-0.01972,0.0
910,0.577,-0.01939,0.0
911,0.58588,-0.01893,0.0
912,0.59508,-0.01853,0.0
913,0.61462,-0.01709,0.0
914,0.62402,-0.01666,0.0
915,0.63324,-0.01586,0.0
916,0.64191,-0.01534,0.0
917,0.64998,-0.01481,0.0
918,0.65779,-0.01421,0.0
919,0.6653,-0.0138,0.0
920,0.67272,-0.01316,0.0
921,0.68051,-0.01253,0.0
922,0.68867,-0.01185,0.0
923,0.69703,-0.01115,0.0
924,0.70598,-0.01039,0.0
925,0.7153,-0.00961,0.0
926,0.72455,-0.00928,0.0
927,0.73398,-0.00851,0.0
928,0.74328,-0.00785,0.0
929,0.7519,-0.00763,0.0
930,0.76019,-0.00714,0.0
931,0.76821,-0.00666,0.0
932,0.77589,-0.00619,0.0
933,0.7835,-0.0055,0.0
934,0.7913,-0.00509,0.0
935,0.79929,-0.00477,0.0
936,0.80746,-0.00426,0.0
937,0.8164,-0.00365,0.0
938,0.82554,-0.00283,0.0
939,0.83484,-0.00197,0.0
940,0.84442,-0.0013,0.0
941,0.85355,-0.0007,0.0
942,0.86251,-0.00014,0.0
943,0.87126,0.0004,0.0
944,0.87944,0.00084,0.0
945,0.89528,0.00147,0.0
946,0.90311,0.002,0.0
947,0.91141,0.00277,0.0
948,0.91994,0.00327,0.0
949,0.92874,0.00384,0.0
950,0.93769,0.00428,0.0
951,0.94688,0.00486,0.0
952,0.95626,0.00573,0.0
953,0.9655,0.00637,0.0
954,0.97462,0.00686,0.0
955,0.9833,0.00743,0.0
956,0.99171,0.00792,0.0
957,1.00011,0.00823,0.0
958,1.00822,0.00862,0.0
959,1.01622,0.00914,0.0
960,1.02427,0.00938,0.0
961,1.03259,0.00996,0.0
962,1.04121,0.01048,0.0
963,1.05,0.01076,0.0
964,1.05915,0.01135,0.0
965,1.06848,0.01168,0.0
966,1.0778,0.01211,0.0
967,1.08722,0.01267,0.0
968,1.09633,0.01293,0.0
969,1.10499,0.01318,0.0
970,1.11366,0.01341,0.0
971,1.1221,0.01354,0.0
972,1.13034,0.01383,0.0
973,1.13863,0.01424,0.0
974,1.14694,0.01447,0.0
975,1.1554,0.01459,0.0
976,1.16422,0.01486,0.0
977,1.17329,0.01495,0.0
978,1.18231,0.01494,0.0
979,1.19113,0.01532,0.0
980,1.19933,0.01539,0.0
981,1.2065,0.01514,0.0
982,1.21269,0.01526,0.0
983,1.21815,0.01545,0.0
984,1.22723,0.01539,0.0
985,1.23136,0.01552,0.0
986,1.23557,0.01532,0.0
987,1.24015,0.01553,0.0
988,1.24534,0.01555,0.0
989,1.25112,0.01551,0.0
990,1.2573,0.01524,0.0
991,1.26347,0.01519,0.0
992,1.26921,0.01503,0.0
993,1.27415,0.01501,0.0
994,1.27808,0.01507,0.0
995,1.2809,0.01496,0.0
996,1.28268,0.01502,0.0
997,1.28373,0.01534,0.0
998,1.2845,0.01577,0.0
999,1.28541,0.01602,0.0
1000,1.28639,0.01618,0.0
1001,1.28741,0.01624,0.0
1002,1.28852,0.0161,0.0
1003,1.29045,0.01602,0.0
1004,1.29137,0.01615,0.0
1005,1.29235,0.0162,0.0
1006,1.29336,0.01622,0.0
1007,1.29441,0.01631,0.0
1008,1.29543,0.01636,0.0
1009,1.29641,0.01623,0.0
1010,1.29742,0.01614,0.0
1011,1.29842,0.01603,0.0
1012,1.29943,0.01598,0.0
1013,1.30038,0.01594,0.0
1014,1.30122,0.01585,0.0
1015,1.30186,0.01572,0.0
1016,1.30234,0.01558,0.0
1017,1.30268,0.01542,0.0
1018,1.30298,0.01554,0.0
1019,1.30298,0.01554,0.0
1020,1.30247,0.01576,0.0
1021,1.30196,0.01568,0.0
1022,1.30134,0.01565,0.0
1023,1.30074,0.0155,0.0
1024,1.30011,0.01544,0.0
1025,1.2996,0.01543,0.0
1026,1.29914,0.0154,0.0
1027,1.29871,0.01544,0.0
1028,1.2983,0.01547,0.0
1029,1.29791,0.01542,0.0
1030,1.29754,0.01538,0.0
1031,1.29717,0.01529,0.0
1032,1.29681,0.01518,0.0
1033,1.29641,0.01504,0.0
1034,1.29611,0.01486,0.0
1035,1.29595,0.01477,0.0
1036,1.29595,0.01477,0.0
1037,1.29592,0.01482,0.0
1038,1.29601,0.01485,0.0
1039,1.29616,0.0149,0.0
1040,1.29636,0.015,0.0
1041,1.29656,0.01506,0.0
1042,1.29679,0.01495,0.0
1043,1.29698,0.01491,0.0
1044,1.29715,0.01487,0.0
1045,1.29722,0.01486,0.0
1046,1.29724,0.01485,0.0
1047,1.29723,0.01484,0.0
1048,1.29719,0.01485,0.0
1049,1.29714,0.01488,0.0
1050,1.29693,0.01511,0.0
1051,1.29641,0.01579,0.0
1052,1.29556,0.01732,0.0
1053,1.29465,0.02041,0.0
1054,1.29376,0.02494,0.0
1055,1.29286,0.03135,0.0
1056,1.29235,0.03985,0.0
1057,1.29227,0.0498,0.0
1058,1.29205,0.06039,0.0
1059,1.29163,0.07043,0.0
1060,1.29085,0.07978,0.0
1061,1.29011,0.08823,0.0
1062,1.28947,0.09604,0.0
1063,1.28908,0.1031,0.0
1064,1.28889,0.10931,0.0
1065,1.28886,0.11491,0.0
1066,1.28887,0.12072,0.0
1067,1.28855,0.12635,0.0
1068,1.28827,0.13246,0.0
1069,1.28771,0.13976,0.0
1070,1.28711,0.14793,0.0
1071,1.2863,0.15633,0.0
1072,1.28547,0.16478,0.0
1073,1.28476,0.17355,0.0
1074,1.28361,0.18194,0.0
1075,1.28259,0.19008,0.0
1076,1.2822,0.1981,0.0
1077,1.28163,0.20557,0.0
1078,1.28093,0.21241,0.0
1079,1.28076,0.21939,0.0
1080,1.28047,0.22645,0.0
1081,1.27993,0.23365,0.0
1082,1.27946,0.24148,0.0
1083,1.27886,0.25001,0.0
1084,1.27791,0.25842,0.0
1085,1.27675,0.26719,0.0
1086,1.27575,0.27624,0.0
1087,1.27392,0.29387,0.0
1088,1.27319,0.30221,0.0
1089,1.27269,0.31022,0.0
1090,1.27269,0.31022,0.0
1091,1.27195,0.32596,0.0
1092,1.27177,0.33378,0.0
1093,1.27158,0.34167,0.0
1094,1.27124,0.35001,0.0
1095,1.27073,0.35851,0.0
1096,1.26999,0.36699,0.0
1097,1.2691,0.3762,0.0
1098,1.26835,0.38513,0.0
1099,1.26748,0.39385,0.0
1100,1.26653,0.40278,0.0
1101,1.26593,0.41155,0.0
1102,1.26557,0.42023,0.0
1103,1.26514,0.42866,0.0
1104,1.26469,0.43713,0.0
1105,1.26456,0.44576,0.0
1106,1.26425,0.45413,0.0
1107,1.26389,0.46279,0.0
1108,1.26351,0.47161,0.0
1109,1.26279,0.48032,0.0
1110,1.26203,0.48955,0.0
1111,1.26148,0.49876,0.0
1112,1.25996,0.51705,0.0
1113,1.25948,0.52611,0.0
1114,1.25886,0.535,0.0
1115,1.25846,0.54383,0.0
1116,1.25812,0.55273,0.0
1117,1.25765,0.56139,0.0
1118,1.25724,0.57039,0.0
1119,1.25686,0.57957,0.0
1120,1.25623,0.58868,0.0
1121,1.25536,0.59825,0.0
1122,1.25469,0.60789,0.0
1123,1.25373,0.61748,0.0
1124,1.25303,0.62712,0.0
1125,1.25233,0.63673,0.0
1126,1.25172,0.646,0.0
1127,1.25138,0.65547,0.0
1128,1.25101,0.66443,0.0
1129,1.25052,0.67365,0.0
1130,1.25009,0.68297,0.0
1131,1.2494,0.69211,0.0
1132,1.24884,0.70172,0.0
1133,1.24826,0.7112,0.0
1134,1.24749,0.7208,0.0
1135,1.24679,0.73038,0.0
1136,1.24612,0.73994,0.0
1137,1.24534,0.74959,0.0
1138,1.24476,0.75918,0.0
1139,1.24432,0.76871,0.0
1140,1.24332,0.78769,0.0
1141,1.24288,0.79713,0.0
1142,1.2425,0.80677,0.0
1143,1.24206,0.81624,0.0
1144,1.24156,0.82561,0.0
1145,1.24111,0.83551,0.0
1146,1.24075,0.84507,0.0
1147,1.2402,0.85478,0.0
1148,1.23957,0.8645,0.0
1149,1.23905,0.87435,0.0
1150,1.23854,0.88431,0.0
1151,1.23793,0.89383,0.0
1152,1.23739,0.90364,0.0
1153,1.2369,0.9132,0.0
1154,1.23651,0.92281,0.0
1155,1.2361,0.93246,0.0
1156,1.23562,0.94223,0.0
1157,1.23548,0.95213,0.0
1158,1.23505,0.96193,0.0
1159,1.23493,0.97194,0.0
1160,1.23456,0.98179,0.0
1161,1.23415,0.99171,0.0
1162,1.23379,1.00148,0.0
1163,1.23348,1.01146,0.0
1164,1.23326,1.02136,0.0
1165,1.23299,1.03108,0.0
1166,1.2328,1.04091,0.0
1167,1.23283,1.05058,0.0
1168,1.23277,1.06051,0.0
1169,1.23265,1.07011,0.0
1170,1.23272,1.07964,0.0
1171,1.23271,1.0887,0.0
1172,1.23282,1.09699,0.0
1173,1.23274,1.10469,0.0
1174,1.2324,1.11165,0.0
1175,1.23213,1.11765,0.0
1176,1.23167,1.12335,0.0
1177,1.23123,1.12892,0.0
1178,1.23102,1.13417,0.0
1179,1.23091,1.13969,0.0
1180,1.23098,1.14593,0.0
1181,1.2312,1.15224,0.0
1182,1.23133,1.15847,0.0
1183,1.23149,1.16449,0.0
1184,1.23186,1.17553,0.0
1185,1.23192,1.18035,0.0
1186,1.23209,1.18423,0.0
1187,1.23207,1.18721,0.0
1188,1.23184,1.18938,0.0
1189,1.23153,1.19112,0.0
1190,1.23133,1.19255,0.0
1191,1.23119,1.19382,0.0
1192,1.23117,1.19489,0.0
1193,1.23122,1.19566,0.0
1194,1.23134,1.19619,0.0
1195,1.23149,1.19656,0.0
1196,1.2317,1.1969,0.0
1197,1.2318,1.19735,0.0
1198,1.23199,1.19783,0.0
1199,1.23208,1.19822,0.0
1200,1.23209,1.19856,0.0
1201,1.23231,1.19889,0.0
1202,1.23244,1.19926,0.0
1203,1.2325,1.1996,0.0
1204,1.23249,1.19982,0.0
1205,1.23253,1.19999,0.0
1206,1.23257,1.2001,0.0
1207,1.23254,1.20022,0.0
1208,1.23238,1.20034,0.0
1209,1.23238,1.20034,0.0
1210,1.23238,1.2003,0.0
1211,1.23233,1.20031,0.0
1212,1.23219,1.20031,0.0
1213,1.2321,1.20029,0.0
1214,1.23203,1.20031,0.0
1215,1.23201,1.20034,0.0
1216,1.23201,1.20034,0.0
1217,1.23205,1.20031,0.0
1218,1.23205,1.2002,0.0
1219,1.23228,1.20011,0.0
1220,1.23242,1.20011,0.0
1221,1.23258,1.20016,0.0
1222,1.23267,1.2002,0.0
1223,1.23274,1.20022,0.0
1224,1.23281,1.20018,0.0
1225,1.23278,1.20029,0.0
1226,1.23281,1.20037,0.0
1227,1.23283,1.20044,0.0
1228,1.23283,1.2005,0.0
1229,1.23284,1.20057,0.0
1230,1.23283,1.20061,0.0
1231,1.23284,1.20067,0.0
1232,1.23284,1.20073,0.0
1233,1.23282,1.20081,0.0
1234,1.23281,1.20087,0.0
1235,1.23277,1.20091,0.0
1236,1.23274,1.20095,0.0
1237,1.2327,1.20097,0.0
1238,1.23267,1.20101,0.0
1239,1.23265,1.20106,0.0
1240,1.2326,1.20115,0.0
1241,1.23214,1.20125,0.0
1242,1.23081,1.2013,0.0
1243,1.22445,1.20146,0.0
1244,1.21846,1.20147,0.0
1245,1.21087,1.2016,0.0
1246,1.20255,1.20122,0.0
1247,1.19377,1.20056,0.0
1248,1.18457,1.20011,0.0
1249,1.17524,1.19947,0.0
1250,1.16622,1.19823,0.0
1251,1.15793,1.1973,0.0
1252,1.15049,1.1969,0.0
1253,1.1439,1.19591,0.0
1254,1.13807,1.19523,0.0
1255,1.13258,1.19494,0.0
1256,1.12726,1.19454,0.0
1257,1.12164,1.19366,0.0
1258,1.11545,1.19282,0.0
1259,1.10832,1.19212,0.0
1260,1.10013,1.19114,0.0
1261,1.09125,1.18988,0.0
1262,1.08205,1.18863,0.0
1263,1.07244,1.18741,0.0
1264,1.06312,1.18615,0.0
1265,1.05469,1.18503,0.0
1266,1.04681,1.18397,0.0
1267,1.03959,1.18297,0.0
1268,1.03303,1.18211,0.0
1269,1.0265,1.18151,0.0
1270,1.01996,1.18057,0.0
1271,1.01313,1.17946,0.0
1272,1.00553,1.17881,0.0
1273,0.99722,1.17811,0.0
1274,0.98804,1.1767,0.0
1275,0.97846,1.17536,0.0
1276,0.96874,1.17451,0.0
1277,0.959,1.17331,0.0
1278,0.94987,1.17215,0.0
1279,0.94093,1.17114,0.0
1280,0.93264,1.17009,0.0
1281,0.92486,1.16925,0.0
1282,0.91749,1.16854,0.0
1283,0.90302,1.16647,0.0
1284,0.89516,1.16574,0.0
1285,0.89516,1.16574,0.0
1286,0.87755,1.16277,0.0
1287,0.86794,1.16169,0.0
1288,0.85797,1.16061,0.0
1289,0.84789,1.15903,0.0
1290,0.8381,1.15783,0.0
1291,0.82855,1.15668,0.0
1292,0.81956,1.15539,0.0
1293,0.81099,1.15425,0.0
1294,0.80291,1.15314,0.0
1295,0.79502,1.15228,0.0
1296,0.78706,1.15151,0.0
1297,0.77912,1.15061,0.0
1298,0.77079,1.14953,0.0
1299,0.76172,1.14867,0.0
1300,0.75207,1.1474,0.0
1301,0.74216,1.14604,0.0
1302,0.73192,1.14517,0.0
1303,0.72153,1.14373,0.0
1304,0.71135,1.14247,0.0
1305,0.70151,1.14126,0.0
1306,0.69212,1.1404,0.0
1307,0.68336,1.13955,0.0
1308,0.67488,1.13844,0.0
1309,0.66662,1.13762,0.0
1310,0.65834,1.13667,0.0
1311,0.64965,1.13555,0.0
1312,0.63083,1.13306,0.0
1313,0.62063,1.13158,0.0
1314,0.61026,1.13001,0.0
1315,0.59996,1.12926,0.0
1316,0.58973,1.12785,0.0
1317,0.57984,1.1267,0.0
1318,0.57036,1.12544,0.0
1319,0.56115,1.12436,0.0
1320,0.55232,1.12321,0.0
1321,0.54358,1.1218,0.0
1322,0.53485,1.12075,0.0
1323,0.52602,1.11974,0.0
1324,0.51681,1.1184,0.0
1325,0.49722,1.11596,0.0
1326,0.48687,1.11432,0.0
1327,0.47633,1.11304,0.0
1328,0.46597,1.11197,0.0
1329,0.45581,1.11027,0.0
1330,0.44594,1.10888,0.0
1331,0.43635,1.10748,0.0
1332,0.42732,1.10657,0.0
1333,0.41832,1.10519,0.0
1334,0.40952,1.10384,0.0
1335,0.40062,1.10282,0.0
1336,0.39141,1.1014,0.0
1337,0.38185,1.10004,0.0
1338,0.37201,1.09883,0.0
1339,0.36174,1.09758,0.0
1340,0.35127,1.09586,0.0
1341,0.34071,1.09448,0.0
1342,0.33024,1.09282,0.0
1343,0.31994,1.09133,0.0
1344,0.30981,1.08965,0.0
1345,0.30031,1.08825,0.0
1346,0.29093,1.08703,0.0
1347,0.28177,1.08555,0.0
1348,0.27272,1.08434,0.0
1349,0.26339,1.08297,0.0
1350,0.25379,1.08134,0.0
1351,0.24384,1.08016,0.0
1352,0.23346,1.07887,0.0
1353,0.22276,1.07733,0.0
1354,0.21215,1.07591,0.0
1355,0.20148,1.07425,0.0
1356,0.19104,1.07265,0.0
1357,0.18079,1.07105,0.0
1358,0.17136,1.0697,0.0
1359,0.16273,1.06846,0.0
1360,0.15492,1.06717,0.0
1361,0.14842,1.06632,0.0
1362,0.14258,1.06554,0.0
1363,0.13705,1.06459,0.0
1364,0.13178,1.06406,0.0
1365,0.1266,1.06352,0.0
1366,0.12102,1.06265,0.0
1367,0.11457,1.06175,0.0
1368,0.10761,1.06065,0.0
1369,0.10038,1.05963,0.0
1370,0.09326,1.05889,0.0
1371,0.08667,1.05821,0.0
1372,0.08104,1.05737,0.0
1373,0.0767,1.05708,0.0
1374,0.07364,1.05659,0.0
1375,0.07138,1.05598,0.0
1376,0.06966,1.05548,0.0
1377,0.068,1.05535,0.0
1378,0.06642,1.05531,0.0
1379,0.06497,1.05523,0.0
1380,0.06358,1.05506,0.0
1381,0.06108,1.05464,0.0
1382,0.05994,1.0545,0.0
1383,0.05994,1.0545,0.0
1384,0.05796,1.05439,0.0
1385,0.05723,1.05427,0.0
1386,0.05665,1.05409,0.0
1387,0.05617,1.05403,0.0
1388,0.05577,1.05404,0.0
1389,0.05537,1.05411,0.0
1390,0.05506,1.0542,0.0
1391,0.05478,1.05429,0.0
1392,0.05461,1.05436,0.0
1393,0.05443,1.05441,0.0
1394,0.05426,1.05437,0.0
1395,0.05418,1.05432,0.0
1396,0.05413,1.05431,0.0
1397,0.05412,1.05432,0.0
1398,0.05412,1.05438,0.0
1399,0.05406,1.05438,0.0
1400,0.05395,1.05438,0.0
1401,0.05385,1.0543,0.0
1402,0.05374,1.05423,0.0
1403,0.05363,1.05416,0.0
1404,0.05354,1.05408,0.0
1405,0.05347,1.05403,0.0
1406,0.05338,1.05403,0.0
1407,0.05336,1.05397,0.0
1408,0.05333,1.05392,0.0
1409,0.05331,1.0539,0.0
1410,0.0533,1.05384,0.0
1411,0.05329,1.05378,0.0
1412,0.05328,1.05373,0.0
1413,0.05326,1.05369,0.0
1414,0.05326,1.05367,0.0
1415,0.05324,1.05365,0.0
1416,0.05321,1.05362,0.0
1417,0.05321,1.05361,0.0
1418,0.0532,1.05357,0.0
1419,0.05319,1.05355,0.0
1420,0.05318,1.05351,0.0
1421,0.05316,1.05349,0.0
1422,0.05314,1.05349,0.0
1423,0.05312,1.05349,0.0
1424,0.05311,1.05347,0.0
1425,0.05308,1.05343,0.0
1426,0.05305,1.0534,0.0
1427,0.05301,1.05339,0.0
1428,0.05297,1.05334,0.0
1429,0.053,1.05313,0.0
1430,0.05316,1.05243,0.0
1431,0.05354,1.05083,0.0
1432,0.05424,1.04783,0.0
1433,0.05583,1.04292,0.0
1434,0.05992,1.02822,0.0
1435,0.05992,1.02822,0.0
1436,0.06148,1.01854,0.0
1437,0.06222,1.00856,0.0
1438,0.0625,0.9984,0.0
1439,0.06283,0.98875,0.0
1440,0.06407,0.97238,0.0
1441,0.06501,0.96496,0.0
1442,0.06615,0.95844,0.0
1443,0.06733,0.95286,0.0
1444,0.06733,0.95286,0.0
1445,0.06964,0.94059,0.0
1446,0.0704,0.93408,0.0
1447,0.07076,0.92705,0.0
1448,0.07069,0.91905,0.0
1449,0.07069,0.91905,0.0
1450,0.06995,0.90236,0.0
1451,0.06964,0.89355,0.0
1452,0.06955,0.88514,0.0
1453,0.06978,0.87725,0.0
1454,0.07041,0.86934,0.0
1455,0.07128,0.86181,0.0
1456,0.07216,0.85448,0.0
1457,0.07311,0.84712,0.0
1458,0.07409,0.8399,0.0
1459,0.07468,0.83255,0.0
1460,0.07535,0.82485,0.0
1461,0.07576,0.81655,0.0
1462,0.07561,0.80811,0.0
1463,0.07563,0.79944,0.0
1464,0.0757,0.79046,0.0
1465,0.0757,0.78186,0.0
1466,0.07592,0.77299,0.0
1467,0.0762,0.7645,0.0
1468,0.07684,0.75641,0.0
1469,0.07756,0.74831,0.0
1470,0.07825,0.74028,0.0
1471,0.07891,0.73216,0.0
1472,0.07954,0.72386,0.0
1473,0.08006,0.71571,0.0
1474,0.08048,0.70703,0.0
1475,0.08061,0.6889,0.0
1476,0.08061,0.6889,0.0
1477,0.08063,0.67982,0.0
1478,0.08071,0.67054,0.0
1479,0.08078,0.66128,0.0
1480,0.08118,0.65237,0.0
1481,0.08221,0.63492,0.0
1482,0.08282,0.62588,0.0
1483,0.08332,0.61715,0.0
1484,0.08388,0.60826,0.0
1485,0.08438,0.5989,0.0
1486,0.08475,0.59007,0.0
1487,0.08505,0.58101,0.0
1488,0.08505,0.58101,0.0
1489,0.08544,0.56252,0.0
1490,0.08569,0.55315,0.0
1491,0.08567,0.54355,0.0
1492,0.08595,0.53419,0.0
1493,0.08595,0.53419,0.0
1494,0.08685,0.5154,0.0
1495,0.08759,0.50603,0.0
1496,0.08805,0.4968,0.0
1497,0.08859,0.48752,0.0
1498,0.08859,0.48752,0.0
1499,0.08916,0.46945,0.0
1500,0.08935,0.46007,0.0
1501,0.08954,0.45066,0.0
1502,0.08962,0.44116,0.0
1503,0.08988,0.43146,0.0
1504,0.09003,0.4219,0.0
1505,0.09028,0.41213,0.0
1506,0.0907,0.40252,0.0
1507,0.09127,0.39296,0.0
1508,0.09192,0.38355,0.0
1509,0.09246,0.37415,0.0
1510,0.0932,0.36475,0.0
1511,0.09383,0.35555,0.0
1512,0.09484,0.33692,0.0
1513,0.09518,0.32762,0.0
1514,0.09551,0.31805,0.0
1515,0.09585,0.30836,0.0
1516,0.09616,0.29917,0.0
1517,0.09646,0.28954,0.0
1518,0.09688,0.27989,0.0
1519,0.0972,0.27028,0.0
1520,0.09802,0.26079,0.0
1521,0.09871,0.25125,0.0
1522,0.09956,0.24179,0.0
1523,0.10049,0.23263,0.0
1524,0.1014,0.22323,0.0
1525,0.10248,0.21389,0.0
1526,0.10328,0.20455,0.0
1527,0.10399,0.19513,0.0
1528,0.10443,0.18566,0.0
1529,0.105,0.17623,0.0
1530,0.10542,0.16647,0.0
1531,0.10593,0.15697,0.0
1532,0.10667,0.1475,0.0
1533,0.10751,0.13807,0.0
1534,0.10867,0.12885,0.0
1535,0.11008,0.11944,0.0
1536,0.11165,0.1103,0.0
1537,0.11334,0.10106,0.0
1538,0.11654,0.08263,0.0
1539,0.11802,0.07318,0.0
1540,0.1193,0.06387,0.0
1541,0.12037,0.05446,0.0
1542,0.12155,0.04483,0.0
1543,0.12261,0.03535,0.0
1544,0.12383,0.0261,0.0
1545,0.1254,0.01672,0.0
1546,0.12711,0.00749,0.0
1547,0.12916,-0.00142,0.0
1548,0.1316,-0.01036,0.0
1549,0.13394,-0.01874,0.0
1550,0.1361,-0.02667,0.0
1551,0.13814,-0.03421,0.0
1552,0.13983,-0.04108,0.0
1553,0.14085,-0.04729,0.0
1554,0.14161,-0.05313,0.0
1555,0.142,-0.05895,0.0
1556,0.14215,-0.06434,0.0
1557,0.14248,-0.06972,0.0
1558,0.14328,-0.07548,0.0
1559,0.1445,-0.08135,0.0
1560,0.14615,-0.0869,0.0
1561,0.14812,-0.09263,0.0
1562,0.15022,-0.09805,0.0
1563,0.15211,-0.10276,0.0
1564,0.15387,-0.10718,0.0
1565,0.15508,-0.11125,0.0
1566,0.15556,-0.11449,0.0
1567,0.15564,-0.1171,0.0
1568,0.15561,-0.11952,0.0
1569,0.15551,-0.1221,0.0
1570,0.15562,-0.12495,0.0
1571,0.15605,-0.12773,0.0
1572,0.15769,-0.13274,0.0
1573,0.15769,-0.13274,0.0
1574,0.15825,-0.13493,0.0
1575,0.15874,-0.13681,0.0
1576,0.15926,-0.13827,0.0
1577,0.15978,-0.13946,0.0
1578,0.16027,-0.14047,0.0
1579,0.16075,-0.14132,0.0
1580,0.16118,-0.14197,0.0
1581,0.16157,-0.14246,0.0
1582,0.16197,-0.14279,0.0
1583,0.16232,-0.14307,0.0
1584,0.1627,-0.14326,0.0
1585,0.16302,-0.14334,0.0
1586,0.16328,-0.14331,0.0
1587,0.16361,-0.14324,0.0
1588,0.16397,-0.14318,0.0
1589,0.16436,-0.14317,0.0
1590,0.16475,-0.14306,0.0
1591,0.16558,-0.14285,0.0
1592,0.16606,-0.14276,0.0
1593,0.16656,-0.14273,0.0
1594,0.16689,-0.14261,0.0
1595,0.16726,-0.14246,0.0
1596,0.16751,-0.1423,0.0
1597,0.16779,-0.14223,0.0
1598,0.16813,-0.14225,0.0
1599,0.1685,-0.14229,0.0
1600,0.16883,-0.14225,0.0
1601,0.16918,-0.14222,0.0
1602,0.16953,-0.1422,0.0
1603,0.1699,-0.1422,0.0
1604,0.17019,-0.14219,0.0
1605,0.17043,-0.14219,0.0
1606,0.17059,-0.14221,0.0
1607,0.17065,-0.14224,0.0
1608,0.17066,-0.14227,0.0
1609,0.17064,-0.14229,0.0
1610,0.17058,-0.14233,0.0
1611,0.17052,-0.14238,0.0
1612,0.17047,-0.14242,0.0
1613,0.17042,-0.14249,0.0
1614,0.1704,-0.14252,0.0
1615,0.1704,-0.14258,0.0
1616,0.17039,-0.14262,0.0
1617,0.17038,-0.14266,0.0
1618,0.17038,-0.1427,0.0
1619,0.17035,-0.14272,0.0
1620,0.17032,-0.1428,0.0
1621,0.17027,-0.14283,0.0
1622,0.17021,-0.14285,0.0
1623,0.17005,-0.14294,0.0
1624,0.17005,-0.14308,0.0
1625,0.17072,-0.14324,0.0
1626,0.17243,-0.14334,0.0
1627,0.1754,-0.14341,0.0
1628,0.18012,-0.14324,0.0
1629,0.18678,-0.14281,0.0
1630,0.19454,-0.1419,0.0
1631,0.20323,-0.14119,0.0
1632,0.21251,-0.14078,0.0
1633,0.22174,-0.13983,0.0
1634,0.23075,-0.13879,0.0
1635,0.23918,-0.13827,0.0
1636,0.24645,-0.13763,0.0
1637,0.25262,-0.13688,0.0
1638,0.25802,-0.13635,0.0
1639,0.26252,-0.13595,0.0
1640,0.26669,-0.13539,0.0
1641,0.27123,-0.13471,0.0
1642,0.27669,-0.13423,0.0
1643,0.28339,-0.13363,0.0
1644,0.29122,-0.13309,0.0
1645,0.29993,-0.1322,0.0
1646,0.30918,-0.13107,0.0
1647,0.31841,-0.13009,0.0
1648,0.32723,-0.12927,0.0
1649,0.33569,-0.12834,0.0
1650,0.34959,-0.12689,0.0
1651,0.35563,-0.1266,0.0
1652,0.36132,-0.12602,0.0
1653,0.36694,-0.12554,0.0
1654,0.37283,-0.12495,0.0
1655,0.37994,-0.12396,0.0
1656,0.388,-0.12291,0.0
1657,0.39672,-0.12196,0.0
1658,0.40595,-0.12076,0.0
1659,0.41549,-0.1199,0.0
1660,0.42487,-0.11901,0.0
1661,0.43394,-0.11798,0.0
1662,0.44235,-0.11713,0.0
1663,0.44979,-0.11629,0.0
1664,0.45666,-0.11555,0.0
1665,0.46323,-0.1148,0.0
1666,0.46975,-0.11379,0.0
1667,0.47632,-0.11288,0.0
1668,0.48346,-0.11213,0.0
1669,0.49162,-0.11111,0.0
1670,0.50042,-0.11017,0.0
1671,0.50986,-0.10904,0.0
1672,0.51976,-0.10758,0.0
1673,0.52945,-0.1065,0.0
1674,0.53892,-0.10529,0.0
1675,0.54799,-0.10437,0.0
1676,0.5564,-0.1034,0.0
1677,0.56424,-0.10243,0.0
1678,0.57158,-0.10169,0.0
1679,0.57866,-0.10072,0.0
1680,0.5858,-0.09976,0.0
1681,0.59343,-0.09882,0.0
1682,0.60177,-0.09766,0.0
1683,0.61071,-0.09649,0.0
1684,0.62034,-0.09522,0.0
1685,0.63013,-0.09366,0.0
1686,0.64,-0.09227,0.0
1687,0.64991,-0.09108,0.0
1688,0.65924,-0.08975,0.0
1689,0.66819,-0.08848,0.0
1690,0.67656,-0.08731,0.0
1691,0.68435,-0.086,0.0
1692,0.69213,-0.08492,0.0
1693,0.69978,-0.08406,0.0
1694,0.70749,-0.08283,0.0
1695,0.71569,-0.08158,0.0
1696,0.7242,-0.08069,0.0
1697,0.73335,-0.07934,0.0
1698,0.74288,-0.078,0.0
1699,0.75283,-0.07687,0.0
1700,0.76258,-0.07546,0.0
1701,0.77235,-0.07396,0.0
1702,0.78183,-0.07272,0.0
1703,0.79057,-0.07144,0.0
1704,0.79894,-0.07031,0.0
1705,0.80685,-0.06927,0.0
1706,0.81475,-0.06808,0.0
1707,0.82286,-0.06698,0.0
1708,0.83097,-0.06589,0.0
1709,0.83962,-0.06466,0.0
1710,0.84876,-0.06358,0.0
1711,0.85834,-0.06214,0.0
1712,0.86829,-0.06086,0.0
1713,0.8783,-0.0596,0.0
1714,0.88837,-0.05834,0.0
1715,0.89805,-0.05706,0.0
1716,0.90719,-0.05596,0.0
1717,0.916,-0.0549,0.0
1718,0.93252,-0.05296,0.0
1719,0.94079,-0.05187,0.0
1720,0.94914,-0.05072,0.0
1721,0.95783,-0.04963,0.0
1722,0.96723,-0.0484,0.0
1723,0.9769,-0.04732,0.0
1724,0.98695,-0.04611,0.0
1725,0.99712,-0.04462,0.0
1726,1.00726,-0.04335,0.0
1727,1.01719,-0.04206,0.0
1728,1.02674,-0.04081,0.0
1729,1.04472,-0.03826,0.0
1730,1.05336,-0.0372,0.0
1731,1.06189,-0.0362,0.0
1732,1.07056,-0.03528,0.0
1733,1.07953,-0.03398,0.0
1734,1.08876,-0.0329,0.0
1735,1.0984,-0.03166,0.0
1736,1.10822,-0.03051,0.0
1737,1.11838,-0.02926,0.0
1738,1.12863,-0.02808,0.0
1739,1.13871,-0.02694,0.0
1740,1.14853,-0.02589,0.0
1741,1.15803,-0.02496,0.0
1742,1.16722,-0.02378,0.0
1743,1.17618,-0.02305,0.0
1744,1.18503,-0.0221,0.0
1745,1.19383,-0.02122,0.0
1746,1.20295,-0.02012,0.0
1747,1.21218,-0.019,0.0
1748,1.22169,-0.01808,0.0
1749,1.23125,-0.01738,0.0
1750,1.24047,-0.01642,0.0
1751,1.2493,-0.01536,0.0
1752,1.25703,-0.0144,0.0
1753,1.26359,-0.0136,0.0
1754,1.2695,-0.01292,0.0
1755,1.27475,-0.01258,0.0
1756,1.27929,-0.01216,0.0
1757,1.2837,-0.0118,0.0
1758,1.28845,-0.01121,0.0
1759,1.29385,-0.01072,0.0
1760,1.2997,-0.01017,0.0
1761,1.30587,-0.00957,0.0
1762,1.31232,-0.00884,0.0
1763,1.31869,-0.00814,0.0
1764,1.32452,-0.00777,0.0
1765,1.32931,-0.00738,0.0
1766,1.33304,-0.00689,0.0
1767,1.33607,-0.00643,0.0
1768,1.33824,-0.006,0.0
1769,1.34031,-0.00557,0.0
1770,1.34232,-0.00527,0.0
1771,1.34443,-0.00514,0.0
1772,1.34659,-0.00498,0.0
1773,1.34872,-0.00471,0.0
1774,1.35071,-0.00431,0.0
1775,1.3526,-0.00392,0.0
1776,1.35447,-0.00354,0.0
1777,1.35636,-0.00335,0.0
1778,1.35823,-0.00325,0.0
1779,1.36007,-0.00321,0.0
1780,1.36185,-0.00309,0.0
1781,1.36535,-0.00311,0.0
1782,1.36715,-0.00315,0.0
1783,1.36715,-0.00315,0.0
1784,1.37067,-0.00299,0.0
1785,1.37231,-0.00298,0.0
1786,1.37377,-0.00305,0.0
1787,1.37511,-0.00298,0.0
1788,1.37622,-0.00269,0.0
1789,1.37723,-0.00235,0.0
1790,1.37811,-0.00208,0.0
1791,1.37887,-0.00193,0.0
1792,1.37957,-0.00172,0.0
1793,1.38025,-0.00154,0.0
1794,1.38097,-0.00147,0.0
1795,1.38167,-0.0014,0.0
1796,1.38228,-0.00135,0.0
1797,1.38287,-0.00138,0.0
1798,1.38343,-0.00136,0.0
1799,1.38397,-0.00142,0.0
1800,1.38454,-0.00149,0.0
1801,1.38507,-0.00152,0.0
1802,1.38562,-0.00151,0.0
1803,1.38613,-0.00147,0.0
1804,1.3866,-0.00148,0.0
1805,1.3871,-0.0015,0.0
1806,1.38756,-0.00152,0.0
1807,1.38801,-0.00151,0.0
1808,1.38829,-0.00131,0.0
1809,1.38856,-0.00116,0.0
1810,1.38885,-0.00103,0.0
1811,1.38908,-0.00096,0.0
1812,1.3893,-0.0009,0.0
1813,1.3894,-0.00086,0.0
1814,1.38947,-0.00084,0.0
1815,1.3895,-0.00083,0.0
1816,1.38953,-0.00081,0.0
1817,1.38956,-0.00076,0.0
1818,1.3896,-0.00072,0.0
1819,1.38966,-0.00068,0.0
1820,1.38973,-0.00064,0.0
1821,1.38985,-0.00034,0.0
1822,1.39029,0.00244,0.0
1823,1.39029,0.00244,0.0
1824,1.39052,0.01044,0.0
1825,1.39006,0.01772,0.0
1826,1.38958,0.02665,0.0
1827,1.38903,0.03666,0.0
1828,1.38783,0.04725,0.0
1829,1.38656,0.05734,0.0
1830,1.38521,0.06688,0.0
1831,1.38398,0.07551,0.0
1832,1.38285,0.08328,0.0
1833,1.38198,0.09032,0.0
1834,1.38146,0.09662,0.0
1835,1.3813,0.10254,0.0
1836,1.38083,0.10811,0.0
1837,1.38038,0.11372,0.0
1838,1.37982,0.11988,0.0
1839,1.37894,0.12674,0.0
1840,1.37783,0.13426,0.0
1841,1.37637,0.14224,0.0
1842,1.37469,0.15049,0.0
1843,1.37311,0.15921,0.0
1844,1.37134,0.16764,0.0
1845,1.37002,0.17559,0.0
1846,1.36914,0.1834,0.0
1847,1.36804,0.19034,0.0
1848,1.36706,0.1972,0.0
1849,1.36658,0.20421,0.0
1850,1.366,0.21086,0.0
1851,1.36492,0.21753,0.0
1852,1.36409,0.22511,0.0
1853,1.36324,0.23351,0.0
1854,1.36163,0.24196,0.0
1855,1.35992,0.25069,0.0
1856,1.35831,0.25988,0.0
1857,1.35644,0.26839,0.0
1858,1.35459,0.27677,0.0
1859,1.35323,0.28504,0.0
1860,1.35196,0.29282,0.0
1861,1.35079,0.30051,0.0
1862,1.34976,0.30813,0.0
1863,1.34869,0.31562,0.0
1864,1.34773,0.32363,0.0
1865,1.34669,0.33177,0.0
1866,1.34549,0.34014,0.0
1867,1.34435,0.34878,0.0
1868,1.34109,0.36659,0.0
1869,1.33964,0.37542,0.0
1870,1.33779,0.38406,0.0
1871,1.33624,0.39263,0.0
1872,1.33481,0.40111,0.0
1873,1.33343,0.40926,0.0
1874,1.33218,0.41744,0.0
1875,1.33115,0.42555,0.0
1876,1.33012,0.43359,0.0
1877,1.32886,0.44195,0.0
1878,1.32764,0.45042,0.0
1879,1.32604,0.45908,0.0
1880,1.32433,0.46811,0.0
1881,1.32282,0.47721,0.0
1882,1.32099,0.48624,0.0
1883,1.31924,0.49506,0.0
1884,1.31772,0.50414,0.0
1885,1.31616,0.51285,0.0
1886,1.31456,0.52143,0.0
1887,1.31307,0.53024,0.0
1888,1.31184,0.53874,0.0
1889,1.31034,0.54721,0.0
1890,1.30898,0.55571,0.0
1891,1.3077,0.56452,0.0
1892,1.30626,0.57354,0.0
1893,1.30497,0.58265,0.0
1894,1.30355,0.59177,0.0
1895,1.30217,0.60103,0.0
1896,1.30066,0.61047,0.0
1897,1.29928,0.61974,0.0
1898,1.2978,0.62892,0.0
1899,1.29618,0.63789,0.0
1900,1.29484,0.64696,0.0
1901,1.29346,0.65606,0.0
1902,1.29215,0.66487,0.0
1903,1.29097,0.67381,0.0
1904,1.28963,0.68253,0.0
1905,1.28698,0.70105,0.0
1906,1.28549,0.71025,0.0
1907,1.28549,0.71025,0.0
1908,1.28268,0.72889,0.0
1909,1.28112,0.73821,0.0
1910,1.27971,0.74756,0.0
1911,1.27808,0.75645,0.0
1912,1.27808,0.75645,0.0
1913,1.27506,0.77477,0.0
1914,1.27362,0.7836,0.0
1915,1.27232,0.79269,0.0
1916,1.27088,0.80195,0.0
1917,1.26975,0.81111,0.0
1918,1.26836,0.82053,0.0
1919,1.26718,0.83015,0.0
1920,1.26589,0.8397,0.0
1921,1.26444,0.84917,0.0
1922,1.26327,0.85874,0.0
1923,1.26202,0.86811,0.0
1924,1.26062,0.87724,0.0
1925,1.2593,0.88676,0.0
1926,1.25807,0.89598,0.0
1927,1.2569,0.90532,0.0
1928,1.25579,0.91462,0.0
1929,1.25463,0.92381,0.0
1930,1.25362,0.93314,0.0
1931,1.25268,0.94268,0.0
1932,1.25165,0.95236,0.0
1933,1.25066,0.96188,0.0
1934,1.24969,0.9717,0.0
1935,1.24882,0.98143,0.0
1936,1.24801,0.99116,0.0
1937,1.24711,1.00048,0.0
1938,1.24648,1.00978,0.0
1939,1.24576,1.01907,0.0
1940,1.24486,1.02824,0.0
1941,1.24434,1.0377,0.0
1942,1.24363,1.04697,0.0
1943,1.24302,1.05612,0.0
1944,1.24248,1.06495,0.0
1945,1.24175,1.0729,0.0
1946,1.24127,1.08041,0.0
1947,1.24075,1.08721,0.0
1948,1.24004,1.09314,0.0
1949,1.23936,1.0985,0.0
1950,1.23888,1.10386,0.0
1951,1.23832,1.10936,0.0
1952,1.23795,1.1148,0.0
1953,1.23746,1.12022,0.0
1954,1.23726,1.12637,0.0
1955,1.23705,1.13273,0.0
1956,1.23687,1.13866,0.0
1957,1.23683,1.14441,0.0
1958,1.23679,1.14962,0.0
1959,1.23656,1.15426,0.0
1960,1.23635,1.15802,0.0
1961,1.23611,1.16091,0.0
1962,1.23596,1.16334,0.0
1963,1.23575,1.16537,0.0
1964,1.23554,1.16719,0.0
1965,1.23542,1.16873,0.0
1966,1.23545,1.17009,0.0
1967,1.23578,1.17257,0.0
1968,1.23603,1.17344,0.0
1969,1.23643,1.17393,0.0
1970,1.2367,1.17398,0.0
1971,1.23696,1.17381,0.0
1972,1.23716,1.17369,0.0
1973,1.23734,1.17368,0.0
1974,1.23757,1.17376,0.0
1975,1.23781,1.17383,0.0
1976,1.23827,1.17392,0.0
1977,1.23842,1.17394,0.0
1978,1.23849,1.17396,0.0
1979,1.2385,1.17391,0.0
1980,1.2385,1.17391,0.0
1981,1.23835,1.17405,0.0
1982,1.23817,1.17409,0.0
1983,1.23798,1.17409,0.0
1984,1.23778,1.17412,0.0
1985,1.23765,1.17417,0.0
1986,1.23755,1.17423,0.0
1987,1.23743,1.17425,0.0
1988,1.23737,1.17423,0.0
1989,1.23733,1.17425,0.0
1990,1.23735,1.17429,0.0
1991,1.2374,1.17429,0.0
1992,1.23751,1.17432,0.0
1993,1.23761,1.17431,0.0
1994,1.23775,1.1743,0.0
1995,1.23788,1.17431,0.0
1996,1.23794,1.17427,0.0
1997,1.23794,1.1742,0.0
1998,1.23795,1.17415,0.0
1999,1.23792,1.17414,0.0
2000,1.23789,1.17414,0.0
2001,1.23787,1.17417,0.0
2002,1.23786,1.1742,0.0
2003,1.23785,1.17423,0.0
2004,1.23787,1.17423,0.0
2005,1.23787,1.17426,0.0
2006,1.23788,1.17429,0.0
2007,1.23787,1.17432,0.0
2008,1.23784,1.1744,0.0
2009,1.23784,1.1744,0.0
2010,1.23778,1.17446,0.0
2011,1.23778,1.17446,0.0
2012,1.23768,1.17452,0.0
2013,1.23765,1.17455,0.0
2014,1.23757,1.17462,0.0
2015,1.23709,1.17468,0.0
2016,1.23567,1.17455,0.0
2017,1.23294,1.17427,0.0
2018,1.22879,1.17401,0.0
2019,1.22279,1.17362,0.0
2020,1.21513,1.17318,0.0
2021,1.20659,1.17226,0.0
2022,1.19761,1.17124,0.0
2023,1.18837,1.17036,0.0
2024,1.17912,1.16928,0.0
2025,1.17012,1.16753,0.0
2026,1.16171,1.16638,0.0
2027,1.15447,1.16556,0.0
2028,1.14789,1.16439,0.0
2029,1.142,1.16381,0.0
2030,1.13641,1.16377,0.0
2031,1.13083,1.16318,0.0
2032,1.12477,1.1621,0.0
2033,1.11803,1.16162,0.0
2034,1.11057,1.161,0.0
2035,1.10206,1.15985,0.0
2036,1.09293,1.15827,0.0
2037,1.08352,1.15701,0.0
2038,1.07403,1.15601,0.0
2039,1.06493,1.15428,0.0
2040,1.05632,1.15318,0.0
2041,1.04124,1.15146,0.0
2042,1.03449,1.15064,0.0
2043,1.03449,1.15064,0.0
2044,1.0213,1.14912,0.0
2045,1.0213,1.14912,0.0
2046,1.00604,1.14731,0.0
2047,0.99743,1.14612,0.0
2048,0.98811,1.14455,0.0
2049,0.97832,1.14314,0.0
2050,0.96844,1.14209,0.0
2051,0.95868,1.14043,0.0
2052,0.94925,1.13926,0.0
2053,0.94033,1.13848,0.0
2054,0.93197,1.13705,0.0
2055,0.92413,1.13634,0.0
2056,0.91671,1.1356,0.0
2057,0.90939,1.13422,0.0
2058,0.90182,1.13358,0.0
2059,0.89366,1.13271,0.0
2060,0.88468,1.13109,0.0
2061,0.87495,1.12993,0.0
2062,0.86478,1.12875,0.0
2063,0.84389,1.12516,0.0
2064,0.84389,1.12516,0.0
2065,0.82455,1.12262,0.0
2066,0.81563,1.12155,0.0
2067,0.80726,1.12071,0.0
2068,0.79915,1.11979,0.0
2069,0.79121,1.1194,0.0
2070,0.7832,1.11828,0.0
2071,0.77469,1.11708,0.0
2072,0.76566,1.11643,0.0
2073,0.75613,1.11501,0.0
2074,0.74602,1.1135,0.0
2075,0.73562,1.11234,0.0
2076,0.72515,1.11107,0.0
2077,0.71482,1.10957,0.0
2078,0.7049,1.10822,0.0
2079,0.69531,1.10737,0.0
2080,0.68626,1.10627,0.0
2081,0.67758,1.10505,0.0
2082,0.66908,1.10384,0.0
2083,0.65176,1.10167,0.0
2084,0.6425,1.1003,0.0
2085,0.63272,1.09964,0.0
2086,0.62246,1.09822,0.0
2087,0.61206,1.09704,0.0
2088,0.60151,1.09575,0.0
2089,0.59097,1.09423,0.0
2090,0.58069,1.09271,0.0
2091,0.57059,1.09132,0.0
2092,0.56094,1.09018,0.0
2093,0.55172,1.08872,0.0
2094,0.54267,1.08734,0.0
2095,0.53384,1.08619,0.0
2096,0.52506,1.08506,0.0
2097,0.51581,1.08346,0.0
2098,0.50636,1.0824,0.0
2099,0.49631,1.08106,0.0
2100,0.48594,1.07932,0.0
2101,0.47526,1.07807,0.0
2102,0.46472,1.07645,0.0
2103,0.4543,1.07474,0.0
2104,0.44402,1.07303,0.0
2105,0.43413,1.07166,0.0
2106,0.42461,1.07018,0.0
2107,0.40602,1.06748,0.0
2108,0.39689,1.06622,0.0
2109,0.38746,1.06463,0.0
2110,0.3778,1.06333,0.0
2111,0.36777,1.0619,0.0
2112,0.35745,1.06011,0.0
2113,0.34687,1.0585,0.0
2114,0.33614,1.05704,0.0
2115,0.32557,1.05547,0.0
2116,0.31496,1.05392,0.0
2117,0.30475,1.05229,0.0
2118,0.29473,1.05079,0.0
2119,0.28512,1.04903,0.0
2120,0.27557,1.04754,0.0
2121,0.26613,1.04592,0.0
2122,0.25657,1.04421,0.0
2123,0.24675,1.04286,0.0
2124,0.23662,1.041,0.0
2125,0.22617,1.0393,0.0
2126,0.21553,1.03773,0.0
2127,0.20479,1.03632,0.0
2128,0.19413,1.03448,0.0
2129,0.18359,1.03299,0.0
2130,0.17375,1.03163,0.0
2131,0.15713,1.02898,0.0
2132,0.1507,1.02805,0.0
2133,0.14483,1.02705,0.0
2134,0.13953,1.02592,0.0
2135,0.13449,1.02537,0.0
2136,0.12955,1.02441,0.0
2137,0.12414,1.0232,0.0
2138,0.11803,1.02228,0.0
2139,0.11163,1.02125,0.0
2140,0.10479,1.02024,0.0
2141,0.09799,1.01916,0.0
2142,0.09131,1.01804,0.0
2143,0.08538,1.01685,0.0
2144,0.08055,1.01599,0.0
2145,0.0769,1.01534,0.0
2146,0.0741,1.01494,0.0
2147,0.07203,1.01462,0.0
2148,0.07,1.01433,0.0
2149,0.06818,1.01406,0.0
2150,0.06653,1.01387,0.0
2151,0.06503,1.01371,0.0
2152,0.06353,1.01374,0.0
2153,0.06213,1.01365,0.0
2154,0.06074,1.01344,0.0
2155,0.05943,1.01327,0.0
2156,0.05812,1.01316,0.0
2157,0.05674,1.01306,0.0
2158,0.05526,1.01285,0.0
2159,0.0537,1.01267,0.0
2160,0.05208,1.01246,0.0
2161,0.0505,1.01222,0.0
2162,0.04905,1.01194,0.0
2163,0.04781,1.01171,0.0
2164,0.04674,1.01143,0.0
2165,0.04502,1.01085,0.0
2166,0.0443,1.01064,0.0
2167,0.04368,1.01049,0.0
2168,0.04368,1.01049,0.0
2169,0.04283,1.01022,0.0
2170,0.04267,1.01021,0.0
2171,0.04265,1.01021,0.0
2172,0.04277,1.01027,0.0
2173,0.04305,1.01041,0.0
2174,0.0434,1.01062,0.0
2175,0.04394,1.01074,0.0
2176,0.04448,1.01082,0.0
2177,0.04508,1.01091,0.0
2178,0.04568,1.01101,0.0
2179,0.04634,1.01108,0.0
2180,0.04704,1.01115,0.0
2181,0.0477,1.011,0.0
2182,0.04837,1.0109,0.0
2183,0.04906,1.01089,0.0
2184,0.04986,1.0109,0.0
2185,0.05074,1.01093,0.0
2186,0.05169,1.01111,0.0
2187,0.05265,1.01124,0.0
2188,0.05347,1.01138,0.0
2189,0.0543,1.01131,0.0
2190,0.05504,1.01148,0.0
2191,0.05579,1.0117,0.0
2192,0.05579,1.0117,0.0
2193,0.05571,1.01187,0.0
2194,0.05544,1.01195,0.0
2195,0.05511,1.01193,0.0
2196,0.05467,1.01196,0.0
2197,0.05413,1.01188,0.0
2198,0.05357,1.0118,0.0
2199,0.05304,1.01154,0.0
2200,0.0528,1.01089,0.0
2201,0.05305,1.00948,0.0
2202,0.05408,1.00659,0.0
2203,0.05616,1.00158,0.0
2204,0.05843,0.99498,0.0
2205,0.0608,0.98607,0.0
2206,0.06232,0.97703,0.0
2207,0.0637,0.96765,0.0
2208,0.06482,0.95761,0.0
2209,0.06604,0.94778,0.0
2210,0.06733,0.93808,0.0
2211,0.06877,0.92859,0.0
2212,0.07017,0.9198,0.0
2213,0.07163,0.91213,0.0
2214,0.07317,0.90527,0.0
2215,0.07465,0.89896,0.0
2216,0.07597,0.89307,0.0
2217,0.0769,0.88708,0.0
2218,0.07757,0.88039,0.0
2219,0.07819,0.87295,0.0
2220,0.07876,0.8644,0.0
2221,0.07925,0.8555,0.0
2222,0.07974,0.84611,0.0
2223,0.08043,0.83649,0.0
2224,0.08131,0.82713,0.0
2225,0.0825,0.81786,0.0
2226,0.08379,0.80952,0.0
2227,0.08513,0.80196,0.0
2228,0.08662,0.79426,0.0
2229,0.0881,0.78696,0.0
2230,0.08925,0.77993,0.0
2231,0.09021,0.77202,0.0
2232,0.09112,0.76378,0.0
2233,0.09182,0.7549,0.0
2234,0.09251,0.74534,0.0
2235,0.09416,0.72571,0.0
2236,0.09503,0.71574,0.0
2237,0.09606,0.70585,0.0
2238,0.09725,0.69673,0.0
2239,0.09853,0.68747,0.0
2240,0.09993,0.67884,0.0
2241,0.10115,0.67045,0.0
2242,0.1024,0.66162,0.0
2243,0.10383,0.65299,0.0
2244,0.10496,0.6441,0.0
2245,0.10612,0.63458,0.0
2246,0.10709,0.62511,0.0
2247,0.10799,0.61504,0.0
2248,0.10901,0.60484,0.0
2249,0.11,0.59472,0.0
2250,0.11109,0.58437,0.0
2251,0.11217,0.57434,0.0
2252,0.11349,0.56479,0.0
2253,0.11476,0.55528,0.0
2254,0.11615,0.54593,0.0
2255,0.11753,0.53694,0.0
2256,0.11883,0.52778,0.0
2257,0.12019,0.5187,0.0
2258,0.1217,0.50899,0.0
2259,0.12297,0.49916,0.0
2260,0.12405,0.48932,0.0
2261,0.12514,0.47878,0.0
2262,0.12619,0.46856,0.0
2263,0.12721,0.45833,0.0
2264,0.12831,0.44822,0.0
2265,0.13096,0.42894,0.0
2266,0.13247,0.41947,0.0
2267,0.13397,0.40999,0.0
2268,0.13539,0.40009,0.0
2269,0.13683,0.39031,0.0
2270,0.13823,0.38042,0.0
2271,0.13954,0.37031,0.0
2272,0.14091,0.36015,0.0
2273,0.1423,0.34965,0.0
2274,0.14364,0.3396,0.0
2275,0.14487,0.32949,0.0
2276,0.14617,0.31933,0.0
2277,0.14753,0.3095,0.0
2278,0.1491,0.29963,0.0
2279,0.15059,0.28993,0.0
2280,0.15224,0.27985,0.0
2281,0.15382,0.26997,0.0
2282,0.15536,0.25993,0.0
2283,0.15705,0.24971,0.0
2284,0.15875,0.23943,0.0
2285,0.1602,0.22922,0.0
2286,0.16165,0.21878,0.0
2287,0.16289,0.2086,0.0
2288,0.16438,0.19828,0.0
2289,0.16573,0.18779,0.0
2290,0.16733,0.17751,0.0
2291,0.17048,0.15733,0.0
2292,0.17222,0.14707,0.0
2293,0.17391,0.13694,0.0
2294,0.17391,0.13694,0.0
2295,0.17724,0.11628,0.0
2296,0.17884,0.10605,0.0
2297,0.17884,0.10605,0.0
2298,0.18218,0.08516,0.0
2299,0.18362,0.07455,0.0
2300,0.18679,0.05364,0.0
2301,0.18844,0.0432,0.0
2302,0.19012,0.0329,0.0
2303,0.19178,0.02268,0.0
2304,0.19341,0.01222,0.0
2305,0.19491,0.00175,0.0
2306,0.19644,-0.00868,0.0
2307,0.1981,-0.01895,0.0
2308,0.19969,-0.02948,0.0
2309,0.20113,-0.03974,0.0
2310,0.20251,-0.04977,0.0
2311,0.20374,-0.0595,0.0
2312,0.20503,-0.06817,0.0
2313,0.20615,-0.07565,0.0
2314,0.20718,-0.08256,0.0
2315,0.20831,-0.08843,0.0
2316,0.21032,-0.09947,0.0
2317,0.2112,-0.1055,0.0
2318,0.21196,-0.11125,0.0
2319,0.21276,-0.11735,0.0
2320,0.21361,-0.12421,0.0
2321,0.21433,-0.13121,0.0
2322,0.21472,-0.13773,0.0
2323,0.21517,-0.14376,0.0
2324,0.21569,-0.14914,0.0
2325,0.21625,-0.15351,0.0
2326,0.21669,-0.15666,0.0
2327,0.21708,-0.15876,0.0
2328,0.2173,-0.16059,0.0
2329,0.21747,-0.16209,0.0
2330,0.21765,-0.1634,0.0
2331,0.21793,-0.1648,0.0
2332,0.21816,-0.16609,0.0
2333,0.21841,-0.16727,0.0
2334,0.21868,-0.16839,0.0
2335,0.21899,-0.16916,0.0
2336,0.21918,-0.16963,0.0
2337,0.21949,-0.17001,0.0
2338,0.21973,-0.1702,0.0
2339,0.22003,-0.17037,0.0
2340,0.22033,-0.17056,0.0
2341,0.22065,-0.17069,0.0
2342,0.22102,-0.1708,0.0
2343,0.22147,-0.17091,0.0
2344,0.22202,-0.17099,0.0
2345,0.2225,-0.17101,0.0
2346,0.22302,-0.17101,0.0
2347,0.22357,-0.171,0.0
2348,0.22479,-0.17087,0.0
2349,0.22544,-0.17082,0.0
2350,0.22611,-0.17075,0.0
2351,0.22684,-0.17071,0.0
2352,0.22762,-0.17064,0.0
2353,0.22842,-0.17054,0.0
2354,0.22918,-0.17044,0.0
2355,0.22999,-0.17034,0.0
2356,0.2308,-0.17024,0.0
2357,0.23161,-0.17026,0.0
2358,0.23237,-0.1703,0.0
2359,0.23311,-0.17033,0.0
2360,0.23383,-0.1703,0.0
2361,0.23452,-0.17026,0.0
2362,0.23524,-0.17026,0.0
2363,0.23585,-0.17018,0.0
2364,0.23625,-0.1701,0.0
2365,0.23643,-0.1701,0.0
2366,0.23645,-0.17018,0.0
2367,0.23619,-0.1702,0.0
2368,0.23577,-0.17023,0.0
2369,0.23525,-0.17028,0.0
2370,0.23465,-0.17037,0.0
2371,0.23405,-0.17046,0.0
2372,0.23355,-0.17054,0.0
2373,0.23311,-0.17061,0.0
2374,0.23278,-0.17065,0.0
